[       3ms] [LOG] [Fast Refresh] done in 49ms @ webpack-internal:///(app-pages-browser)/../../node_modules/.pnpm/next@15.5.18_@babel+core@7.29.7_react-dom@19.2.6_react@19.2.6__react@19.2.6/node_modules/next/dist/client/dev/report-hmr-latency.js:13
[       4ms] [LOG] [Fast Refresh] rebuilding @ webpack-internal:///(app-pages-browser)/../../node_modules/.pnpm/next@15.5.18_@babel+core@7.29.7_react-dom@19.2.6_react@19.2.6__react@19.2.6/node_modules/next/dist/client/dev/hot-reloader/app/hot-reloader-app.js:196
[      60ms] [LOG] [Fast Refresh] rebuilding @ webpack-internal:///(app-pages-browser)/../../node_modules/.pnpm/next@15.5.18_@babel+core@7.29.7_react-dom@19.2.6_react@19.2.6__react@19.2.6/node_modules/next/dist/client/dev/hot-reloader/app/hot-reloader-app.js:196
[      65ms] [LOG] [Fast Refresh] done in 4ms @ webpack-internal:///(app-pages-browser)/../../node_modules/.pnpm/next@15.5.18_@babel+core@7.29.7_react-dom@19.2.6_react@19.2.6__react@19.2.6/node_modules/next/dist/client/dev/report-hmr-latency.js:13
[     270ms] Invalid or unexpected token
[     465ms] [INFO] %cDownload the React DevTools for a better development experience: https://react.dev/link/react-devtools font-weight:bold @ webpack-internal:///(app-pages-browser)/../../node_modules/.pnpm/next@15.5.18_@babel+core@7.29.7_react-dom@19.2.6_react@19.2.6__react@19.2.6/node_modules/next/dist/compiled/react-dom/cjs/react-dom-client.development.js:25630
[  120518ms] ChunkLoadError: Loading chunk app/layout failed.
(timeout: http://localhost:3000/_next/static/chunks/app/layout.js)
    at __webpack_require__.f.j (http://localhost:3000/_next/static/chunks/webpack.js?v=1780427816870:838:29)
    at http://localhost:3000/_next/static/chunks/webpack.js?v=1780427816870:145:40
    at Array.reduce (<anonymous>)
    at __webpack_require__.e (http://localhost:3000/_next/static/chunks/webpack.js?v=1780427816870:144:67)
    at fn.e (http://localhost:3000/_next/static/chunks/webpack.js?v=1780427816870:369:50)
    at loadChunk (webpack-internal:///(app-pages-browser)/../../node_modules/.pnpm/next@15.5.18_@babel+core@7.29.7_react-dom@19.2.6_react@19.2.6__react@19.2.6/node_modules/next/dist/compiled/react-server-dom-webpack/cjs/react-server-dom-webpack-client.browser.development.js:113:34)
    at preloadModule (webpack-internal:///(app-pages-browser)/../../node_modules/.pnpm/next@15.5.18_@babel+core@7.29.7_react-dom@19.2.6_react@19.2.6__react@19.2.6/node_modules/next/dist/compiled/react-server-dom-webpack/cjs/react-server-dom-webpack-client.browser.development.js:82:31)
    at resolveModule (webpack-internal:///(app-pages-browser)/../../node_modules/.pnpm/next@15.5.18_@babel+core@7.29.7_react-dom@19.2.6_react@19.2.6__react@19.2.6/node_modules/next/dist/compiled/react-server-dom-webpack/cjs/react-server-dom-webpack-client.browser.development.js:2130:20)
    at processFullStringRow (webpack-internal:///(app-pages-browser)/../../node_modules/.pnpm/next@15.5.18_@babel+core@7.29.7_react-dom@19.2.6_react@19.2.6__react@19.2.6/node_modules/next/dist/compiled/react-server-dom-webpack/cjs/react-server-dom-webpack-client.browser.development.js:2830:11)
    at processFullBinaryRow (webpack-internal:///(app-pages-browser)/../../node_modules/.pnpm/next@15.5.18_@babel+core@7.29.7_react-dom@19.2.6_react@19.2.6__react@19.2.6/node_modules/next/dist/compiled/react-server-dom-webpack/cjs/react-server-dom-webpack-client.browser.development.js:2825:7)
    at processBinaryChunk (webpack-internal:///(app-pages-browser)/../../node_modules/.pnpm/next@15.5.18_@babel+core@7.29.7_react-dom@19.2.6_react@19.2.6__react@19.2.6/node_modules/next/dist/compiled/react-server-dom-webpack/cjs/react-server-dom-webpack-client.browser.development.js:3028:15)
    at progress (webpack-internal:///(app-pages-browser)/../../node_modules/.pnpm/next@15.5.18_@babel+core@7.29.7_react-dom@19.2.6_react@19.2.6__react@19.2.6/node_modules/next/dist/compiled/react-server-dom-webpack/cjs/react-server-dom-webpack-client.browser.development.js:3294:13)
[  120537ms] [LOG] [Fast Refresh] rebuilding @ webpack-internal:///(app-pages-browser)/../../node_modules/.pnpm/next@15.5.18_@babel+core@7.29.7_react-dom@19.2.6_react@19.2.6__react@19.2.6/node_modules/next/dist/client/dev/hot-reloader/app/hot-reloader-app.js:196
[  120612ms] [LOG] [Fast Refresh] rebuilding @ webpack-internal:///(app-pages-browser)/../../node_modules/.pnpm/next@15.5.18_@babel+core@7.29.7_react-dom@19.2.6_react@19.2.6__react@19.2.6/node_modules/next/dist/client/dev/hot-reloader/app/hot-reloader-app.js:196
[  120617ms] [WARNING] [Fast Refresh] performing full reload because your application had an unrecoverable error @ webpack-internal:///(app-pages-browser)/../../node_modules/.pnpm/next@15.5.18_@babel+core@7.29.7_react-dom@19.2.6_react@19.2.6__react@19.2.6/node_modules/next/dist/client/dev/hot-reloader/app/hot-reloader-app.js:113
[  120704ms] [LOG] [Fast Refresh] rebuilding @ webpack-internal:///(app-pages-browser)/../../node_modules/.pnpm/next@15.5.18_@babel+core@7.29.7_react-dom@19.2.6_react@19.2.6__react@19.2.6/node_modules/next/dist/client/dev/hot-reloader/app/hot-reloader-app.js:196
[  120799ms] [WARNING] [Fast Refresh] performing full reload because your application had an unrecoverable error @ webpack-internal:///(app-pages-browser)/../../node_modules/.pnpm/next@15.5.18_@babel+core@7.29.7_react-dom@19.2.6_react@19.2.6__react@19.2.6/node_modules/next/dist/client/dev/hot-reloader/app/hot-reloader-app.js:113
[  121173ms] [INFO] %cDownload the React DevTools for a better development experience: https://react.dev/link/react-devtools font-weight:bold @ webpack-internal:///(app-pages-browser)/../../node_modules/.pnpm/next@15.5.18_@babel+core@7.29.7_react-dom@19.2.6_react@19.2.6__react@19.2.6/node_modules/next/dist/compiled/react-dom/cjs/react-dom-client.development.js:25630
[  254986ms] [LOG] [Fast Refresh] rebuilding @ webpack-internal:///(app-pages-browser)/../../node_modules/.pnpm/next@15.5.18_@babel+core@7.29.7_react-dom@19.2.6_react@19.2.6__react@19.2.6/node_modules/next/dist/client/dev/hot-reloader/app/hot-reloader-app.js:196
[  255210ms] [LOG] [Fast Refresh] rebuilding @ webpack-internal:///(app-pages-browser)/../../node_modules/.pnpm/next@15.5.18_@babel+core@7.29.7_react-dom@19.2.6_react@19.2.6__react@19.2.6/node_modules/next/dist/client/dev/hot-reloader/app/hot-reloader-app.js:196
[  255276ms] [LOG] [Fast Refresh] done in 65ms @ webpack-internal:///(app-pages-browser)/../../node_modules/.pnpm/next@15.5.18_@babel+core@7.29.7_react-dom@19.2.6_react@19.2.6__react@19.2.6/node_modules/next/dist/client/dev/report-hmr-latency.js:13
[  255278ms] [LOG] [Fast Refresh] rebuilding @ webpack-internal:///(app-pages-browser)/../../node_modules/.pnpm/next@15.5.18_@babel+core@7.29.7_react-dom@19.2.6_react@19.2.6__react@19.2.6/node_modules/next/dist/client/dev/hot-reloader/app/hot-reloader-app.js:196
[  255340ms] [LOG] [Fast Refresh] done in 63ms @ webpack-internal:///(app-pages-browser)/../../node_modules/.pnpm/next@15.5.18_@babel+core@7.29.7_react-dom@19.2.6_react@19.2.6__react@19.2.6/node_modules/next/dist/client/dev/report-hmr-latency.js:13
[  255343ms] [LOG] [Fast Refresh] rebuilding @ webpack-internal:///(app-pages-browser)/../../node_modules/.pnpm/next@15.5.18_@babel+core@7.29.7_react-dom@19.2.6_react@19.2.6__react@19.2.6/node_modules/next/dist/client/dev/hot-reloader/app/hot-reloader-app.js:196
[  255352ms] [LOG] [Fast Refresh] done in 9ms @ webpack-internal:///(app-pages-browser)/../../node_modules/.pnpm/next@15.5.18_@babel+core@7.29.7_react-dom@19.2.6_react@19.2.6__react@19.2.6/node_modules/next/dist/client/dev/report-hmr-latency.js:13
[  255411ms] [LOG] [Fast Refresh] rebuilding @ webpack-internal:///(app-pages-browser)/../../node_modules/.pnpm/next@15.5.18_@babel+core@7.29.7_react-dom@19.2.6_react@19.2.6__react@19.2.6/node_modules/next/dist/client/dev/hot-reloader/app/hot-reloader-app.js:196
[  255416ms] [LOG] [Fast Refresh] done in 5ms @ webpack-internal:///(app-pages-browser)/../../node_modules/.pnpm/next@15.5.18_@babel+core@7.29.7_react-dom@19.2.6_react@19.2.6__react@19.2.6/node_modules/next/dist/client/dev/report-hmr-latency.js:13
[  255474ms] [LOG] [Fast Refresh] rebuilding @ webpack-internal:///(app-pages-browser)/../../node_modules/.pnpm/next@15.5.18_@babel+core@7.29.7_react-dom@19.2.6_react@19.2.6__react@19.2.6/node_modules/next/dist/client/dev/hot-reloader/app/hot-reloader-app.js:196
[  255478ms] [LOG] [Fast Refresh] done in 5ms @ webpack-internal:///(app-pages-browser)/../../node_modules/.pnpm/next@15.5.18_@babel+core@7.29.7_react-dom@19.2.6_react@19.2.6__react@19.2.6/node_modules/next/dist/client/dev/report-hmr-latency.js:13
[  255533ms] [LOG] [Fast Refresh] rebuilding @ webpack-internal:///(app-pages-browser)/../../node_modules/.pnpm/next@15.5.18_@babel+core@7.29.7_react-dom@19.2.6_react@19.2.6__react@19.2.6/node_modules/next/dist/client/dev/hot-reloader/app/hot-reloader-app.js:196
[  255537ms] [LOG] [Fast Refresh] done in 4ms @ webpack-internal:///(app-pages-browser)/../../node_modules/.pnpm/next@15.5.18_@babel+core@7.29.7_react-dom@19.2.6_react@19.2.6__react@19.2.6/node_modules/next/dist/client/dev/report-hmr-latency.js:13
[  255604ms] [LOG] [Fast Refresh] rebuilding @ webpack-internal:///(app-pages-browser)/../../node_modules/.pnpm/next@15.5.18_@babel+core@7.29.7_react-dom@19.2.6_react@19.2.6__react@19.2.6/node_modules/next/dist/client/dev/hot-reloader/app/hot-reloader-app.js:196
[  255606ms] [LOG] [Fast Refresh] done in 2ms @ webpack-internal:///(app-pages-browser)/../../node_modules/.pnpm/next@15.5.18_@babel+core@7.29.7_react-dom@19.2.6_react@19.2.6__react@19.2.6/node_modules/next/dist/client/dev/report-hmr-latency.js:13
[  255661ms] [LOG] [Fast Refresh] rebuilding @ webpack-internal:///(app-pages-browser)/../../node_modules/.pnpm/next@15.5.18_@babel+core@7.29.7_react-dom@19.2.6_react@19.2.6__react@19.2.6/node_modules/next/dist/client/dev/hot-reloader/app/hot-reloader-app.js:196
[  255664ms] [LOG] [Fast Refresh] done in 4ms @ webpack-internal:///(app-pages-browser)/../../node_modules/.pnpm/next@15.5.18_@babel+core@7.29.7_react-dom@19.2.6_react@19.2.6__react@19.2.6/node_modules/next/dist/client/dev/report-hmr-latency.js:13
[  255718ms] [LOG] [Fast Refresh] rebuilding @ webpack-internal:///(app-pages-browser)/../../node_modules/.pnpm/next@15.5.18_@babel+core@7.29.7_react-dom@19.2.6_react@19.2.6__react@19.2.6/node_modules/next/dist/client/dev/hot-reloader/app/hot-reloader-app.js:196
[  255722ms] [LOG] [Fast Refresh] done in 3ms @ webpack-internal:///(app-pages-browser)/../../node_modules/.pnpm/next@15.5.18_@babel+core@7.29.7_react-dom@19.2.6_react@19.2.6__react@19.2.6/node_modules/next/dist/client/dev/report-hmr-latency.js:13
[  255773ms] [LOG] [Fast Refresh] rebuilding @ webpack-internal:///(app-pages-browser)/../../node_modules/.pnpm/next@15.5.18_@babel+core@7.29.7_react-dom@19.2.6_react@19.2.6__react@19.2.6/node_modules/next/dist/client/dev/hot-reloader/app/hot-reloader-app.js:196
[  255777ms] [LOG] [Fast Refresh] done in 3ms @ webpack-internal:///(app-pages-browser)/../../node_modules/.pnpm/next@15.5.18_@babel+core@7.29.7_react-dom@19.2.6_react@19.2.6__react@19.2.6/node_modules/next/dist/client/dev/report-hmr-latency.js:13
[  255829ms] [LOG] [Fast Refresh] rebuilding @ webpack-internal:///(app-pages-browser)/../../node_modules/.pnpm/next@15.5.18_@babel+core@7.29.7_react-dom@19.2.6_react@19.2.6__react@19.2.6/node_modules/next/dist/client/dev/hot-reloader/app/hot-reloader-app.js:196
[  255832ms] [LOG] [Fast Refresh] done in 3ms @ webpack-internal:///(app-pages-browser)/../../node_modules/.pnpm/next@15.5.18_@babel+core@7.29.7_react-dom@19.2.6_react@19.2.6__react@19.2.6/node_modules/next/dist/client/dev/report-hmr-latency.js:13
[  255884ms] [LOG] [Fast Refresh] rebuilding @ webpack-internal:///(app-pages-browser)/../../node_modules/.pnpm/next@15.5.18_@babel+core@7.29.7_react-dom@19.2.6_react@19.2.6__react@19.2.6/node_modules/next/dist/client/dev/hot-reloader/app/hot-reloader-app.js:196
[  255888ms] [LOG] [Fast Refresh] done in 3ms @ webpack-internal:///(app-pages-browser)/../../node_modules/.pnpm/next@15.5.18_@babel+core@7.29.7_react-dom@19.2.6_react@19.2.6__react@19.2.6/node_modules/next/dist/client/dev/report-hmr-latency.js:13
[  255940ms] [LOG] [Fast Refresh] rebuilding @ webpack-internal:///(app-pages-browser)/../../node_modules/.pnpm/next@15.5.18_@babel+core@7.29.7_react-dom@19.2.6_react@19.2.6__react@19.2.6/node_modules/next/dist/client/dev/hot-reloader/app/hot-reloader-app.js:196
[  255943ms] [LOG] [Fast Refresh] done in 3ms @ webpack-internal:///(app-pages-browser)/../../node_modules/.pnpm/next@15.5.18_@babel+core@7.29.7_react-dom@19.2.6_react@19.2.6__react@19.2.6/node_modules/next/dist/client/dev/report-hmr-latency.js:13
[  255996ms] [LOG] [Fast Refresh] rebuilding @ webpack-internal:///(app-pages-browser)/../../node_modules/.pnpm/next@15.5.18_@babel+core@7.29.7_react-dom@19.2.6_react@19.2.6__react@19.2.6/node_modules/next/dist/client/dev/hot-reloader/app/hot-reloader-app.js:196
[  256001ms] [LOG] [Fast Refresh] done in 4ms @ webpack-internal:///(app-pages-browser)/../../node_modules/.pnpm/next@15.5.18_@babel+core@7.29.7_react-dom@19.2.6_react@19.2.6__react@19.2.6/node_modules/next/dist/client/dev/report-hmr-latency.js:13
[  256053ms] [LOG] [Fast Refresh] rebuilding @ webpack-internal:///(app-pages-browser)/../../node_modules/.pnpm/next@15.5.18_@babel+core@7.29.7_react-dom@19.2.6_react@19.2.6__react@19.2.6/node_modules/next/dist/client/dev/hot-reloader/app/hot-reloader-app.js:196
[  256057ms] [LOG] [Fast Refresh] done in 3ms @ webpack-internal:///(app-pages-browser)/../../node_modules/.pnpm/next@15.5.18_@babel+core@7.29.7_react-dom@19.2.6_react@19.2.6__react@19.2.6/node_modules/next/dist/client/dev/report-hmr-latency.js:13
[  256111ms] [LOG] [Fast Refresh] rebuilding @ webpack-internal:///(app-pages-browser)/../../node_modules/.pnpm/next@15.5.18_@babel+core@7.29.7_react-dom@19.2.6_react@19.2.6__react@19.2.6/node_modules/next/dist/client/dev/hot-reloader/app/hot-reloader-app.js:196
[  256115ms] [LOG] [Fast Refresh] done in 4ms @ webpack-internal:///(app-pages-browser)/../../node_modules/.pnpm/next@15.5.18_@babel+core@7.29.7_react-dom@19.2.6_react@19.2.6__react@19.2.6/node_modules/next/dist/client/dev/report-hmr-latency.js:13
[  256168ms] [LOG] [Fast Refresh] rebuilding @ webpack-internal:///(app-pages-browser)/../../node_modules/.pnpm/next@15.5.18_@babel+core@7.29.7_react-dom@19.2.6_react@19.2.6__react@19.2.6/node_modules/next/dist/client/dev/hot-reloader/app/hot-reloader-app.js:196
[  256172ms] [LOG] [Fast Refresh] done in 4ms @ webpack-internal:///(app-pages-browser)/../../node_modules/.pnpm/next@15.5.18_@babel+core@7.29.7_react-dom@19.2.6_react@19.2.6__react@19.2.6/node_modules/next/dist/client/dev/report-hmr-latency.js:13
[  256224ms] [LOG] [Fast Refresh] rebuilding @ webpack-internal:///(app-pages-browser)/../../node_modules/.pnpm/next@15.5.18_@babel+core@7.29.7_react-dom@19.2.6_react@19.2.6__react@19.2.6/node_modules/next/dist/client/dev/hot-reloader/app/hot-reloader-app.js:196
[  256237ms] [LOG] [Fast Refresh] done in 14ms @ webpack-internal:///(app-pages-browser)/../../node_modules/.pnpm/next@15.5.18_@babel+core@7.29.7_react-dom@19.2.6_react@19.2.6__react@19.2.6/node_modules/next/dist/client/dev/report-hmr-latency.js:13
[  256277ms] [LOG] [Fast Refresh] rebuilding @ webpack-internal:///(app-pages-browser)/../../node_modules/.pnpm/next@15.5.18_@babel+core@7.29.7_react-dom@19.2.6_react@19.2.6__react@19.2.6/node_modules/next/dist/client/dev/hot-reloader/app/hot-reloader-app.js:196
[  256281ms] [LOG] [Fast Refresh] done in 4ms @ webpack-internal:///(app-pages-browser)/../../node_modules/.pnpm/next@15.5.18_@babel+core@7.29.7_react-dom@19.2.6_react@19.2.6__react@19.2.6/node_modules/next/dist/client/dev/report-hmr-latency.js:13
[  256330ms] [LOG] [Fast Refresh] rebuilding @ webpack-internal:///(app-pages-browser)/../../node_modules/.pnpm/next@15.5.18_@babel+core@7.29.7_react-dom@19.2.6_react@19.2.6__react@19.2.6/node_modules/next/dist/client/dev/hot-reloader/app/hot-reloader-app.js:196
[  256334ms] [LOG] [Fast Refresh] done in 4ms @ webpack-internal:///(app-pages-browser)/../../node_modules/.pnpm/next@15.5.18_@babel+core@7.29.7_react-dom@19.2.6_react@19.2.6__react@19.2.6/node_modules/next/dist/client/dev/report-hmr-latency.js:13
[  256387ms] [LOG] [Fast Refresh] rebuilding @ webpack-internal:///(app-pages-browser)/../../node_modules/.pnpm/next@15.5.18_@babel+core@7.29.7_react-dom@19.2.6_react@19.2.6__react@19.2.6/node_modules/next/dist/client/dev/hot-reloader/app/hot-reloader-app.js:196
[  256391ms] [LOG] [Fast Refresh] done in 4ms @ webpack-internal:///(app-pages-browser)/../../node_modules/.pnpm/next@15.5.18_@babel+core@7.29.7_react-dom@19.2.6_react@19.2.6__react@19.2.6/node_modules/next/dist/client/dev/report-hmr-latency.js:13
[  256444ms] [LOG] [Fast Refresh] rebuilding @ webpack-internal:///(app-pages-browser)/../../node_modules/.pnpm/next@15.5.18_@babel+core@7.29.7_react-dom@19.2.6_react@19.2.6__react@19.2.6/node_modules/next/dist/client/dev/hot-reloader/app/hot-reloader-app.js:196
[  256448ms] [LOG] [Fast Refresh] done in 4ms @ webpack-internal:///(app-pages-browser)/../../node_modules/.pnpm/next@15.5.18_@babel+core@7.29.7_react-dom@19.2.6_react@19.2.6__react@19.2.6/node_modules/next/dist/client/dev/report-hmr-latency.js:13
[  256512ms] [LOG] [Fast Refresh] rebuilding @ webpack-internal:///(app-pages-browser)/../../node_modules/.pnpm/next@15.5.18_@babel+core@7.29.7_react-dom@19.2.6_react@19.2.6__react@19.2.6/node_modules/next/dist/client/dev/hot-reloader/app/hot-reloader-app.js:196
[  256530ms] [LOG] [Fast Refresh] done in 18ms @ webpack-internal:///(app-pages-browser)/../../node_modules/.pnpm/next@15.5.18_@babel+core@7.29.7_react-dom@19.2.6_react@19.2.6__react@19.2.6/node_modules/next/dist/client/dev/report-hmr-latency.js:13
[  256576ms] [LOG] [Fast Refresh] rebuilding @ webpack-internal:///(app-pages-browser)/../../node_modules/.pnpm/next@15.5.18_@babel+core@7.29.7_react-dom@19.2.6_react@19.2.6__react@19.2.6/node_modules/next/dist/client/dev/hot-reloader/app/hot-reloader-app.js:196
[  256580ms] [LOG] [Fast Refresh] done in 4ms @ webpack-internal:///(app-pages-browser)/../../node_modules/.pnpm/next@15.5.18_@babel+core@7.29.7_react-dom@19.2.6_react@19.2.6__react@19.2.6/node_modules/next/dist/client/dev/report-hmr-latency.js:13
[  256639ms] [LOG] [Fast Refresh] rebuilding @ webpack-internal:///(app-pages-browser)/../../node_modules/.pnpm/next@15.5.18_@babel+core@7.29.7_react-dom@19.2.6_react@19.2.6__react@19.2.6/node_modules/next/dist/client/dev/hot-reloader/app/hot-reloader-app.js:196
[  256643ms] [LOG] [Fast Refresh] done in 5ms @ webpack-internal:///(app-pages-browser)/../../node_modules/.pnpm/next@15.5.18_@babel+core@7.29.7_react-dom@19.2.6_react@19.2.6__react@19.2.6/node_modules/next/dist/client/dev/report-hmr-latency.js:13
[  256697ms] [LOG] [Fast Refresh] rebuilding @ webpack-internal:///(app-pages-browser)/../../node_modules/.pnpm/next@15.5.18_@babel+core@7.29.7_react-dom@19.2.6_react@19.2.6__react@19.2.6/node_modules/next/dist/client/dev/hot-reloader/app/hot-reloader-app.js:196
[  256701ms] [LOG] [Fast Refresh] done in 4ms @ webpack-internal:///(app-pages-browser)/../../node_modules/.pnpm/next@15.5.18_@babel+core@7.29.7_react-dom@19.2.6_react@19.2.6__react@19.2.6/node_modules/next/dist/client/dev/report-hmr-latency.js:13
[  256755ms] [LOG] [Fast Refresh] rebuilding @ webpack-internal:///(app-pages-browser)/../../node_modules/.pnpm/next@15.5.18_@babel+core@7.29.7_react-dom@19.2.6_react@19.2.6__react@19.2.6/node_modules/next/dist/client/dev/hot-reloader/app/hot-reloader-app.js:196
[  256760ms] [LOG] [Fast Refresh] done in 5ms @ webpack-internal:///(app-pages-browser)/../../node_modules/.pnpm/next@15.5.18_@babel+core@7.29.7_react-dom@19.2.6_react@19.2.6__react@19.2.6/node_modules/next/dist/client/dev/report-hmr-latency.js:13
[  256817ms] [LOG] [Fast Refresh] rebuilding @ webpack-internal:///(app-pages-browser)/../../node_modules/.pnpm/next@15.5.18_@babel+core@7.29.7_react-dom@19.2.6_react@19.2.6__react@19.2.6/node_modules/next/dist/client/dev/hot-reloader/app/hot-reloader-app.js:196
[  256825ms] [LOG] [Fast Refresh] done in 9ms @ webpack-internal:///(app-pages-browser)/../../node_modules/.pnpm/next@15.5.18_@babel+core@7.29.7_react-dom@19.2.6_react@19.2.6__react@19.2.6/node_modules/next/dist/client/dev/report-hmr-latency.js:13
[  256912ms] [LOG] [Fast Refresh] rebuilding @ webpack-internal:///(app-pages-browser)/../../node_modules/.pnpm/next@15.5.18_@babel+core@7.29.7_react-dom@19.2.6_react@19.2.6__react@19.2.6/node_modules/next/dist/client/dev/hot-reloader/app/hot-reloader-app.js:196
[  256917ms] [LOG] [Fast Refresh] done in 4ms @ webpack-internal:///(app-pages-browser)/../../node_modules/.pnpm/next@15.5.18_@babel+core@7.29.7_react-dom@19.2.6_react@19.2.6__react@19.2.6/node_modules/next/dist/client/dev/report-hmr-latency.js:13
[  256968ms] [LOG] [Fast Refresh] rebuilding @ webpack-internal:///(app-pages-browser)/../../node_modules/.pnpm/next@15.5.18_@babel+core@7.29.7_react-dom@19.2.6_react@19.2.6__react@19.2.6/node_modules/next/dist/client/dev/hot-reloader/app/hot-reloader-app.js:196
[  256971ms] [LOG] [Fast Refresh] done in 4ms @ webpack-internal:///(app-pages-browser)/../../node_modules/.pnpm/next@15.5.18_@babel+core@7.29.7_react-dom@19.2.6_react@19.2.6__react@19.2.6/node_modules/next/dist/client/dev/report-hmr-latency.js:13
[  257024ms] [LOG] [Fast Refresh] rebuilding @ webpack-internal:///(app-pages-browser)/../../node_modules/.pnpm/next@15.5.18_@babel+core@7.29.7_react-dom@19.2.6_react@19.2.6__react@19.2.6/node_modules/next/dist/client/dev/hot-reloader/app/hot-reloader-app.js:196
[  257028ms] [LOG] [Fast Refresh] done in 4ms @ webpack-internal:///(app-pages-browser)/../../node_modules/.pnpm/next@15.5.18_@babel+core@7.29.7_react-dom@19.2.6_react@19.2.6__react@19.2.6/node_modules/next/dist/client/dev/report-hmr-latency.js:13
[  257080ms] [LOG] [Fast Refresh] rebuilding @ webpack-internal:///(app-pages-browser)/../../node_modules/.pnpm/next@15.5.18_@babel+core@7.29.7_react-dom@19.2.6_react@19.2.6__react@19.2.6/node_modules/next/dist/client/dev/hot-reloader/app/hot-reloader-app.js:196
[  257083ms] [LOG] [Fast Refresh] done in 4ms @ webpack-internal:///(app-pages-browser)/../../node_modules/.pnpm/next@15.5.18_@babel+core@7.29.7_react-dom@19.2.6_react@19.2.6__react@19.2.6/node_modules/next/dist/client/dev/report-hmr-latency.js:13
[  257132ms] [LOG] [Fast Refresh] rebuilding @ webpack-internal:///(app-pages-browser)/../../node_modules/.pnpm/next@15.5.18_@babel+core@7.29.7_react-dom@19.2.6_react@19.2.6__react@19.2.6/node_modules/next/dist/client/dev/hot-reloader/app/hot-reloader-app.js:196
[  257136ms] [LOG] [Fast Refresh] done in 4ms @ webpack-internal:///(app-pages-browser)/../../node_modules/.pnpm/next@15.5.18_@babel+core@7.29.7_react-dom@19.2.6_react@19.2.6__react@19.2.6/node_modules/next/dist/client/dev/report-hmr-latency.js:13
[  257186ms] [LOG] [Fast Refresh] rebuilding @ webpack-internal:///(app-pages-browser)/../../node_modules/.pnpm/next@15.5.18_@babel+core@7.29.7_react-dom@19.2.6_react@19.2.6__react@19.2.6/node_modules/next/dist/client/dev/hot-reloader/app/hot-reloader-app.js:196
[  257189ms] [LOG] [Fast Refresh] done in 3ms @ webpack-internal:///(app-pages-browser)/../../node_modules/.pnpm/next@15.5.18_@babel+core@7.29.7_react-dom@19.2.6_react@19.2.6__react@19.2.6/node_modules/next/dist/client/dev/report-hmr-latency.js:13
[  257239ms] [LOG] [Fast Refresh] rebuilding @ webpack-internal:///(app-pages-browser)/../../node_modules/.pnpm/next@15.5.18_@babel+core@7.29.7_react-dom@19.2.6_react@19.2.6__react@19.2.6/node_modules/next/dist/client/dev/hot-reloader/app/hot-reloader-app.js:196
[  257254ms] [LOG] [Fast Refresh] done in 14ms @ webpack-internal:///(app-pages-browser)/../../node_modules/.pnpm/next@15.5.18_@babel+core@7.29.7_react-dom@19.2.6_react@19.2.6__react@19.2.6/node_modules/next/dist/client/dev/report-hmr-latency.js:13
[  257293ms] [LOG] [Fast Refresh] rebuilding @ webpack-internal:///(app-pages-browser)/../../node_modules/.pnpm/next@15.5.18_@babel+core@7.29.7_react-dom@19.2.6_react@19.2.6__react@19.2.6/node_modules/next/dist/client/dev/hot-reloader/app/hot-reloader-app.js:196
[  257294ms] [LOG] [Fast Refresh] done in 2ms @ webpack-internal:///(app-pages-browser)/../../node_modules/.pnpm/next@15.5.18_@babel+core@7.29.7_react-dom@19.2.6_react@19.2.6__react@19.2.6/node_modules/next/dist/client/dev/report-hmr-latency.js:13
[  257345ms] [LOG] [Fast Refresh] rebuilding @ webpack-internal:///(app-pages-browser)/../../node_modules/.pnpm/next@15.5.18_@babel+core@7.29.7_react-dom@19.2.6_react@19.2.6__react@19.2.6/node_modules/next/dist/client/dev/hot-reloader/app/hot-reloader-app.js:196
[  257348ms] [LOG] [Fast Refresh] done in 4ms @ webpack-internal:///(app-pages-browser)/../../node_modules/.pnpm/next@15.5.18_@babel+core@7.29.7_react-dom@19.2.6_react@19.2.6__react@19.2.6/node_modules/next/dist/client/dev/report-hmr-latency.js:13
[  257403ms] [LOG] [Fast Refresh] rebuilding @ webpack-internal:///(app-pages-browser)/../../node_modules/.pnpm/next@15.5.18_@babel+core@7.29.7_react-dom@19.2.6_react@19.2.6__react@19.2.6/node_modules/next/dist/client/dev/hot-reloader/app/hot-reloader-app.js:196
[  257406ms] [LOG] [Fast Refresh] done in 3ms @ webpack-internal:///(app-pages-browser)/../../node_modules/.pnpm/next@15.5.18_@babel+core@7.29.7_react-dom@19.2.6_react@19.2.6__react@19.2.6/node_modules/next/dist/client/dev/report-hmr-latency.js:13
[  257457ms] [LOG] [Fast Refresh] rebuilding @ webpack-internal:///(app-pages-browser)/../../node_modules/.pnpm/next@15.5.18_@babel+core@7.29.7_react-dom@19.2.6_react@19.2.6__react@19.2.6/node_modules/next/dist/client/dev/hot-reloader/app/hot-reloader-app.js:196
[  257460ms] [LOG] [Fast Refresh] done in 3ms @ webpack-internal:///(app-pages-browser)/../../node_modules/.pnpm/next@15.5.18_@babel+core@7.29.7_react-dom@19.2.6_react@19.2.6__react@19.2.6/node_modules/next/dist/client/dev/report-hmr-latency.js:13
[  257509ms] [LOG] [Fast Refresh] rebuilding @ webpack-internal:///(app-pages-browser)/../../node_modules/.pnpm/next@15.5.18_@babel+core@7.29.7_react-dom@19.2.6_react@19.2.6__react@19.2.6/node_modules/next/dist/client/dev/hot-reloader/app/hot-reloader-app.js:196
[  257512ms] [LOG] [Fast Refresh] done in 3ms @ webpack-internal:///(app-pages-browser)/../../node_modules/.pnpm/next@15.5.18_@babel+core@7.29.7_react-dom@19.2.6_react@19.2.6__react@19.2.6/node_modules/next/dist/client/dev/report-hmr-latency.js:13
[  257562ms] [LOG] [Fast Refresh] rebuilding @ webpack-internal:///(app-pages-browser)/../../node_modules/.pnpm/next@15.5.18_@babel+core@7.29.7_react-dom@19.2.6_react@19.2.6__react@19.2.6/node_modules/next/dist/client/dev/hot-reloader/app/hot-reloader-app.js:196
[  257565ms] [LOG] [Fast Refresh] done in 4ms @ webpack-internal:///(app-pages-browser)/../../node_modules/.pnpm/next@15.5.18_@babel+core@7.29.7_react-dom@19.2.6_react@19.2.6__react@19.2.6/node_modules/next/dist/client/dev/report-hmr-latency.js:13
[  257615ms] [LOG] [Fast Refresh] rebuilding @ webpack-internal:///(app-pages-browser)/../../node_modules/.pnpm/next@15.5.18_@babel+core@7.29.7_react-dom@19.2.6_react@19.2.6__react@19.2.6/node_modules/next/dist/client/dev/hot-reloader/app/hot-reloader-app.js:196
[  257619ms] [LOG] [Fast Refresh] done in 3ms @ webpack-internal:///(app-pages-browser)/../../node_modules/.pnpm/next@15.5.18_@babel+core@7.29.7_react-dom@19.2.6_react@19.2.6__react@19.2.6/node_modules/next/dist/client/dev/report-hmr-latency.js:13
[  257667ms] [LOG] [Fast Refresh] rebuilding @ webpack-internal:///(app-pages-browser)/../../node_modules/.pnpm/next@15.5.18_@babel+core@7.29.7_react-dom@19.2.6_react@19.2.6__react@19.2.6/node_modules/next/dist/client/dev/hot-reloader/app/hot-reloader-app.js:196
[  257671ms] [LOG] [Fast Refresh] done in 3ms @ webpack-internal:///(app-pages-browser)/../../node_modules/.pnpm/next@15.5.18_@babel+core@7.29.7_react-dom@19.2.6_react@19.2.6__react@19.2.6/node_modules/next/dist/client/dev/report-hmr-latency.js:13
[  257723ms] [LOG] [Fast Refresh] rebuilding @ webpack-internal:///(app-pages-browser)/../../node_modules/.pnpm/next@15.5.18_@babel+core@7.29.7_react-dom@19.2.6_react@19.2.6__react@19.2.6/node_modules/next/dist/client/dev/hot-reloader/app/hot-reloader-app.js:196
[  257727ms] [LOG] [Fast Refresh] done in 3ms @ webpack-internal:///(app-pages-browser)/../../node_modules/.pnpm/next@15.5.18_@babel+core@7.29.7_react-dom@19.2.6_react@19.2.6__react@19.2.6/node_modules/next/dist/client/dev/report-hmr-latency.js:13
[  257780ms] [LOG] [Fast Refresh] rebuilding @ webpack-internal:///(app-pages-browser)/../../node_modules/.pnpm/next@15.5.18_@babel+core@7.29.7_react-dom@19.2.6_react@19.2.6__react@19.2.6/node_modules/next/dist/client/dev/hot-reloader/app/hot-reloader-app.js:196
[  257785ms] [LOG] [Fast Refresh] done in 4ms @ webpack-internal:///(app-pages-browser)/../../node_modules/.pnpm/next@15.5.18_@babel+core@7.29.7_react-dom@19.2.6_react@19.2.6__react@19.2.6/node_modules/next/dist/client/dev/report-hmr-latency.js:13
[  257833ms] [LOG] [Fast Refresh] rebuilding @ webpack-internal:///(app-pages-browser)/../../node_modules/.pnpm/next@15.5.18_@babel+core@7.29.7_react-dom@19.2.6_react@19.2.6__react@19.2.6/node_modules/next/dist/client/dev/hot-reloader/app/hot-reloader-app.js:196
[  257837ms] [LOG] [Fast Refresh] done in 4ms @ webpack-internal:///(app-pages-browser)/../../node_modules/.pnpm/next@15.5.18_@babel+core@7.29.7_react-dom@19.2.6_react@19.2.6__react@19.2.6/node_modules/next/dist/client/dev/report-hmr-latency.js:13
[  257886ms] [LOG] [Fast Refresh] rebuilding @ webpack-internal:///(app-pages-browser)/../../node_modules/.pnpm/next@15.5.18_@babel+core@7.29.7_react-dom@19.2.6_react@19.2.6__react@19.2.6/node_modules/next/dist/client/dev/hot-reloader/app/hot-reloader-app.js:196
[  257889ms] [LOG] [Fast Refresh] done in 3ms @ webpack-internal:///(app-pages-browser)/../../node_modules/.pnpm/next@15.5.18_@babel+core@7.29.7_react-dom@19.2.6_react@19.2.6__react@19.2.6/node_modules/next/dist/client/dev/report-hmr-latency.js:13
[  257941ms] [LOG] [Fast Refresh] rebuilding @ webpack-internal:///(app-pages-browser)/../../node_modules/.pnpm/next@15.5.18_@babel+core@7.29.7_react-dom@19.2.6_react@19.2.6__react@19.2.6/node_modules/next/dist/client/dev/hot-reloader/app/hot-reloader-app.js:196
[  257944ms] [LOG] [Fast Refresh] done in 3ms @ webpack-internal:///(app-pages-browser)/../../node_modules/.pnpm/next@15.5.18_@babel+core@7.29.7_react-dom@19.2.6_react@19.2.6__react@19.2.6/node_modules/next/dist/client/dev/report-hmr-latency.js:13
[  257993ms] [LOG] [Fast Refresh] rebuilding @ webpack-internal:///(app-pages-browser)/../../node_modules/.pnpm/next@15.5.18_@babel+core@7.29.7_react-dom@19.2.6_react@19.2.6__react@19.2.6/node_modules/next/dist/client/dev/hot-reloader/app/hot-reloader-app.js:196
[  257996ms] [LOG] [Fast Refresh] done in 3ms @ webpack-internal:///(app-pages-browser)/../../node_modules/.pnpm/next@15.5.18_@babel+core@7.29.7_react-dom@19.2.6_react@19.2.6__react@19.2.6/node_modules/next/dist/client/dev/report-hmr-latency.js:13
[  258046ms] [LOG] [Fast Refresh] rebuilding @ webpack-internal:///(app-pages-browser)/../../node_modules/.pnpm/next@15.5.18_@babel+core@7.29.7_react-dom@19.2.6_react@19.2.6__react@19.2.6/node_modules/next/dist/client/dev/hot-reloader/app/hot-reloader-app.js:196
[  258053ms] [LOG] [Fast Refresh] done in 8ms @ webpack-internal:///(app-pages-browser)/../../node_modules/.pnpm/next@15.5.18_@babel+core@7.29.7_react-dom@19.2.6_react@19.2.6__react@19.2.6/node_modules/next/dist/client/dev/report-hmr-latency.js:13
[  258133ms] [LOG] [Fast Refresh] rebuilding @ webpack-internal:///(app-pages-browser)/../../node_modules/.pnpm/next@15.5.18_@babel+core@7.29.7_react-dom@19.2.6_react@19.2.6__react@19.2.6/node_modules/next/dist/client/dev/hot-reloader/app/hot-reloader-app.js:196
[  258136ms] [LOG] [Fast Refresh] done in 4ms @ webpack-internal:///(app-pages-browser)/../../node_modules/.pnpm/next@15.5.18_@babel+core@7.29.7_react-dom@19.2.6_react@19.2.6__react@19.2.6/node_modules/next/dist/client/dev/report-hmr-latency.js:13
[  258186ms] [LOG] [Fast Refresh] rebuilding @ webpack-internal:///(app-pages-browser)/../../node_modules/.pnpm/next@15.5.18_@babel+core@7.29.7_react-dom@19.2.6_react@19.2.6__react@19.2.6/node_modules/next/dist/client/dev/hot-reloader/app/hot-reloader-app.js:196
[  258189ms] [LOG] [Fast Refresh] done in 3ms @ webpack-internal:///(app-pages-browser)/../../node_modules/.pnpm/next@15.5.18_@babel+core@7.29.7_react-dom@19.2.6_react@19.2.6__react@19.2.6/node_modules/next/dist/client/dev/report-hmr-latency.js:13
[  258241ms] [LOG] [Fast Refresh] rebuilding @ webpack-internal:///(app-pages-browser)/../../node_modules/.pnpm/next@15.5.18_@babel+core@7.29.7_react-dom@19.2.6_react@19.2.6__react@19.2.6/node_modules/next/dist/client/dev/hot-reloader/app/hot-reloader-app.js:196
[  258254ms] [LOG] [Fast Refresh] done in 13ms @ webpack-internal:///(app-pages-browser)/../../node_modules/.pnpm/next@15.5.18_@babel+core@7.29.7_react-dom@19.2.6_react@19.2.6__react@19.2.6/node_modules/next/dist/client/dev/report-hmr-latency.js:13
[  258294ms] [LOG] [Fast Refresh] rebuilding @ webpack-internal:///(app-pages-browser)/../../node_modules/.pnpm/next@15.5.18_@babel+core@7.29.7_react-dom@19.2.6_react@19.2.6__react@19.2.6/node_modules/next/dist/client/dev/hot-reloader/app/hot-reloader-app.js:196
[  258297ms] [LOG] [Fast Refresh] done in 4ms @ webpack-internal:///(app-pages-browser)/../../node_modules/.pnpm/next@15.5.18_@babel+core@7.29.7_react-dom@19.2.6_react@19.2.6__react@19.2.6/node_modules/next/dist/client/dev/report-hmr-latency.js:13
[  258345ms] [LOG] [Fast Refresh] rebuilding @ webpack-internal:///(app-pages-browser)/../../node_modules/.pnpm/next@15.5.18_@babel+core@7.29.7_react-dom@19.2.6_react@19.2.6__react@19.2.6/node_modules/next/dist/client/dev/hot-reloader/app/hot-reloader-app.js:196
[  258348ms] [LOG] [Fast Refresh] done in 4ms @ webpack-internal:///(app-pages-browser)/../../node_modules/.pnpm/next@15.5.18_@babel+core@7.29.7_react-dom@19.2.6_react@19.2.6__react@19.2.6/node_modules/next/dist/client/dev/report-hmr-latency.js:13
[  258396ms] [LOG] [Fast Refresh] rebuilding @ webpack-internal:///(app-pages-browser)/../../node_modules/.pnpm/next@15.5.18_@babel+core@7.29.7_react-dom@19.2.6_react@19.2.6__react@19.2.6/node_modules/next/dist/client/dev/hot-reloader/app/hot-reloader-app.js:196
[  258400ms] [LOG] [Fast Refresh] done in 3ms @ webpack-internal:///(app-pages-browser)/../../node_modules/.pnpm/next@15.5.18_@babel+core@7.29.7_react-dom@19.2.6_react@19.2.6__react@19.2.6/node_modules/next/dist/client/dev/report-hmr-latency.js:13
[  258450ms] [LOG] [Fast Refresh] rebuilding @ webpack-internal:///(app-pages-browser)/../../node_modules/.pnpm/next@15.5.18_@babel+core@7.29.7_react-dom@19.2.6_react@19.2.6__react@19.2.6/node_modules/next/dist/client/dev/hot-reloader/app/hot-reloader-app.js:196
[  258454ms] [LOG] [Fast Refresh] done in 3ms @ webpack-internal:///(app-pages-browser)/../../node_modules/.pnpm/next@15.5.18_@babel+core@7.29.7_react-dom@19.2.6_react@19.2.6__react@19.2.6/node_modules/next/dist/client/dev/report-hmr-latency.js:13
[  258501ms] [LOG] [Fast Refresh] rebuilding @ webpack-internal:///(app-pages-browser)/../../node_modules/.pnpm/next@15.5.18_@babel+core@7.29.7_react-dom@19.2.6_react@19.2.6__react@19.2.6/node_modules/next/dist/client/dev/hot-reloader/app/hot-reloader-app.js:196
[  258505ms] [LOG] [Fast Refresh] done in 3ms @ webpack-internal:///(app-pages-browser)/../../node_modules/.pnpm/next@15.5.18_@babel+core@7.29.7_react-dom@19.2.6_react@19.2.6__react@19.2.6/node_modules/next/dist/client/dev/report-hmr-latency.js:13
[  258555ms] [LOG] [Fast Refresh] rebuilding @ webpack-internal:///(app-pages-browser)/../../node_modules/.pnpm/next@15.5.18_@babel+core@7.29.7_react-dom@19.2.6_react@19.2.6__react@19.2.6/node_modules/next/dist/client/dev/hot-reloader/app/hot-reloader-app.js:196
[  258558ms] [LOG] [Fast Refresh] done in 3ms @ webpack-internal:///(app-pages-browser)/../../node_modules/.pnpm/next@15.5.18_@babel+core@7.29.7_react-dom@19.2.6_react@19.2.6__react@19.2.6/node_modules/next/dist/client/dev/report-hmr-latency.js:13
[  258611ms] [LOG] [Fast Refresh] rebuilding @ webpack-internal:///(app-pages-browser)/../../node_modules/.pnpm/next@15.5.18_@babel+core@7.29.7_react-dom@19.2.6_react@19.2.6__react@19.2.6/node_modules/next/dist/client/dev/hot-reloader/app/hot-reloader-app.js:196
[  258615ms] [LOG] [Fast Refresh] done in 4ms @ webpack-internal:///(app-pages-browser)/../../node_modules/.pnpm/next@15.5.18_@babel+core@7.29.7_react-dom@19.2.6_react@19.2.6__react@19.2.6/node_modules/next/dist/client/dev/report-hmr-latency.js:13
[  258664ms] [LOG] [Fast Refresh] rebuilding @ webpack-internal:///(app-pages-browser)/../../node_modules/.pnpm/next@15.5.18_@babel+core@7.29.7_react-dom@19.2.6_react@19.2.6__react@19.2.6/node_modules/next/dist/client/dev/hot-reloader/app/hot-reloader-app.js:196
[  258668ms] [LOG] [Fast Refresh] done in 5ms @ webpack-internal:///(app-pages-browser)/../../node_modules/.pnpm/next@15.5.18_@babel+core@7.29.7_react-dom@19.2.6_react@19.2.6__react@19.2.6/node_modules/next/dist/client/dev/report-hmr-latency.js:13
[  258719ms] [LOG] [Fast Refresh] rebuilding @ webpack-internal:///(app-pages-browser)/../../node_modules/.pnpm/next@15.5.18_@babel+core@7.29.7_react-dom@19.2.6_react@19.2.6__react@19.2.6/node_modules/next/dist/client/dev/hot-reloader/app/hot-reloader-app.js:196
[  258723ms] [LOG] [Fast Refresh] done in 3ms @ webpack-internal:///(app-pages-browser)/../../node_modules/.pnpm/next@15.5.18_@babel+core@7.29.7_react-dom@19.2.6_react@19.2.6__react@19.2.6/node_modules/next/dist/client/dev/report-hmr-latency.js:13
[  258771ms] [LOG] [Fast Refresh] rebuilding @ webpack-internal:///(app-pages-browser)/../../node_modules/.pnpm/next@15.5.18_@babel+core@7.29.7_react-dom@19.2.6_react@19.2.6__react@19.2.6/node_modules/next/dist/client/dev/hot-reloader/app/hot-reloader-app.js:196
[  258774ms] [LOG] [Fast Refresh] done in 4ms @ webpack-internal:///(app-pages-browser)/../../node_modules/.pnpm/next@15.5.18_@babel+core@7.29.7_react-dom@19.2.6_react@19.2.6__react@19.2.6/node_modules/next/dist/client/dev/report-hmr-latency.js:13
[  258824ms] [LOG] [Fast Refresh] rebuilding @ webpack-internal:///(app-pages-browser)/../../node_modules/.pnpm/next@15.5.18_@babel+core@7.29.7_react-dom@19.2.6_react@19.2.6__react@19.2.6/node_modules/next/dist/client/dev/hot-reloader/app/hot-reloader-app.js:196
[  258828ms] [LOG] [Fast Refresh] done in 3ms @ webpack-internal:///(app-pages-browser)/../../node_modules/.pnpm/next@15.5.18_@babel+core@7.29.7_react-dom@19.2.6_react@19.2.6__react@19.2.6/node_modules/next/dist/client/dev/report-hmr-latency.js:13
[  258880ms] [LOG] [Fast Refresh] rebuilding @ webpack-internal:///(app-pages-browser)/../../node_modules/.pnpm/next@15.5.18_@babel+core@7.29.7_react-dom@19.2.6_react@19.2.6__react@19.2.6/node_modules/next/dist/client/dev/hot-reloader/app/hot-reloader-app.js:196
[  258884ms] [LOG] [Fast Refresh] done in 5ms @ webpack-internal:///(app-pages-browser)/../../node_modules/.pnpm/next@15.5.18_@babel+core@7.29.7_react-dom@19.2.6_react@19.2.6__react@19.2.6/node_modules/next/dist/client/dev/report-hmr-latency.js:13
[  258935ms] [LOG] [Fast Refresh] rebuilding @ webpack-internal:///(app-pages-browser)/../../node_modules/.pnpm/next@15.5.18_@babel+core@7.29.7_react-dom@19.2.6_react@19.2.6__react@19.2.6/node_modules/next/dist/client/dev/hot-reloader/app/hot-reloader-app.js:196
[  258938ms] [LOG] [Fast Refresh] done in 3ms @ webpack-internal:///(app-pages-browser)/../../node_modules/.pnpm/next@15.5.18_@babel+core@7.29.7_react-dom@19.2.6_react@19.2.6__react@19.2.6/node_modules/next/dist/client/dev/report-hmr-latency.js:13
[  258985ms] [LOG] [Fast Refresh] rebuilding @ webpack-internal:///(app-pages-browser)/../../node_modules/.pnpm/next@15.5.18_@babel+core@7.29.7_react-dom@19.2.6_react@19.2.6__react@19.2.6/node_modules/next/dist/client/dev/hot-reloader/app/hot-reloader-app.js:196
[  258988ms] [LOG] [Fast Refresh] done in 4ms @ webpack-internal:///(app-pages-browser)/../../node_modules/.pnpm/next@15.5.18_@babel+core@7.29.7_react-dom@19.2.6_react@19.2.6__react@19.2.6/node_modules/next/dist/client/dev/report-hmr-latency.js:13
[  259038ms] [LOG] [Fast Refresh] rebuilding @ webpack-internal:///(app-pages-browser)/../../node_modules/.pnpm/next@15.5.18_@babel+core@7.29.7_react-dom@19.2.6_react@19.2.6__react@19.2.6/node_modules/next/dist/client/dev/hot-reloader/app/hot-reloader-app.js:196
[  259041ms] [LOG] [Fast Refresh] done in 3ms @ webpack-internal:///(app-pages-browser)/../../node_modules/.pnpm/next@15.5.18_@babel+core@7.29.7_react-dom@19.2.6_react@19.2.6__react@19.2.6/node_modules/next/dist/client/dev/report-hmr-latency.js:13
[  259092ms] [LOG] [Fast Refresh] rebuilding @ webpack-internal:///(app-pages-browser)/../../node_modules/.pnpm/next@15.5.18_@babel+core@7.29.7_react-dom@19.2.6_react@19.2.6__react@19.2.6/node_modules/next/dist/client/dev/hot-reloader/app/hot-reloader-app.js:196
[  259096ms] [LOG] [Fast Refresh] done in 3ms @ webpack-internal:///(app-pages-browser)/../../node_modules/.pnpm/next@15.5.18_@babel+core@7.29.7_react-dom@19.2.6_react@19.2.6__react@19.2.6/node_modules/next/dist/client/dev/report-hmr-latency.js:13
[  259146ms] [LOG] [Fast Refresh] rebuilding @ webpack-internal:///(app-pages-browser)/../../node_modules/.pnpm/next@15.5.18_@babel+core@7.29.7_react-dom@19.2.6_react@19.2.6__react@19.2.6/node_modules/next/dist/client/dev/hot-reloader/app/hot-reloader-app.js:196
[  259150ms] [LOG] [Fast Refresh] done in 3ms @ webpack-internal:///(app-pages-browser)/../../node_modules/.pnpm/next@15.5.18_@babel+core@7.29.7_react-dom@19.2.6_react@19.2.6__react@19.2.6/node_modules/next/dist/client/dev/report-hmr-latency.js:13
[  259200ms] [LOG] [Fast Refresh] rebuilding @ webpack-internal:///(app-pages-browser)/../../node_modules/.pnpm/next@15.5.18_@babel+core@7.29.7_react-dom@19.2.6_react@19.2.6__react@19.2.6/node_modules/next/dist/client/dev/hot-reloader/app/hot-reloader-app.js:196
[  259204ms] [LOG] [Fast Refresh] done in 3ms @ webpack-internal:///(app-pages-browser)/../../node_modules/.pnpm/next@15.5.18_@babel+core@7.29.7_react-dom@19.2.6_react@19.2.6__react@19.2.6/node_modules/next/dist/client/dev/report-hmr-latency.js:13
[  259256ms] [LOG] [Fast Refresh] rebuilding @ webpack-internal:///(app-pages-browser)/../../node_modules/.pnpm/next@15.5.18_@babel+core@7.29.7_react-dom@19.2.6_react@19.2.6__react@19.2.6/node_modules/next/dist/client/dev/hot-reloader/app/hot-reloader-app.js:196
[  259273ms] [LOG] [Fast Refresh] done in 16ms @ webpack-internal:///(app-pages-browser)/../../node_modules/.pnpm/next@15.5.18_@babel+core@7.29.7_react-dom@19.2.6_react@19.2.6__react@19.2.6/node_modules/next/dist/client/dev/report-hmr-latency.js:13
[  259341ms] [LOG] [Fast Refresh] rebuilding @ webpack-internal:///(app-pages-browser)/../../node_modules/.pnpm/next@15.5.18_@babel+core@7.29.7_react-dom@19.2.6_react@19.2.6__react@19.2.6/node_modules/next/dist/client/dev/hot-reloader/app/hot-reloader-app.js:196
[  259355ms] [LOG] [Fast Refresh] done in 14ms @ webpack-internal:///(app-pages-browser)/../../node_modules/.pnpm/next@15.5.18_@babel+core@7.29.7_react-dom@19.2.6_react@19.2.6__react@19.2.6/node_modules/next/dist/client/dev/report-hmr-latency.js:13
[  259393ms] [LOG] [Fast Refresh] rebuilding @ webpack-internal:///(app-pages-browser)/../../node_modules/.pnpm/next@15.5.18_@babel+core@7.29.7_react-dom@19.2.6_react@19.2.6__react@19.2.6/node_modules/next/dist/client/dev/hot-reloader/app/hot-reloader-app.js:196
[  259396ms] [LOG] [Fast Refresh] done in 3ms @ webpack-internal:///(app-pages-browser)/../../node_modules/.pnpm/next@15.5.18_@babel+core@7.29.7_react-dom@19.2.6_react@19.2.6__react@19.2.6/node_modules/next/dist/client/dev/report-hmr-latency.js:13
[  259446ms] [LOG] [Fast Refresh] rebuilding @ webpack-internal:///(app-pages-browser)/../../node_modules/.pnpm/next@15.5.18_@babel+core@7.29.7_react-dom@19.2.6_react@19.2.6__react@19.2.6/node_modules/next/dist/client/dev/hot-reloader/app/hot-reloader-app.js:196
[  259459ms] [LOG] [Fast Refresh] done in 13ms @ webpack-internal:///(app-pages-browser)/../../node_modules/.pnpm/next@15.5.18_@babel+core@7.29.7_react-dom@19.2.6_react@19.2.6__react@19.2.6/node_modules/next/dist/client/dev/report-hmr-latency.js:13
[  259500ms] [LOG] [Fast Refresh] rebuilding @ webpack-internal:///(app-pages-browser)/../../node_modules/.pnpm/next@15.5.18_@babel+core@7.29.7_react-dom@19.2.6_react@19.2.6__react@19.2.6/node_modules/next/dist/client/dev/hot-reloader/app/hot-reloader-app.js:196
[  259510ms] [LOG] [Fast Refresh] done in 10ms @ webpack-internal:///(app-pages-browser)/../../node_modules/.pnpm/next@15.5.18_@babel+core@7.29.7_react-dom@19.2.6_react@19.2.6__react@19.2.6/node_modules/next/dist/client/dev/report-hmr-latency.js:13
[  259554ms] [LOG] [Fast Refresh] rebuilding @ webpack-internal:///(app-pages-browser)/../../node_modules/.pnpm/next@15.5.18_@babel+core@7.29.7_react-dom@19.2.6_react@19.2.6__react@19.2.6/node_modules/next/dist/client/dev/hot-reloader/app/hot-reloader-app.js:196
[  259564ms] [LOG] [Fast Refresh] done in 9ms @ webpack-internal:///(app-pages-browser)/../../node_modules/.pnpm/next@15.5.18_@babel+core@7.29.7_react-dom@19.2.6_react@19.2.6__react@19.2.6/node_modules/next/dist/client/dev/report-hmr-latency.js:13
[  259601ms] [LOG] [Fast Refresh] rebuilding @ webpack-internal:///(app-pages-browser)/../../node_modules/.pnpm/next@15.5.18_@babel+core@7.29.7_react-dom@19.2.6_react@19.2.6__react@19.2.6/node_modules/next/dist/client/dev/hot-reloader/app/hot-reloader-app.js:196
[  259619ms] [LOG] [Fast Refresh] done in 18ms @ webpack-internal:///(app-pages-browser)/../../node_modules/.pnpm/next@15.5.18_@babel+core@7.29.7_react-dom@19.2.6_react@19.2.6__react@19.2.6/node_modules/next/dist/client/dev/report-hmr-latency.js:13
[  259652ms] [LOG] [Fast Refresh] rebuilding @ webpack-internal:///(app-pages-browser)/../../node_modules/.pnpm/next@15.5.18_@babel+core@7.29.7_react-dom@19.2.6_react@19.2.6__react@19.2.6/node_modules/next/dist/client/dev/hot-reloader/app/hot-reloader-app.js:196
[  259656ms] [LOG] [Fast Refresh] done in 3ms @ webpack-internal:///(app-pages-browser)/../../node_modules/.pnpm/next@15.5.18_@babel+core@7.29.7_react-dom@19.2.6_react@19.2.6__react@19.2.6/node_modules/next/dist/client/dev/report-hmr-latency.js:13
[  259708ms] [LOG] [Fast Refresh] rebuilding @ webpack-internal:///(app-pages-browser)/../../node_modules/.pnpm/next@15.5.18_@babel+core@7.29.7_react-dom@19.2.6_react@19.2.6__react@19.2.6/node_modules/next/dist/client/dev/hot-reloader/app/hot-reloader-app.js:196
[  259711ms] [LOG] [Fast Refresh] done in 3ms @ webpack-internal:///(app-pages-browser)/../../node_modules/.pnpm/next@15.5.18_@babel+core@7.29.7_react-dom@19.2.6_react@19.2.6__react@19.2.6/node_modules/next/dist/client/dev/report-hmr-latency.js:13
[  259760ms] [LOG] [Fast Refresh] rebuilding @ webpack-internal:///(app-pages-browser)/../../node_modules/.pnpm/next@15.5.18_@babel+core@7.29.7_react-dom@19.2.6_react@19.2.6__react@19.2.6/node_modules/next/dist/client/dev/hot-reloader/app/hot-reloader-app.js:196
[  259763ms] [LOG] [Fast Refresh] done in 4ms @ webpack-internal:///(app-pages-browser)/../../node_modules/.pnpm/next@15.5.18_@babel+core@7.29.7_react-dom@19.2.6_react@19.2.6__react@19.2.6/node_modules/next/dist/client/dev/report-hmr-latency.js:13
[  259816ms] [LOG] [Fast Refresh] rebuilding @ webpack-internal:///(app-pages-browser)/../../node_modules/.pnpm/next@15.5.18_@babel+core@7.29.7_react-dom@19.2.6_react@19.2.6__react@19.2.6/node_modules/next/dist/client/dev/hot-reloader/app/hot-reloader-app.js:196
[  259819ms] [LOG] [Fast Refresh] done in 4ms @ webpack-internal:///(app-pages-browser)/../../node_modules/.pnpm/next@15.5.18_@babel+core@7.29.7_react-dom@19.2.6_react@19.2.6__react@19.2.6/node_modules/next/dist/client/dev/report-hmr-latency.js:13
[  259871ms] [LOG] [Fast Refresh] rebuilding @ webpack-internal:///(app-pages-browser)/../../node_modules/.pnpm/next@15.5.18_@babel+core@7.29.7_react-dom@19.2.6_react@19.2.6__react@19.2.6/node_modules/next/dist/client/dev/hot-reloader/app/hot-reloader-app.js:196
[  259875ms] [LOG] [Fast Refresh] done in 3ms @ webpack-internal:///(app-pages-browser)/../../node_modules/.pnpm/next@15.5.18_@babel+core@7.29.7_react-dom@19.2.6_react@19.2.6__react@19.2.6/node_modules/next/dist/client/dev/report-hmr-latency.js:13
[  259923ms] [LOG] [Fast Refresh] rebuilding @ webpack-internal:///(app-pages-browser)/../../node_modules/.pnpm/next@15.5.18_@babel+core@7.29.7_react-dom@19.2.6_react@19.2.6__react@19.2.6/node_modules/next/dist/client/dev/hot-reloader/app/hot-reloader-app.js:196
[  259926ms] [LOG] [Fast Refresh] done in 3ms @ webpack-internal:///(app-pages-browser)/../../node_modules/.pnpm/next@15.5.18_@babel+core@7.29.7_react-dom@19.2.6_react@19.2.6__react@19.2.6/node_modules/next/dist/client/dev/report-hmr-latency.js:13
[  259976ms] [LOG] [Fast Refresh] rebuilding @ webpack-internal:///(app-pages-browser)/../../node_modules/.pnpm/next@15.5.18_@babel+core@7.29.7_react-dom@19.2.6_react@19.2.6__react@19.2.6/node_modules/next/dist/client/dev/hot-reloader/app/hot-reloader-app.js:196
[  259980ms] [LOG] [Fast Refresh] done in 3ms @ webpack-internal:///(app-pages-browser)/../../node_modules/.pnpm/next@15.5.18_@babel+core@7.29.7_react-dom@19.2.6_react@19.2.6__react@19.2.6/node_modules/next/dist/client/dev/report-hmr-latency.js:13
[  260030ms] [LOG] [Fast Refresh] rebuilding @ webpack-internal:///(app-pages-browser)/../../node_modules/.pnpm/next@15.5.18_@babel+core@7.29.7_react-dom@19.2.6_react@19.2.6__react@19.2.6/node_modules/next/dist/client/dev/hot-reloader/app/hot-reloader-app.js:196
[  260034ms] [LOG] [Fast Refresh] done in 4ms @ webpack-internal:///(app-pages-browser)/../../node_modules/.pnpm/next@15.5.18_@babel+core@7.29.7_react-dom@19.2.6_react@19.2.6__react@19.2.6/node_modules/next/dist/client/dev/report-hmr-latency.js:13
[  260082ms] [LOG] [Fast Refresh] rebuilding @ webpack-internal:///(app-pages-browser)/../../node_modules/.pnpm/next@15.5.18_@babel+core@7.29.7_react-dom@19.2.6_react@19.2.6__react@19.2.6/node_modules/next/dist/client/dev/hot-reloader/app/hot-reloader-app.js:196
[  260086ms] [LOG] [Fast Refresh] done in 3ms @ webpack-internal:///(app-pages-browser)/../../node_modules/.pnpm/next@15.5.18_@babel+core@7.29.7_react-dom@19.2.6_react@19.2.6__react@19.2.6/node_modules/next/dist/client/dev/report-hmr-latency.js:13
[  260134ms] [LOG] [Fast Refresh] rebuilding @ webpack-internal:///(app-pages-browser)/../../node_modules/.pnpm/next@15.5.18_@babel+core@7.29.7_react-dom@19.2.6_react@19.2.6__react@19.2.6/node_modules/next/dist/client/dev/hot-reloader/app/hot-reloader-app.js:196
[  260138ms] [LOG] [Fast Refresh] done in 4ms @ webpack-internal:///(app-pages-browser)/../../node_modules/.pnpm/next@15.5.18_@babel+core@7.29.7_react-dom@19.2.6_react@19.2.6__react@19.2.6/node_modules/next/dist/client/dev/report-hmr-latency.js:13
[  260188ms] [LOG] [Fast Refresh] rebuilding @ webpack-internal:///(app-pages-browser)/../../node_modules/.pnpm/next@15.5.18_@babel+core@7.29.7_react-dom@19.2.6_react@19.2.6__react@19.2.6/node_modules/next/dist/client/dev/hot-reloader/app/hot-reloader-app.js:196
[  260192ms] [LOG] [Fast Refresh] done in 3ms @ webpack-internal:///(app-pages-browser)/../../node_modules/.pnpm/next@15.5.18_@babel+core@7.29.7_react-dom@19.2.6_react@19.2.6__react@19.2.6/node_modules/next/dist/client/dev/report-hmr-latency.js:13
[  260241ms] [LOG] [Fast Refresh] rebuilding @ webpack-internal:///(app-pages-browser)/../../node_modules/.pnpm/next@15.5.18_@babel+core@7.29.7_react-dom@19.2.6_react@19.2.6__react@19.2.6/node_modules/next/dist/client/dev/hot-reloader/app/hot-reloader-app.js:196
[  260244ms] [LOG] [Fast Refresh] done in 3ms @ webpack-internal:///(app-pages-browser)/../../node_modules/.pnpm/next@15.5.18_@babel+core@7.29.7_react-dom@19.2.6_react@19.2.6__react@19.2.6/node_modules/next/dist/client/dev/report-hmr-latency.js:13
[  260293ms] [LOG] [Fast Refresh] rebuilding @ webpack-internal:///(app-pages-browser)/../../node_modules/.pnpm/next@15.5.18_@babel+core@7.29.7_react-dom@19.2.6_react@19.2.6__react@19.2.6/node_modules/next/dist/client/dev/hot-reloader/app/hot-reloader-app.js:196
[  260310ms] [LOG] [Fast Refresh] done in 17ms @ webpack-internal:///(app-pages-browser)/../../node_modules/.pnpm/next@15.5.18_@babel+core@7.29.7_react-dom@19.2.6_react@19.2.6__react@19.2.6/node_modules/next/dist/client/dev/report-hmr-latency.js:13
[  260347ms] [LOG] [Fast Refresh] rebuilding @ webpack-internal:///(app-pages-browser)/../../node_modules/.pnpm/next@15.5.18_@babel+core@7.29.7_react-dom@19.2.6_react@19.2.6__react@19.2.6/node_modules/next/dist/client/dev/hot-reloader/app/hot-reloader-app.js:196
[  260352ms] [LOG] [Fast Refresh] done in 4ms @ webpack-internal:///(app-pages-browser)/../../node_modules/.pnpm/next@15.5.18_@babel+core@7.29.7_react-dom@19.2.6_react@19.2.6__react@19.2.6/node_modules/next/dist/client/dev/report-hmr-latency.js:13
[  260401ms] [LOG] [Fast Refresh] rebuilding @ webpack-internal:///(app-pages-browser)/../../node_modules/.pnpm/next@15.5.18_@babel+core@7.29.7_react-dom@19.2.6_react@19.2.6__react@19.2.6/node_modules/next/dist/client/dev/hot-reloader/app/hot-reloader-app.js:196
[  260404ms] [LOG] [Fast Refresh] done in 4ms @ webpack-internal:///(app-pages-browser)/../../node_modules/.pnpm/next@15.5.18_@babel+core@7.29.7_react-dom@19.2.6_react@19.2.6__react@19.2.6/node_modules/next/dist/client/dev/report-hmr-latency.js:13
[  260454ms] [LOG] [Fast Refresh] rebuilding @ webpack-internal:///(app-pages-browser)/../../node_modules/.pnpm/next@15.5.18_@babel+core@7.29.7_react-dom@19.2.6_react@19.2.6__react@19.2.6/node_modules/next/dist/client/dev/hot-reloader/app/hot-reloader-app.js:196
[  260457ms] [LOG] [Fast Refresh] done in 2ms @ webpack-internal:///(app-pages-browser)/../../node_modules/.pnpm/next@15.5.18_@babel+core@7.29.7_react-dom@19.2.6_react@19.2.6__react@19.2.6/node_modules/next/dist/client/dev/report-hmr-latency.js:13
[  260509ms] [LOG] [Fast Refresh] rebuilding @ webpack-internal:///(app-pages-browser)/../../node_modules/.pnpm/next@15.5.18_@babel+core@7.29.7_react-dom@19.2.6_react@19.2.6__react@19.2.6/node_modules/next/dist/client/dev/hot-reloader/app/hot-reloader-app.js:196
[  260518ms] [LOG] [Fast Refresh] done in 10ms @ webpack-internal:///(app-pages-browser)/../../node_modules/.pnpm/next@15.5.18_@babel+core@7.29.7_react-dom@19.2.6_react@19.2.6__react@19.2.6/node_modules/next/dist/client/dev/report-hmr-latency.js:13
[  260606ms] [LOG] [Fast Refresh] rebuilding @ webpack-internal:///(app-pages-browser)/../../node_modules/.pnpm/next@15.5.18_@babel+core@7.29.7_react-dom@19.2.6_react@19.2.6__react@19.2.6/node_modules/next/dist/client/dev/hot-reloader/app/hot-reloader-app.js:196
[  260609ms] [LOG] [Fast Refresh] done in 3ms @ webpack-internal:///(app-pages-browser)/../../node_modules/.pnpm/next@15.5.18_@babel+core@7.29.7_react-dom@19.2.6_react@19.2.6__react@19.2.6/node_modules/next/dist/client/dev/report-hmr-latency.js:13
[  260660ms] [LOG] [Fast Refresh] rebuilding @ webpack-internal:///(app-pages-browser)/../../node_modules/.pnpm/next@15.5.18_@babel+core@7.29.7_react-dom@19.2.6_react@19.2.6__react@19.2.6/node_modules/next/dist/client/dev/hot-reloader/app/hot-reloader-app.js:196
[  260663ms] [LOG] [Fast Refresh] done in 4ms @ webpack-internal:///(app-pages-browser)/../../node_modules/.pnpm/next@15.5.18_@babel+core@7.29.7_react-dom@19.2.6_react@19.2.6__react@19.2.6/node_modules/next/dist/client/dev/report-hmr-latency.js:13
[  260715ms] [LOG] [Fast Refresh] rebuilding @ webpack-internal:///(app-pages-browser)/../../node_modules/.pnpm/next@15.5.18_@babel+core@7.29.7_react-dom@19.2.6_react@19.2.6__react@19.2.6/node_modules/next/dist/client/dev/hot-reloader/app/hot-reloader-app.js:196
[  260719ms] [LOG] [Fast Refresh] done in 3ms @ webpack-internal:///(app-pages-browser)/../../node_modules/.pnpm/next@15.5.18_@babel+core@7.29.7_react-dom@19.2.6_react@19.2.6__react@19.2.6/node_modules/next/dist/client/dev/report-hmr-latency.js:13
[  260769ms] [LOG] [Fast Refresh] rebuilding @ webpack-internal:///(app-pages-browser)/../../node_modules/.pnpm/next@15.5.18_@babel+core@7.29.7_react-dom@19.2.6_react@19.2.6__react@19.2.6/node_modules/next/dist/client/dev/hot-reloader/app/hot-reloader-app.js:196
[  260773ms] [LOG] [Fast Refresh] done in 3ms @ webpack-internal:///(app-pages-browser)/../../node_modules/.pnpm/next@15.5.18_@babel+core@7.29.7_react-dom@19.2.6_react@19.2.6__react@19.2.6/node_modules/next/dist/client/dev/report-hmr-latency.js:13
[  260821ms] [LOG] [Fast Refresh] rebuilding @ webpack-internal:///(app-pages-browser)/../../node_modules/.pnpm/next@15.5.18_@babel+core@7.29.7_react-dom@19.2.6_react@19.2.6__react@19.2.6/node_modules/next/dist/client/dev/hot-reloader/app/hot-reloader-app.js:196
[  260824ms] [LOG] [Fast Refresh] done in 3ms @ webpack-internal:///(app-pages-browser)/../../node_modules/.pnpm/next@15.5.18_@babel+core@7.29.7_react-dom@19.2.6_react@19.2.6__react@19.2.6/node_modules/next/dist/client/dev/report-hmr-latency.js:13
[  260875ms] [LOG] [Fast Refresh] rebuilding @ webpack-internal:///(app-pages-browser)/../../node_modules/.pnpm/next@15.5.18_@babel+core@7.29.7_react-dom@19.2.6_react@19.2.6__react@19.2.6/node_modules/next/dist/client/dev/hot-reloader/app/hot-reloader-app.js:196
[  260878ms] [LOG] [Fast Refresh] done in 4ms @ webpack-internal:///(app-pages-browser)/../../node_modules/.pnpm/next@15.5.18_@babel+core@7.29.7_react-dom@19.2.6_react@19.2.6__react@19.2.6/node_modules/next/dist/client/dev/report-hmr-latency.js:13
[  260931ms] [LOG] [Fast Refresh] rebuilding @ webpack-internal:///(app-pages-browser)/../../node_modules/.pnpm/next@15.5.18_@babel+core@7.29.7_react-dom@19.2.6_react@19.2.6__react@19.2.6/node_modules/next/dist/client/dev/hot-reloader/app/hot-reloader-app.js:196
[  260935ms] [LOG] [Fast Refresh] done in 4ms @ webpack-internal:///(app-pages-browser)/../../node_modules/.pnpm/next@15.5.18_@babel+core@7.29.7_react-dom@19.2.6_react@19.2.6__react@19.2.6/node_modules/next/dist/client/dev/report-hmr-latency.js:13
[  260987ms] [LOG] [Fast Refresh] rebuilding @ webpack-internal:///(app-pages-browser)/../../node_modules/.pnpm/next@15.5.18_@babel+core@7.29.7_react-dom@19.2.6_react@19.2.6__react@19.2.6/node_modules/next/dist/client/dev/hot-reloader/app/hot-reloader-app.js:196
[  260990ms] [LOG] [Fast Refresh] done in 3ms @ webpack-internal:///(app-pages-browser)/../../node_modules/.pnpm/next@15.5.18_@babel+core@7.29.7_react-dom@19.2.6_react@19.2.6__react@19.2.6/node_modules/next/dist/client/dev/report-hmr-latency.js:13
[  261038ms] [LOG] [Fast Refresh] rebuilding @ webpack-internal:///(app-pages-browser)/../../node_modules/.pnpm/next@15.5.18_@babel+core@7.29.7_react-dom@19.2.6_react@19.2.6__react@19.2.6/node_modules/next/dist/client/dev/hot-reloader/app/hot-reloader-app.js:196
[  261042ms] [LOG] [Fast Refresh] done in 4ms @ webpack-internal:///(app-pages-browser)/../../node_modules/.pnpm/next@15.5.18_@babel+core@7.29.7_react-dom@19.2.6_react@19.2.6__react@19.2.6/node_modules/next/dist/client/dev/report-hmr-latency.js:13
[  261094ms] [LOG] [Fast Refresh] rebuilding @ webpack-internal:///(app-pages-browser)/../../node_modules/.pnpm/next@15.5.18_@babel+core@7.29.7_react-dom@19.2.6_react@19.2.6__react@19.2.6/node_modules/next/dist/client/dev/hot-reloader/app/hot-reloader-app.js:196
[  261097ms] [LOG] [Fast Refresh] done in 3ms @ webpack-internal:///(app-pages-browser)/../../node_modules/.pnpm/next@15.5.18_@babel+core@7.29.7_react-dom@19.2.6_react@19.2.6__react@19.2.6/node_modules/next/dist/client/dev/report-hmr-latency.js:13
[  261146ms] [LOG] [Fast Refresh] rebuilding @ webpack-internal:///(app-pages-browser)/../../node_modules/.pnpm/next@15.5.18_@babel+core@7.29.7_react-dom@19.2.6_react@19.2.6__react@19.2.6/node_modules/next/dist/client/dev/hot-reloader/app/hot-reloader-app.js:196
[  261150ms] [LOG] [Fast Refresh] done in 5ms @ webpack-internal:///(app-pages-browser)/../../node_modules/.pnpm/next@15.5.18_@babel+core@7.29.7_react-dom@19.2.6_react@19.2.6__react@19.2.6/node_modules/next/dist/client/dev/report-hmr-latency.js:13
[  261201ms] [LOG] [Fast Refresh] rebuilding @ webpack-internal:///(app-pages-browser)/../../node_modules/.pnpm/next@15.5.18_@babel+core@7.29.7_react-dom@19.2.6_react@19.2.6__react@19.2.6/node_modules/next/dist/client/dev/hot-reloader/app/hot-reloader-app.js:196
[  261204ms] [LOG] [Fast Refresh] done in 3ms @ webpack-internal:///(app-pages-browser)/../../node_modules/.pnpm/next@15.5.18_@babel+core@7.29.7_react-dom@19.2.6_react@19.2.6__react@19.2.6/node_modules/next/dist/client/dev/report-hmr-latency.js:13
[  261258ms] [LOG] [Fast Refresh] rebuilding @ webpack-internal:///(app-pages-browser)/../../node_modules/.pnpm/next@15.5.18_@babel+core@7.29.7_react-dom@19.2.6_react@19.2.6__react@19.2.6/node_modules/next/dist/client/dev/hot-reloader/app/hot-reloader-app.js:196
[  261261ms] [LOG] [Fast Refresh] done in 4ms @ webpack-internal:///(app-pages-browser)/../../node_modules/.pnpm/next@15.5.18_@babel+core@7.29.7_react-dom@19.2.6_react@19.2.6__react@19.2.6/node_modules/next/dist/client/dev/report-hmr-latency.js:13
[  261310ms] [LOG] [Fast Refresh] rebuilding @ webpack-internal:///(app-pages-browser)/../../node_modules/.pnpm/next@15.5.18_@babel+core@7.29.7_react-dom@19.2.6_react@19.2.6__react@19.2.6/node_modules/next/dist/client/dev/hot-reloader/app/hot-reloader-app.js:196
[  261325ms] [LOG] [Fast Refresh] done in 15ms @ webpack-internal:///(app-pages-browser)/../../node_modules/.pnpm/next@15.5.18_@babel+core@7.29.7_react-dom@19.2.6_react@19.2.6__react@19.2.6/node_modules/next/dist/client/dev/report-hmr-latency.js:13
[  261362ms] [LOG] [Fast Refresh] rebuilding @ webpack-internal:///(app-pages-browser)/../../node_modules/.pnpm/next@15.5.18_@babel+core@7.29.7_react-dom@19.2.6_react@19.2.6__react@19.2.6/node_modules/next/dist/client/dev/hot-reloader/app/hot-reloader-app.js:196
[  261366ms] [LOG] [Fast Refresh] done in 4ms @ webpack-internal:///(app-pages-browser)/../../node_modules/.pnpm/next@15.5.18_@babel+core@7.29.7_react-dom@19.2.6_react@19.2.6__react@19.2.6/node_modules/next/dist/client/dev/report-hmr-latency.js:13
[  261431ms] [LOG] [Fast Refresh] rebuilding @ webpack-internal:///(app-pages-browser)/../../node_modules/.pnpm/next@15.5.18_@babel+core@7.29.7_react-dom@19.2.6_react@19.2.6__react@19.2.6/node_modules/next/dist/client/dev/hot-reloader/app/hot-reloader-app.js:196
[  261450ms] [LOG] [Fast Refresh] done in 19ms @ webpack-internal:///(app-pages-browser)/../../node_modules/.pnpm/next@15.5.18_@babel+core@7.29.7_react-dom@19.2.6_react@19.2.6__react@19.2.6/node_modules/next/dist/client/dev/report-hmr-latency.js:13
[  261502ms] [LOG] [Fast Refresh] rebuilding @ webpack-internal:///(app-pages-browser)/../../node_modules/.pnpm/next@15.5.18_@babel+core@7.29.7_react-dom@19.2.6_react@19.2.6__react@19.2.6/node_modules/next/dist/client/dev/hot-reloader/app/hot-reloader-app.js:196
[  261505ms] [LOG] [Fast Refresh] done in 3ms @ webpack-internal:///(app-pages-browser)/../../node_modules/.pnpm/next@15.5.18_@babel+core@7.29.7_react-dom@19.2.6_react@19.2.6__react@19.2.6/node_modules/next/dist/client/dev/report-hmr-latency.js:13
[  261556ms] [LOG] [Fast Refresh] rebuilding @ webpack-internal:///(app-pages-browser)/../../node_modules/.pnpm/next@15.5.18_@babel+core@7.29.7_react-dom@19.2.6_react@19.2.6__react@19.2.6/node_modules/next/dist/client/dev/hot-reloader/app/hot-reloader-app.js:196
[  261559ms] [LOG] [Fast Refresh] done in 3ms @ webpack-internal:///(app-pages-browser)/../../node_modules/.pnpm/next@15.5.18_@babel+core@7.29.7_react-dom@19.2.6_react@19.2.6__react@19.2.6/node_modules/next/dist/client/dev/report-hmr-latency.js:13
[  261608ms] [LOG] [Fast Refresh] rebuilding @ webpack-internal:///(app-pages-browser)/../../node_modules/.pnpm/next@15.5.18_@babel+core@7.29.7_react-dom@19.2.6_react@19.2.6__react@19.2.6/node_modules/next/dist/client/dev/hot-reloader/app/hot-reloader-app.js:196
[  261611ms] [LOG] [Fast Refresh] done in 3ms @ webpack-internal:///(app-pages-browser)/../../node_modules/.pnpm/next@15.5.18_@babel+core@7.29.7_react-dom@19.2.6_react@19.2.6__react@19.2.6/node_modules/next/dist/client/dev/report-hmr-latency.js:13
[  261660ms] [LOG] [Fast Refresh] rebuilding @ webpack-internal:///(app-pages-browser)/../../node_modules/.pnpm/next@15.5.18_@babel+core@7.29.7_react-dom@19.2.6_react@19.2.6__react@19.2.6/node_modules/next/dist/client/dev/hot-reloader/app/hot-reloader-app.js:196
[  261663ms] [LOG] [Fast Refresh] done in 4ms @ webpack-internal:///(app-pages-browser)/../../node_modules/.pnpm/next@15.5.18_@babel+core@7.29.7_react-dom@19.2.6_react@19.2.6__react@19.2.6/node_modules/next/dist/client/dev/report-hmr-latency.js:13
[  261713ms] [LOG] [Fast Refresh] rebuilding @ webpack-internal:///(app-pages-browser)/../../node_modules/.pnpm/next@15.5.18_@babel+core@7.29.7_react-dom@19.2.6_react@19.2.6__react@19.2.6/node_modules/next/dist/client/dev/hot-reloader/app/hot-reloader-app.js:196
[  261717ms] [LOG] [Fast Refresh] done in 3ms @ webpack-internal:///(app-pages-browser)/../../node_modules/.pnpm/next@15.5.18_@babel+core@7.29.7_react-dom@19.2.6_react@19.2.6__react@19.2.6/node_modules/next/dist/client/dev/report-hmr-latency.js:13
[  261766ms] [LOG] [Fast Refresh] rebuilding @ webpack-internal:///(app-pages-browser)/../../node_modules/.pnpm/next@15.5.18_@babel+core@7.29.7_react-dom@19.2.6_react@19.2.6__react@19.2.6/node_modules/next/dist/client/dev/hot-reloader/app/hot-reloader-app.js:196
[  261770ms] [LOG] [Fast Refresh] done in 4ms @ webpack-internal:///(app-pages-browser)/../../node_modules/.pnpm/next@15.5.18_@babel+core@7.29.7_react-dom@19.2.6_react@19.2.6__react@19.2.6/node_modules/next/dist/client/dev/report-hmr-latency.js:13
[  261821ms] [LOG] [Fast Refresh] rebuilding @ webpack-internal:///(app-pages-browser)/../../node_modules/.pnpm/next@15.5.18_@babel+core@7.29.7_react-dom@19.2.6_react@19.2.6__react@19.2.6/node_modules/next/dist/client/dev/hot-reloader/app/hot-reloader-app.js:196
[  261834ms] [LOG] [Fast Refresh] done in 12ms @ webpack-internal:///(app-pages-browser)/../../node_modules/.pnpm/next@15.5.18_@babel+core@7.29.7_react-dom@19.2.6_react@19.2.6__react@19.2.6/node_modules/next/dist/client/dev/report-hmr-latency.js:13
[  261914ms] [LOG] [Fast Refresh] rebuilding @ webpack-internal:///(app-pages-browser)/../../node_modules/.pnpm/next@15.5.18_@babel+core@7.29.7_react-dom@19.2.6_react@19.2.6__react@19.2.6/node_modules/next/dist/client/dev/hot-reloader/app/hot-reloader-app.js:196
[  261918ms] [LOG] [Fast Refresh] done in 5ms @ webpack-internal:///(app-pages-browser)/../../node_modules/.pnpm/next@15.5.18_@babel+core@7.29.7_react-dom@19.2.6_react@19.2.6__react@19.2.6/node_modules/next/dist/client/dev/report-hmr-latency.js:13
[  261968ms] [LOG] [Fast Refresh] rebuilding @ webpack-internal:///(app-pages-browser)/../../node_modules/.pnpm/next@15.5.18_@babel+core@7.29.7_react-dom@19.2.6_react@19.2.6__react@19.2.6/node_modules/next/dist/client/dev/hot-reloader/app/hot-reloader-app.js:196
[  261972ms] [LOG] [Fast Refresh] done in 3ms @ webpack-internal:///(app-pages-browser)/../../node_modules/.pnpm/next@15.5.18_@babel+core@7.29.7_react-dom@19.2.6_react@19.2.6__react@19.2.6/node_modules/next/dist/client/dev/report-hmr-latency.js:13
[  262021ms] [LOG] [Fast Refresh] rebuilding @ webpack-internal:///(app-pages-browser)/../../node_modules/.pnpm/next@15.5.18_@babel+core@7.29.7_react-dom@19.2.6_react@19.2.6__react@19.2.6/node_modules/next/dist/client/dev/hot-reloader/app/hot-reloader-app.js:196
[  262025ms] [LOG] [Fast Refresh] done in 3ms @ webpack-internal:///(app-pages-browser)/../../node_modules/.pnpm/next@15.5.18_@babel+core@7.29.7_react-dom@19.2.6_react@19.2.6__react@19.2.6/node_modules/next/dist/client/dev/report-hmr-latency.js:13
[  262073ms] [LOG] [Fast Refresh] rebuilding @ webpack-internal:///(app-pages-browser)/../../node_modules/.pnpm/next@15.5.18_@babel+core@7.29.7_react-dom@19.2.6_react@19.2.6__react@19.2.6/node_modules/next/dist/client/dev/hot-reloader/app/hot-reloader-app.js:196
[  262076ms] [LOG] [Fast Refresh] done in 3ms @ webpack-internal:///(app-pages-browser)/../../node_modules/.pnpm/next@15.5.18_@babel+core@7.29.7_react-dom@19.2.6_react@19.2.6__react@19.2.6/node_modules/next/dist/client/dev/report-hmr-latency.js:13
[  262124ms] [LOG] [Fast Refresh] rebuilding @ webpack-internal:///(app-pages-browser)/../../node_modules/.pnpm/next@15.5.18_@babel+core@7.29.7_react-dom@19.2.6_react@19.2.6__react@19.2.6/node_modules/next/dist/client/dev/hot-reloader/app/hot-reloader-app.js:196
[  262128ms] [LOG] [Fast Refresh] done in 3ms @ webpack-internal:///(app-pages-browser)/../../node_modules/.pnpm/next@15.5.18_@babel+core@7.29.7_react-dom@19.2.6_react@19.2.6__react@19.2.6/node_modules/next/dist/client/dev/report-hmr-latency.js:13
[  262177ms] [LOG] [Fast Refresh] rebuilding @ webpack-internal:///(app-pages-browser)/../../node_modules/.pnpm/next@15.5.18_@babel+core@7.29.7_react-dom@19.2.6_react@19.2.6__react@19.2.6/node_modules/next/dist/client/dev/hot-reloader/app/hot-reloader-app.js:196
[  262180ms] [LOG] [Fast Refresh] done in 3ms @ webpack-internal:///(app-pages-browser)/../../node_modules/.pnpm/next@15.5.18_@babel+core@7.29.7_react-dom@19.2.6_react@19.2.6__react@19.2.6/node_modules/next/dist/client/dev/report-hmr-latency.js:13
[  262229ms] [LOG] [Fast Refresh] rebuilding @ webpack-internal:///(app-pages-browser)/../../node_modules/.pnpm/next@15.5.18_@babel+core@7.29.7_react-dom@19.2.6_react@19.2.6__react@19.2.6/node_modules/next/dist/client/dev/hot-reloader/app/hot-reloader-app.js:196
[  262233ms] [LOG] [Fast Refresh] done in 4ms @ webpack-internal:///(app-pages-browser)/../../node_modules/.pnpm/next@15.5.18_@babel+core@7.29.7_react-dom@19.2.6_react@19.2.6__react@19.2.6/node_modules/next/dist/client/dev/report-hmr-latency.js:13
[  262283ms] [LOG] [Fast Refresh] rebuilding @ webpack-internal:///(app-pages-browser)/../../node_modules/.pnpm/next@15.5.18_@babel+core@7.29.7_react-dom@19.2.6_react@19.2.6__react@19.2.6/node_modules/next/dist/client/dev/hot-reloader/app/hot-reloader-app.js:196
[  262286ms] [LOG] [Fast Refresh] done in 3ms @ webpack-internal:///(app-pages-browser)/../../node_modules/.pnpm/next@15.5.18_@babel+core@7.29.7_react-dom@19.2.6_react@19.2.6__react@19.2.6/node_modules/next/dist/client/dev/report-hmr-latency.js:13
[  262335ms] [LOG] [Fast Refresh] rebuilding @ webpack-internal:///(app-pages-browser)/../../node_modules/.pnpm/next@15.5.18_@babel+core@7.29.7_react-dom@19.2.6_react@19.2.6__react@19.2.6/node_modules/next/dist/client/dev/hot-reloader/app/hot-reloader-app.js:196
[  262339ms] [LOG] [Fast Refresh] done in 3ms @ webpack-internal:///(app-pages-browser)/../../node_modules/.pnpm/next@15.5.18_@babel+core@7.29.7_react-dom@19.2.6_react@19.2.6__react@19.2.6/node_modules/next/dist/client/dev/report-hmr-latency.js:13
[  262391ms] [LOG] [Fast Refresh] rebuilding @ webpack-internal:///(app-pages-browser)/../../node_modules/.pnpm/next@15.5.18_@babel+core@7.29.7_react-dom@19.2.6_react@19.2.6__react@19.2.6/node_modules/next/dist/client/dev/hot-reloader/app/hot-reloader-app.js:196
[  262395ms] [LOG] [Fast Refresh] done in 3ms @ webpack-internal:///(app-pages-browser)/../../node_modules/.pnpm/next@15.5.18_@babel+core@7.29.7_react-dom@19.2.6_react@19.2.6__react@19.2.6/node_modules/next/dist/client/dev/report-hmr-latency.js:13
[  262444ms] [LOG] [Fast Refresh] rebuilding @ webpack-internal:///(app-pages-browser)/../../node_modules/.pnpm/next@15.5.18_@babel+core@7.29.7_react-dom@19.2.6_react@19.2.6__react@19.2.6/node_modules/next/dist/client/dev/hot-reloader/app/hot-reloader-app.js:196
[  262447ms] [LOG] [Fast Refresh] done in 4ms @ webpack-internal:///(app-pages-browser)/../../node_modules/.pnpm/next@15.5.18_@babel+core@7.29.7_react-dom@19.2.6_react@19.2.6__react@19.2.6/node_modules/next/dist/client/dev/report-hmr-latency.js:13
[  262495ms] [LOG] [Fast Refresh] rebuilding @ webpack-internal:///(app-pages-browser)/../../node_modules/.pnpm/next@15.5.18_@babel+core@7.29.7_react-dom@19.2.6_react@19.2.6__react@19.2.6/node_modules/next/dist/client/dev/hot-reloader/app/hot-reloader-app.js:196
[  262498ms] [LOG] [Fast Refresh] done in 3ms @ webpack-internal:///(app-pages-browser)/../../node_modules/.pnpm/next@15.5.18_@babel+core@7.29.7_react-dom@19.2.6_react@19.2.6__react@19.2.6/node_modules/next/dist/client/dev/report-hmr-latency.js:13
[  262545ms] [LOG] [Fast Refresh] rebuilding @ webpack-internal:///(app-pages-browser)/../../node_modules/.pnpm/next@15.5.18_@babel+core@7.29.7_react-dom@19.2.6_react@19.2.6__react@19.2.6/node_modules/next/dist/client/dev/hot-reloader/app/hot-reloader-app.js:196
[  262549ms] [LOG] [Fast Refresh] done in 3ms @ webpack-internal:///(app-pages-browser)/../../node_modules/.pnpm/next@15.5.18_@babel+core@7.29.7_react-dom@19.2.6_react@19.2.6__react@19.2.6/node_modules/next/dist/client/dev/report-hmr-latency.js:13
[  262598ms] [LOG] [Fast Refresh] rebuilding @ webpack-internal:///(app-pages-browser)/../../node_modules/.pnpm/next@15.5.18_@babel+core@7.29.7_react-dom@19.2.6_react@19.2.6__react@19.2.6/node_modules/next/dist/client/dev/hot-reloader/app/hot-reloader-app.js:196
[  262602ms] [LOG] [Fast Refresh] done in 4ms @ webpack-internal:///(app-pages-browser)/../../node_modules/.pnpm/next@15.5.18_@babel+core@7.29.7_react-dom@19.2.6_react@19.2.6__react@19.2.6/node_modules/next/dist/client/dev/report-hmr-latency.js:13
[  262652ms] [LOG] [Fast Refresh] rebuilding @ webpack-internal:///(app-pages-browser)/../../node_modules/.pnpm/next@15.5.18_@babel+core@7.29.7_react-dom@19.2.6_react@19.2.6__react@19.2.6/node_modules/next/dist/client/dev/hot-reloader/app/hot-reloader-app.js:196
[  262655ms] [LOG] [Fast Refresh] done in 3ms @ webpack-internal:///(app-pages-browser)/../../node_modules/.pnpm/next@15.5.18_@babel+core@7.29.7_react-dom@19.2.6_react@19.2.6__react@19.2.6/node_modules/next/dist/client/dev/report-hmr-latency.js:13
[  262707ms] [LOG] [Fast Refresh] rebuilding @ webpack-internal:///(app-pages-browser)/../../node_modules/.pnpm/next@15.5.18_@babel+core@7.29.7_react-dom@19.2.6_react@19.2.6__react@19.2.6/node_modules/next/dist/client/dev/hot-reloader/app/hot-reloader-app.js:196
[  262710ms] [LOG] [Fast Refresh] done in 3ms @ webpack-internal:///(app-pages-browser)/../../node_modules/.pnpm/next@15.5.18_@babel+core@7.29.7_react-dom@19.2.6_react@19.2.6__react@19.2.6/node_modules/next/dist/client/dev/report-hmr-latency.js:13
[  262759ms] [LOG] [Fast Refresh] rebuilding @ webpack-internal:///(app-pages-browser)/../../node_modules/.pnpm/next@15.5.18_@babel+core@7.29.7_react-dom@19.2.6_react@19.2.6__react@19.2.6/node_modules/next/dist/client/dev/hot-reloader/app/hot-reloader-app.js:196
[  262762ms] [LOG] [Fast Refresh] done in 4ms @ webpack-internal:///(app-pages-browser)/../../node_modules/.pnpm/next@15.5.18_@babel+core@7.29.7_react-dom@19.2.6_react@19.2.6__react@19.2.6/node_modules/next/dist/client/dev/report-hmr-latency.js:13
[  262809ms] [LOG] [Fast Refresh] rebuilding @ webpack-internal:///(app-pages-browser)/../../node_modules/.pnpm/next@15.5.18_@babel+core@7.29.7_react-dom@19.2.6_react@19.2.6__react@19.2.6/node_modules/next/dist/client/dev/hot-reloader/app/hot-reloader-app.js:196
[  262812ms] [LOG] [Fast Refresh] done in 3ms @ webpack-internal:///(app-pages-browser)/../../node_modules/.pnpm/next@15.5.18_@babel+core@7.29.7_react-dom@19.2.6_react@19.2.6__react@19.2.6/node_modules/next/dist/client/dev/report-hmr-latency.js:13
[  262863ms] [LOG] [Fast Refresh] rebuilding @ webpack-internal:///(app-pages-browser)/../../node_modules/.pnpm/next@15.5.18_@babel+core@7.29.7_react-dom@19.2.6_react@19.2.6__react@19.2.6/node_modules/next/dist/client/dev/hot-reloader/app/hot-reloader-app.js:196
[  262866ms] [LOG] [Fast Refresh] done in 4ms @ webpack-internal:///(app-pages-browser)/../../node_modules/.pnpm/next@15.5.18_@babel+core@7.29.7_react-dom@19.2.6_react@19.2.6__react@19.2.6/node_modules/next/dist/client/dev/report-hmr-latency.js:13
[  262916ms] [LOG] [Fast Refresh] rebuilding @ webpack-internal:///(app-pages-browser)/../../node_modules/.pnpm/next@15.5.18_@babel+core@7.29.7_react-dom@19.2.6_react@19.2.6__react@19.2.6/node_modules/next/dist/client/dev/hot-reloader/app/hot-reloader-app.js:196
[  262919ms] [LOG] [Fast Refresh] done in 4ms @ webpack-internal:///(app-pages-browser)/../../node_modules/.pnpm/next@15.5.18_@babel+core@7.29.7_react-dom@19.2.6_react@19.2.6__react@19.2.6/node_modules/next/dist/client/dev/report-hmr-latency.js:13
[  262968ms] [LOG] [Fast Refresh] rebuilding @ webpack-internal:///(app-pages-browser)/../../node_modules/.pnpm/next@15.5.18_@babel+core@7.29.7_react-dom@19.2.6_react@19.2.6__react@19.2.6/node_modules/next/dist/client/dev/hot-reloader/app/hot-reloader-app.js:196
[  262972ms] [LOG] [Fast Refresh] done in 4ms @ webpack-internal:///(app-pages-browser)/../../node_modules/.pnpm/next@15.5.18_@babel+core@7.29.7_react-dom@19.2.6_react@19.2.6__react@19.2.6/node_modules/next/dist/client/dev/report-hmr-latency.js:13
[  263022ms] [LOG] [Fast Refresh] rebuilding @ webpack-internal:///(app-pages-browser)/../../node_modules/.pnpm/next@15.5.18_@babel+core@7.29.7_react-dom@19.2.6_react@19.2.6__react@19.2.6/node_modules/next/dist/client/dev/hot-reloader/app/hot-reloader-app.js:196
[  263026ms] [LOG] [Fast Refresh] done in 4ms @ webpack-internal:///(app-pages-browser)/../../node_modules/.pnpm/next@15.5.18_@babel+core@7.29.7_react-dom@19.2.6_react@19.2.6__react@19.2.6/node_modules/next/dist/client/dev/report-hmr-latency.js:13
[  263076ms] [LOG] [Fast Refresh] rebuilding @ webpack-internal:///(app-pages-browser)/../../node_modules/.pnpm/next@15.5.18_@babel+core@7.29.7_react-dom@19.2.6_react@19.2.6__react@19.2.6/node_modules/next/dist/client/dev/hot-reloader/app/hot-reloader-app.js:196
[  263087ms] [LOG] [Fast Refresh] done in 12ms @ webpack-internal:///(app-pages-browser)/../../node_modules/.pnpm/next@15.5.18_@babel+core@7.29.7_react-dom@19.2.6_react@19.2.6__react@19.2.6/node_modules/next/dist/client/dev/report-hmr-latency.js:13
[  263161ms] [LOG] [Fast Refresh] rebuilding @ webpack-internal:///(app-pages-browser)/../../node_modules/.pnpm/next@15.5.18_@babel+core@7.29.7_react-dom@19.2.6_react@19.2.6__react@19.2.6/node_modules/next/dist/client/dev/hot-reloader/app/hot-reloader-app.js:196
[  263165ms] [LOG] [Fast Refresh] done in 3ms @ webpack-internal:///(app-pages-browser)/../../node_modules/.pnpm/next@15.5.18_@babel+core@7.29.7_react-dom@19.2.6_react@19.2.6__react@19.2.6/node_modules/next/dist/client/dev/report-hmr-latency.js:13
[  263216ms] [LOG] [Fast Refresh] rebuilding @ webpack-internal:///(app-pages-browser)/../../node_modules/.pnpm/next@15.5.18_@babel+core@7.29.7_react-dom@19.2.6_react@19.2.6__react@19.2.6/node_modules/next/dist/client/dev/hot-reloader/app/hot-reloader-app.js:196
[  263220ms] [LOG] [Fast Refresh] done in 4ms @ webpack-internal:///(app-pages-browser)/../../node_modules/.pnpm/next@15.5.18_@babel+core@7.29.7_react-dom@19.2.6_react@19.2.6__react@19.2.6/node_modules/next/dist/client/dev/report-hmr-latency.js:13
[  263271ms] [LOG] [Fast Refresh] rebuilding @ webpack-internal:///(app-pages-browser)/../../node_modules/.pnpm/next@15.5.18_@babel+core@7.29.7_react-dom@19.2.6_react@19.2.6__react@19.2.6/node_modules/next/dist/client/dev/hot-reloader/app/hot-reloader-app.js:196
[  263274ms] [LOG] [Fast Refresh] done in 3ms @ webpack-internal:///(app-pages-browser)/../../node_modules/.pnpm/next@15.5.18_@babel+core@7.29.7_react-dom@19.2.6_react@19.2.6__react@19.2.6/node_modules/next/dist/client/dev/report-hmr-latency.js:13
[  263322ms] [LOG] [Fast Refresh] rebuilding @ webpack-internal:///(app-pages-browser)/../../node_modules/.pnpm/next@15.5.18_@babel+core@7.29.7_react-dom@19.2.6_react@19.2.6__react@19.2.6/node_modules/next/dist/client/dev/hot-reloader/app/hot-reloader-app.js:196
[  263325ms] [LOG] [Fast Refresh] done in 4ms @ webpack-internal:///(app-pages-browser)/../../node_modules/.pnpm/next@15.5.18_@babel+core@7.29.7_react-dom@19.2.6_react@19.2.6__react@19.2.6/node_modules/next/dist/client/dev/report-hmr-latency.js:13
[  263376ms] [LOG] [Fast Refresh] rebuilding @ webpack-internal:///(app-pages-browser)/../../node_modules/.pnpm/next@15.5.18_@babel+core@7.29.7_react-dom@19.2.6_react@19.2.6__react@19.2.6/node_modules/next/dist/client/dev/hot-reloader/app/hot-reloader-app.js:196
[  263379ms] [LOG] [Fast Refresh] done in 4ms @ webpack-internal:///(app-pages-browser)/../../node_modules/.pnpm/next@15.5.18_@babel+core@7.29.7_react-dom@19.2.6_react@19.2.6__react@19.2.6/node_modules/next/dist/client/dev/report-hmr-latency.js:13
[  263428ms] [LOG] [Fast Refresh] rebuilding @ webpack-internal:///(app-pages-browser)/../../node_modules/.pnpm/next@15.5.18_@babel+core@7.29.7_react-dom@19.2.6_react@19.2.6__react@19.2.6/node_modules/next/dist/client/dev/hot-reloader/app/hot-reloader-app.js:196
[  263432ms] [LOG] [Fast Refresh] done in 4ms @ webpack-internal:///(app-pages-browser)/../../node_modules/.pnpm/next@15.5.18_@babel+core@7.29.7_react-dom@19.2.6_react@19.2.6__react@19.2.6/node_modules/next/dist/client/dev/report-hmr-latency.js:13
[  263480ms] [LOG] [Fast Refresh] rebuilding @ webpack-internal:///(app-pages-browser)/../../node_modules/.pnpm/next@15.5.18_@babel+core@7.29.7_react-dom@19.2.6_react@19.2.6__react@19.2.6/node_modules/next/dist/client/dev/hot-reloader/app/hot-reloader-app.js:196
[  263484ms] [LOG] [Fast Refresh] done in 3ms @ webpack-internal:///(app-pages-browser)/../../node_modules/.pnpm/next@15.5.18_@babel+core@7.29.7_react-dom@19.2.6_react@19.2.6__react@19.2.6/node_modules/next/dist/client/dev/report-hmr-latency.js:13
[  263532ms] [LOG] [Fast Refresh] rebuilding @ webpack-internal:///(app-pages-browser)/../../node_modules/.pnpm/next@15.5.18_@babel+core@7.29.7_react-dom@19.2.6_react@19.2.6__react@19.2.6/node_modules/next/dist/client/dev/hot-reloader/app/hot-reloader-app.js:196
[  263536ms] [LOG] [Fast Refresh] done in 4ms @ webpack-internal:///(app-pages-browser)/../../node_modules/.pnpm/next@15.5.18_@babel+core@7.29.7_react-dom@19.2.6_react@19.2.6__react@19.2.6/node_modules/next/dist/client/dev/report-hmr-latency.js:13
[  263584ms] [LOG] [Fast Refresh] rebuilding @ webpack-internal:///(app-pages-browser)/../../node_modules/.pnpm/next@15.5.18_@babel+core@7.29.7_react-dom@19.2.6_react@19.2.6__react@19.2.6/node_modules/next/dist/client/dev/hot-reloader/app/hot-reloader-app.js:196
[  263588ms] [LOG] [Fast Refresh] done in 3ms @ webpack-internal:///(app-pages-browser)/../../node_modules/.pnpm/next@15.5.18_@babel+core@7.29.7_react-dom@19.2.6_react@19.2.6__react@19.2.6/node_modules/next/dist/client/dev/report-hmr-latency.js:13
[  263639ms] [LOG] [Fast Refresh] rebuilding @ webpack-internal:///(app-pages-browser)/../../node_modules/.pnpm/next@15.5.18_@babel+core@7.29.7_react-dom@19.2.6_react@19.2.6__react@19.2.6/node_modules/next/dist/client/dev/hot-reloader/app/hot-reloader-app.js:196
[  263642ms] [LOG] [Fast Refresh] done in 3ms @ webpack-internal:///(app-pages-browser)/../../node_modules/.pnpm/next@15.5.18_@babel+core@7.29.7_react-dom@19.2.6_react@19.2.6__react@19.2.6/node_modules/next/dist/client/dev/report-hmr-latency.js:13
[  263694ms] [LOG] [Fast Refresh] rebuilding @ webpack-internal:///(app-pages-browser)/../../node_modules/.pnpm/next@15.5.18_@babel+core@7.29.7_react-dom@19.2.6_react@19.2.6__react@19.2.6/node_modules/next/dist/client/dev/hot-reloader/app/hot-reloader-app.js:196
[  263697ms] [LOG] [Fast Refresh] done in 4ms @ webpack-internal:///(app-pages-browser)/../../node_modules/.pnpm/next@15.5.18_@babel+core@7.29.7_react-dom@19.2.6_react@19.2.6__react@19.2.6/node_modules/next/dist/client/dev/report-hmr-latency.js:13
[  263750ms] [LOG] [Fast Refresh] rebuilding @ webpack-internal:///(app-pages-browser)/../../node_modules/.pnpm/next@15.5.18_@babel+core@7.29.7_react-dom@19.2.6_react@19.2.6__react@19.2.6/node_modules/next/dist/client/dev/hot-reloader/app/hot-reloader-app.js:196
[  263754ms] [LOG] [Fast Refresh] done in 3ms @ webpack-internal:///(app-pages-browser)/../../node_modules/.pnpm/next@15.5.18_@babel+core@7.29.7_react-dom@19.2.6_react@19.2.6__react@19.2.6/node_modules/next/dist/client/dev/report-hmr-latency.js:13
[  263804ms] [LOG] [Fast Refresh] rebuilding @ webpack-internal:///(app-pages-browser)/../../node_modules/.pnpm/next@15.5.18_@babel+core@7.29.7_react-dom@19.2.6_react@19.2.6__react@19.2.6/node_modules/next/dist/client/dev/hot-reloader/app/hot-reloader-app.js:196
[  263807ms] [LOG] [Fast Refresh] done in 3ms @ webpack-internal:///(app-pages-browser)/../../node_modules/.pnpm/next@15.5.18_@babel+core@7.29.7_react-dom@19.2.6_react@19.2.6__react@19.2.6/node_modules/next/dist/client/dev/report-hmr-latency.js:13
[  263855ms] [LOG] [Fast Refresh] rebuilding @ webpack-internal:///(app-pages-browser)/../../node_modules/.pnpm/next@15.5.18_@babel+core@7.29.7_react-dom@19.2.6_react@19.2.6__react@19.2.6/node_modules/next/dist/client/dev/hot-reloader/app/hot-reloader-app.js:196
[  263859ms] [LOG] [Fast Refresh] done in 4ms @ webpack-internal:///(app-pages-browser)/../../node_modules/.pnpm/next@15.5.18_@babel+core@7.29.7_react-dom@19.2.6_react@19.2.6__react@19.2.6/node_modules/next/dist/client/dev/report-hmr-latency.js:13
[  263909ms] [LOG] [Fast Refresh] rebuilding @ webpack-internal:///(app-pages-browser)/../../node_modules/.pnpm/next@15.5.18_@babel+core@7.29.7_react-dom@19.2.6_react@19.2.6__react@19.2.6/node_modules/next/dist/client/dev/hot-reloader/app/hot-reloader-app.js:196
[  263912ms] [LOG] [Fast Refresh] done in 3ms @ webpack-internal:///(app-pages-browser)/../../node_modules/.pnpm/next@15.5.18_@babel+core@7.29.7_react-dom@19.2.6_react@19.2.6__react@19.2.6/node_modules/next/dist/client/dev/report-hmr-latency.js:13
[  263964ms] [LOG] [Fast Refresh] rebuilding @ webpack-internal:///(app-pages-browser)/../../node_modules/.pnpm/next@15.5.18_@babel+core@7.29.7_react-dom@19.2.6_react@19.2.6__react@19.2.6/node_modules/next/dist/client/dev/hot-reloader/app/hot-reloader-app.js:196
[  263969ms] [LOG] [Fast Refresh] done in 4ms @ webpack-internal:///(app-pages-browser)/../../node_modules/.pnpm/next@15.5.18_@babel+core@7.29.7_react-dom@19.2.6_react@19.2.6__react@19.2.6/node_modules/next/dist/client/dev/report-hmr-latency.js:13
[  264024ms] [LOG] [Fast Refresh] rebuilding @ webpack-internal:///(app-pages-browser)/../../node_modules/.pnpm/next@15.5.18_@babel+core@7.29.7_react-dom@19.2.6_react@19.2.6__react@19.2.6/node_modules/next/dist/client/dev/hot-reloader/app/hot-reloader-app.js:196
[  264028ms] [LOG] [Fast Refresh] done in 3ms @ webpack-internal:///(app-pages-browser)/../../node_modules/.pnpm/next@15.5.18_@babel+core@7.29.7_react-dom@19.2.6_react@19.2.6__react@19.2.6/node_modules/next/dist/client/dev/report-hmr-latency.js:13
[  264076ms] [LOG] [Fast Refresh] rebuilding @ webpack-internal:///(app-pages-browser)/../../node_modules/.pnpm/next@15.5.18_@babel+core@7.29.7_react-dom@19.2.6_react@19.2.6__react@19.2.6/node_modules/next/dist/client/dev/hot-reloader/app/hot-reloader-app.js:196
[  264079ms] [LOG] [Fast Refresh] done in 3ms @ webpack-internal:///(app-pages-browser)/../../node_modules/.pnpm/next@15.5.18_@babel+core@7.29.7_react-dom@19.2.6_react@19.2.6__react@19.2.6/node_modules/next/dist/client/dev/report-hmr-latency.js:13
[  264128ms] [LOG] [Fast Refresh] rebuilding @ webpack-internal:///(app-pages-browser)/../../node_modules/.pnpm/next@15.5.18_@babel+core@7.29.7_react-dom@19.2.6_react@19.2.6__react@19.2.6/node_modules/next/dist/client/dev/hot-reloader/app/hot-reloader-app.js:196
[  264131ms] [LOG] [Fast Refresh] done in 3ms @ webpack-internal:///(app-pages-browser)/../../node_modules/.pnpm/next@15.5.18_@babel+core@7.29.7_react-dom@19.2.6_react@19.2.6__react@19.2.6/node_modules/next/dist/client/dev/report-hmr-latency.js:13
[  264181ms] [LOG] [Fast Refresh] rebuilding @ webpack-internal:///(app-pages-browser)/../../node_modules/.pnpm/next@15.5.18_@babel+core@7.29.7_react-dom@19.2.6_react@19.2.6__react@19.2.6/node_modules/next/dist/client/dev/hot-reloader/app/hot-reloader-app.js:196
[  264185ms] [LOG] [Fast Refresh] done in 5ms @ webpack-internal:///(app-pages-browser)/../../node_modules/.pnpm/next@15.5.18_@babel+core@7.29.7_react-dom@19.2.6_react@19.2.6__react@19.2.6/node_modules/next/dist/client/dev/report-hmr-latency.js:13
[  264233ms] [LOG] [Fast Refresh] rebuilding @ webpack-internal:///(app-pages-browser)/../../node_modules/.pnpm/next@15.5.18_@babel+core@7.29.7_react-dom@19.2.6_react@19.2.6__react@19.2.6/node_modules/next/dist/client/dev/hot-reloader/app/hot-reloader-app.js:196
[  264237ms] [LOG] [Fast Refresh] done in 3ms @ webpack-internal:///(app-pages-browser)/../../node_modules/.pnpm/next@15.5.18_@babel+core@7.29.7_react-dom@19.2.6_react@19.2.6__react@19.2.6/node_modules/next/dist/client/dev/report-hmr-latency.js:13
[  264284ms] [LOG] [Fast Refresh] rebuilding @ webpack-internal:///(app-pages-browser)/../../node_modules/.pnpm/next@15.5.18_@babel+core@7.29.7_react-dom@19.2.6_react@19.2.6__react@19.2.6/node_modules/next/dist/client/dev/hot-reloader/app/hot-reloader-app.js:196
[  264287ms] [LOG] [Fast Refresh] done in 4ms @ webpack-internal:///(app-pages-browser)/../../node_modules/.pnpm/next@15.5.18_@babel+core@7.29.7_react-dom@19.2.6_react@19.2.6__react@19.2.6/node_modules/next/dist/client/dev/report-hmr-latency.js:13
[  264343ms] [LOG] [Fast Refresh] rebuilding @ webpack-internal:///(app-pages-browser)/../../node_modules/.pnpm/next@15.5.18_@babel+core@7.29.7_react-dom@19.2.6_react@19.2.6__react@19.2.6/node_modules/next/dist/client/dev/hot-reloader/app/hot-reloader-app.js:196
[  264356ms] [LOG] [Fast Refresh] done in 12ms @ webpack-internal:///(app-pages-browser)/../../node_modules/.pnpm/next@15.5.18_@babel+core@7.29.7_react-dom@19.2.6_react@19.2.6__react@19.2.6/node_modules/next/dist/client/dev/report-hmr-latency.js:13
[  264440ms] [LOG] [Fast Refresh] rebuilding @ webpack-internal:///(app-pages-browser)/../../node_modules/.pnpm/next@15.5.18_@babel+core@7.29.7_react-dom@19.2.6_react@19.2.6__react@19.2.6/node_modules/next/dist/client/dev/hot-reloader/app/hot-reloader-app.js:196
[  264443ms] [LOG] [Fast Refresh] done in 3ms @ webpack-internal:///(app-pages-browser)/../../node_modules/.pnpm/next@15.5.18_@babel+core@7.29.7_react-dom@19.2.6_react@19.2.6__react@19.2.6/node_modules/next/dist/client/dev/report-hmr-latency.js:13
[  264494ms] [LOG] [Fast Refresh] rebuilding @ webpack-internal:///(app-pages-browser)/../../node_modules/.pnpm/next@15.5.18_@babel+core@7.29.7_react-dom@19.2.6_react@19.2.6__react@19.2.6/node_modules/next/dist/client/dev/hot-reloader/app/hot-reloader-app.js:196
[  264497ms] [LOG] [Fast Refresh] done in 4ms @ webpack-internal:///(app-pages-browser)/../../node_modules/.pnpm/next@15.5.18_@babel+core@7.29.7_react-dom@19.2.6_react@19.2.6__react@19.2.6/node_modules/next/dist/client/dev/report-hmr-latency.js:13
[  264550ms] [LOG] [Fast Refresh] rebuilding @ webpack-internal:///(app-pages-browser)/../../node_modules/.pnpm/next@15.5.18_@babel+core@7.29.7_react-dom@19.2.6_react@19.2.6__react@19.2.6/node_modules/next/dist/client/dev/hot-reloader/app/hot-reloader-app.js:196
[  264554ms] [LOG] [Fast Refresh] done in 3ms @ webpack-internal:///(app-pages-browser)/../../node_modules/.pnpm/next@15.5.18_@babel+core@7.29.7_react-dom@19.2.6_react@19.2.6__react@19.2.6/node_modules/next/dist/client/dev/report-hmr-latency.js:13
[  264606ms] [LOG] [Fast Refresh] rebuilding @ webpack-internal:///(app-pages-browser)/../../node_modules/.pnpm/next@15.5.18_@babel+core@7.29.7_react-dom@19.2.6_react@19.2.6__react@19.2.6/node_modules/next/dist/client/dev/hot-reloader/app/hot-reloader-app.js:196
[  264608ms] [LOG] [Fast Refresh] done in 3ms @ webpack-internal:///(app-pages-browser)/../../node_modules/.pnpm/next@15.5.18_@babel+core@7.29.7_react-dom@19.2.6_react@19.2.6__react@19.2.6/node_modules/next/dist/client/dev/report-hmr-latency.js:13
[  264656ms] [LOG] [Fast Refresh] rebuilding @ webpack-internal:///(app-pages-browser)/../../node_modules/.pnpm/next@15.5.18_@babel+core@7.29.7_react-dom@19.2.6_react@19.2.6__react@19.2.6/node_modules/next/dist/client/dev/hot-reloader/app/hot-reloader-app.js:196
[  264659ms] [LOG] [Fast Refresh] done in 3ms @ webpack-internal:///(app-pages-browser)/../../node_modules/.pnpm/next@15.5.18_@babel+core@7.29.7_react-dom@19.2.6_react@19.2.6__react@19.2.6/node_modules/next/dist/client/dev/report-hmr-latency.js:13
[  264709ms] [LOG] [Fast Refresh] rebuilding @ webpack-internal:///(app-pages-browser)/../../node_modules/.pnpm/next@15.5.18_@babel+core@7.29.7_react-dom@19.2.6_react@19.2.6__react@19.2.6/node_modules/next/dist/client/dev/hot-reloader/app/hot-reloader-app.js:196
[  264712ms] [LOG] [Fast Refresh] done in 3ms @ webpack-internal:///(app-pages-browser)/../../node_modules/.pnpm/next@15.5.18_@babel+core@7.29.7_react-dom@19.2.6_react@19.2.6__react@19.2.6/node_modules/next/dist/client/dev/report-hmr-latency.js:13
[  264760ms] [LOG] [Fast Refresh] rebuilding @ webpack-internal:///(app-pages-browser)/../../node_modules/.pnpm/next@15.5.18_@babel+core@7.29.7_react-dom@19.2.6_react@19.2.6__react@19.2.6/node_modules/next/dist/client/dev/hot-reloader/app/hot-reloader-app.js:196
[  264764ms] [LOG] [Fast Refresh] done in 3ms @ webpack-internal:///(app-pages-browser)/../../node_modules/.pnpm/next@15.5.18_@babel+core@7.29.7_react-dom@19.2.6_react@19.2.6__react@19.2.6/node_modules/next/dist/client/dev/report-hmr-latency.js:13
[  264814ms] [LOG] [Fast Refresh] rebuilding @ webpack-internal:///(app-pages-browser)/../../node_modules/.pnpm/next@15.5.18_@babel+core@7.29.7_react-dom@19.2.6_react@19.2.6__react@19.2.6/node_modules/next/dist/client/dev/hot-reloader/app/hot-reloader-app.js:196
[  264818ms] [LOG] [Fast Refresh] done in 4ms @ webpack-internal:///(app-pages-browser)/../../node_modules/.pnpm/next@15.5.18_@babel+core@7.29.7_react-dom@19.2.6_react@19.2.6__react@19.2.6/node_modules/next/dist/client/dev/report-hmr-latency.js:13
[  264869ms] [LOG] [Fast Refresh] rebuilding @ webpack-internal:///(app-pages-browser)/../../node_modules/.pnpm/next@15.5.18_@babel+core@7.29.7_react-dom@19.2.6_react@19.2.6__react@19.2.6/node_modules/next/dist/client/dev/hot-reloader/app/hot-reloader-app.js:196
[  264873ms] [LOG] [Fast Refresh] done in 3ms @ webpack-internal:///(app-pages-browser)/../../node_modules/.pnpm/next@15.5.18_@babel+core@7.29.7_react-dom@19.2.6_react@19.2.6__react@19.2.6/node_modules/next/dist/client/dev/report-hmr-latency.js:13
[  264924ms] [LOG] [Fast Refresh] rebuilding @ webpack-internal:///(app-pages-browser)/../../node_modules/.pnpm/next@15.5.18_@babel+core@7.29.7_react-dom@19.2.6_react@19.2.6__react@19.2.6/node_modules/next/dist/client/dev/hot-reloader/app/hot-reloader-app.js:196
[  264927ms] [LOG] [Fast Refresh] done in 3ms @ webpack-internal:///(app-pages-browser)/../../node_modules/.pnpm/next@15.5.18_@babel+core@7.29.7_react-dom@19.2.6_react@19.2.6__react@19.2.6/node_modules/next/dist/client/dev/report-hmr-latency.js:13
[  264976ms] [LOG] [Fast Refresh] rebuilding @ webpack-internal:///(app-pages-browser)/../../node_modules/.pnpm/next@15.5.18_@babel+core@7.29.7_react-dom@19.2.6_react@19.2.6__react@19.2.6/node_modules/next/dist/client/dev/hot-reloader/app/hot-reloader-app.js:196
[  264979ms] [LOG] [Fast Refresh] done in 3ms @ webpack-internal:///(app-pages-browser)/../../node_modules/.pnpm/next@15.5.18_@babel+core@7.29.7_react-dom@19.2.6_react@19.2.6__react@19.2.6/node_modules/next/dist/client/dev/report-hmr-latency.js:13
[  265028ms] [LOG] [Fast Refresh] rebuilding @ webpack-internal:///(app-pages-browser)/../../node_modules/.pnpm/next@15.5.18_@babel+core@7.29.7_react-dom@19.2.6_react@19.2.6__react@19.2.6/node_modules/next/dist/client/dev/hot-reloader/app/hot-reloader-app.js:196
[  265041ms] [LOG] [Fast Refresh] done in 14ms @ webpack-internal:///(app-pages-browser)/../../node_modules/.pnpm/next@15.5.18_@babel+core@7.29.7_react-dom@19.2.6_react@19.2.6__react@19.2.6/node_modules/next/dist/client/dev/report-hmr-latency.js:13
[  265081ms] [LOG] [Fast Refresh] done in 53ms @ webpack-internal:///(app-pages-browser)/../../node_modules/.pnpm/next@15.5.18_@babel+core@7.29.7_react-dom@19.2.6_react@19.2.6__react@19.2.6/node_modules/next/dist/client/dev/report-hmr-latency.js:13
[  265088ms] [LOG] [Fast Refresh] rebuilding @ webpack-internal:///(app-pages-browser)/../../node_modules/.pnpm/next@15.5.18_@babel+core@7.29.7_react-dom@19.2.6_react@19.2.6__react@19.2.6/node_modules/next/dist/client/dev/hot-reloader/app/hot-reloader-app.js:196
[  265141ms] [LOG] [Fast Refresh] rebuilding @ webpack-internal:///(app-pages-browser)/../../node_modules/.pnpm/next@15.5.18_@babel+core@7.29.7_react-dom@19.2.6_react@19.2.6__react@19.2.6/node_modules/next/dist/client/dev/hot-reloader/app/hot-reloader-app.js:196
[  265143ms] [LOG] [Fast Refresh] done in 3ms @ webpack-internal:///(app-pages-browser)/../../node_modules/.pnpm/next@15.5.18_@babel+core@7.29.7_react-dom@19.2.6_react@19.2.6__react@19.2.6/node_modules/next/dist/client/dev/report-hmr-latency.js:13
[  265186ms] [LOG] [Fast Refresh] rebuilding @ webpack-internal:///(app-pages-browser)/../../node_modules/.pnpm/next@15.5.18_@babel+core@7.29.7_react-dom@19.2.6_react@19.2.6__react@19.2.6/node_modules/next/dist/client/dev/hot-reloader/app/hot-reloader-app.js:196
[  265188ms] [LOG] [Fast Refresh] done in 3ms @ webpack-internal:///(app-pages-browser)/../../node_modules/.pnpm/next@15.5.18_@babel+core@7.29.7_react-dom@19.2.6_react@19.2.6__react@19.2.6/node_modules/next/dist/client/dev/report-hmr-latency.js:13
[  265231ms] [LOG] [Fast Refresh] done in 45ms @ webpack-internal:///(app-pages-browser)/../../node_modules/.pnpm/next@15.5.18_@babel+core@7.29.7_react-dom@19.2.6_react@19.2.6__react@19.2.6/node_modules/next/dist/client/dev/report-hmr-latency.js:13
[  265235ms] [LOG] [Fast Refresh] rebuilding @ webpack-internal:///(app-pages-browser)/../../node_modules/.pnpm/next@15.5.18_@babel+core@7.29.7_react-dom@19.2.6_react@19.2.6__react@19.2.6/node_modules/next/dist/client/dev/hot-reloader/app/hot-reloader-app.js:196
[  265277ms] [LOG] [Fast Refresh] done in 42ms @ webpack-internal:///(app-pages-browser)/../../node_modules/.pnpm/next@15.5.18_@babel+core@7.29.7_react-dom@19.2.6_react@19.2.6__react@19.2.6/node_modules/next/dist/client/dev/report-hmr-latency.js:13
[  265285ms] [LOG] [Fast Refresh] rebuilding @ webpack-internal:///(app-pages-browser)/../../node_modules/.pnpm/next@15.5.18_@babel+core@7.29.7_react-dom@19.2.6_react@19.2.6__react@19.2.6/node_modules/next/dist/client/dev/hot-reloader/app/hot-reloader-app.js:196
[  265330ms] [LOG] [Fast Refresh] done in 46ms @ webpack-internal:///(app-pages-browser)/../../node_modules/.pnpm/next@15.5.18_@babel+core@7.29.7_react-dom@19.2.6_react@19.2.6__react@19.2.6/node_modules/next/dist/client/dev/report-hmr-latency.js:13
[  265335ms] [LOG] [Fast Refresh] rebuilding @ webpack-internal:///(app-pages-browser)/../../node_modules/.pnpm/next@15.5.18_@babel+core@7.29.7_react-dom@19.2.6_react@19.2.6__react@19.2.6/node_modules/next/dist/client/dev/hot-reloader/app/hot-reloader-app.js:196
[  265382ms] [LOG] [Fast Refresh] done in 46ms @ webpack-internal:///(app-pages-browser)/../../node_modules/.pnpm/next@15.5.18_@babel+core@7.29.7_react-dom@19.2.6_react@19.2.6__react@19.2.6/node_modules/next/dist/client/dev/report-hmr-latency.js:13
[  265385ms] [LOG] [Fast Refresh] rebuilding @ webpack-internal:///(app-pages-browser)/../../node_modules/.pnpm/next@15.5.18_@babel+core@7.29.7_react-dom@19.2.6_react@19.2.6__react@19.2.6/node_modules/next/dist/client/dev/hot-reloader/app/hot-reloader-app.js:196
[  265431ms] [LOG] [Fast Refresh] done in 46ms @ webpack-internal:///(app-pages-browser)/../../node_modules/.pnpm/next@15.5.18_@babel+core@7.29.7_react-dom@19.2.6_react@19.2.6__react@19.2.6/node_modules/next/dist/client/dev/report-hmr-latency.js:13
[  265436ms] [LOG] [Fast Refresh] rebuilding @ webpack-internal:///(app-pages-browser)/../../node_modules/.pnpm/next@15.5.18_@babel+core@7.29.7_react-dom@19.2.6_react@19.2.6__react@19.2.6/node_modules/next/dist/client/dev/hot-reloader/app/hot-reloader-app.js:196
[  265484ms] [LOG] [Fast Refresh] done in 47ms @ webpack-internal:///(app-pages-browser)/../../node_modules/.pnpm/next@15.5.18_@babel+core@7.29.7_react-dom@19.2.6_react@19.2.6__react@19.2.6/node_modules/next/dist/client/dev/report-hmr-latency.js:13
[  265486ms] [LOG] [Fast Refresh] rebuilding @ webpack-internal:///(app-pages-browser)/../../node_modules/.pnpm/next@15.5.18_@babel+core@7.29.7_react-dom@19.2.6_react@19.2.6__react@19.2.6/node_modules/next/dist/client/dev/hot-reloader/app/hot-reloader-app.js:196
[  265532ms] [LOG] [Fast Refresh] done in 47ms @ webpack-internal:///(app-pages-browser)/../../node_modules/.pnpm/next@15.5.18_@babel+core@7.29.7_react-dom@19.2.6_react@19.2.6__react@19.2.6/node_modules/next/dist/client/dev/report-hmr-latency.js:13
[  265536ms] [LOG] [Fast Refresh] rebuilding @ webpack-internal:///(app-pages-browser)/../../node_modules/.pnpm/next@15.5.18_@babel+core@7.29.7_react-dom@19.2.6_react@19.2.6__react@19.2.6/node_modules/next/dist/client/dev/hot-reloader/app/hot-reloader-app.js:196
[  265587ms] [LOG] [Fast Refresh] rebuilding @ webpack-internal:///(app-pages-browser)/../../node_modules/.pnpm/next@15.5.18_@babel+core@7.29.7_react-dom@19.2.6_react@19.2.6__react@19.2.6/node_modules/next/dist/client/dev/hot-reloader/app/hot-reloader-app.js:196
[  265588ms] [LOG] [Fast Refresh] done in 1ms @ webpack-internal:///(app-pages-browser)/../../node_modules/.pnpm/next@15.5.18_@babel+core@7.29.7_react-dom@19.2.6_react@19.2.6__react@19.2.6/node_modules/next/dist/client/dev/report-hmr-latency.js:13
[  265657ms] [LOG] [Fast Refresh] rebuilding @ webpack-internal:///(app-pages-browser)/../../node_modules/.pnpm/next@15.5.18_@babel+core@7.29.7_react-dom@19.2.6_react@19.2.6__react@19.2.6/node_modules/next/dist/client/dev/hot-reloader/app/hot-reloader-app.js:196
[  265659ms] [LOG] [Fast Refresh] done in 3ms @ webpack-internal:///(app-pages-browser)/../../node_modules/.pnpm/next@15.5.18_@babel+core@7.29.7_react-dom@19.2.6_react@19.2.6__react@19.2.6/node_modules/next/dist/client/dev/report-hmr-latency.js:13
[  265701ms] [LOG] [Fast Refresh] rebuilding @ webpack-internal:///(app-pages-browser)/../../node_modules/.pnpm/next@15.5.18_@babel+core@7.29.7_react-dom@19.2.6_react@19.2.6__react@19.2.6/node_modules/next/dist/client/dev/hot-reloader/app/hot-reloader-app.js:196
[  265703ms] [LOG] [Fast Refresh] done in 2ms @ webpack-internal:///(app-pages-browser)/../../node_modules/.pnpm/next@15.5.18_@babel+core@7.29.7_react-dom@19.2.6_react@19.2.6__react@19.2.6/node_modules/next/dist/client/dev/report-hmr-latency.js:13
[  265744ms] [LOG] [Fast Refresh] rebuilding @ webpack-internal:///(app-pages-browser)/../../node_modules/.pnpm/next@15.5.18_@babel+core@7.29.7_react-dom@19.2.6_react@19.2.6__react@19.2.6/node_modules/next/dist/client/dev/hot-reloader/app/hot-reloader-app.js:196
[  265746ms] [LOG] [Fast Refresh] done in 2ms @ webpack-internal:///(app-pages-browser)/../../node_modules/.pnpm/next@15.5.18_@babel+core@7.29.7_react-dom@19.2.6_react@19.2.6__react@19.2.6/node_modules/next/dist/client/dev/report-hmr-latency.js:13
[  265789ms] [LOG] [Fast Refresh] rebuilding @ webpack-internal:///(app-pages-browser)/../../node_modules/.pnpm/next@15.5.18_@babel+core@7.29.7_react-dom@19.2.6_react@19.2.6__react@19.2.6/node_modules/next/dist/client/dev/hot-reloader/app/hot-reloader-app.js:196
[  265791ms] [LOG] [Fast Refresh] done in 2ms @ webpack-internal:///(app-pages-browser)/../../node_modules/.pnpm/next@15.5.18_@babel+core@7.29.7_react-dom@19.2.6_react@19.2.6__react@19.2.6/node_modules/next/dist/client/dev/report-hmr-latency.js:13
[  265833ms] [LOG] [Fast Refresh] done in 43ms @ webpack-internal:///(app-pages-browser)/../../node_modules/.pnpm/next@15.5.18_@babel+core@7.29.7_react-dom@19.2.6_react@19.2.6__react@19.2.6/node_modules/next/dist/client/dev/report-hmr-latency.js:13
[  265840ms] [LOG] [Fast Refresh] rebuilding @ webpack-internal:///(app-pages-browser)/../../node_modules/.pnpm/next@15.5.18_@babel+core@7.29.7_react-dom@19.2.6_react@19.2.6__react@19.2.6/node_modules/next/dist/client/dev/hot-reloader/app/hot-reloader-app.js:196
[  265888ms] [LOG] [Fast Refresh] done in 49ms @ webpack-internal:///(app-pages-browser)/../../node_modules/.pnpm/next@15.5.18_@babel+core@7.29.7_react-dom@19.2.6_react@19.2.6__react@19.2.6/node_modules/next/dist/client/dev/report-hmr-latency.js:13
[  265889ms] [LOG] [Fast Refresh] rebuilding @ webpack-internal:///(app-pages-browser)/../../node_modules/.pnpm/next@15.5.18_@babel+core@7.29.7_react-dom@19.2.6_react@19.2.6__react@19.2.6/node_modules/next/dist/client/dev/hot-reloader/app/hot-reloader-app.js:196
[  265935ms] [LOG] [Fast Refresh] done in 47ms @ webpack-internal:///(app-pages-browser)/../../node_modules/.pnpm/next@15.5.18_@babel+core@7.29.7_react-dom@19.2.6_react@19.2.6__react@19.2.6/node_modules/next/dist/client/dev/report-hmr-latency.js:13
[  265939ms] [LOG] [Fast Refresh] rebuilding @ webpack-internal:///(app-pages-browser)/../../node_modules/.pnpm/next@15.5.18_@babel+core@7.29.7_react-dom@19.2.6_react@19.2.6__react@19.2.6/node_modules/next/dist/client/dev/hot-reloader/app/hot-reloader-app.js:196
[  265986ms] [LOG] [Fast Refresh] done in 47ms @ webpack-internal:///(app-pages-browser)/../../node_modules/.pnpm/next@15.5.18_@babel+core@7.29.7_react-dom@19.2.6_react@19.2.6__react@19.2.6/node_modules/next/dist/client/dev/report-hmr-latency.js:13
[  265990ms] [LOG] [Fast Refresh] rebuilding @ webpack-internal:///(app-pages-browser)/../../node_modules/.pnpm/next@15.5.18_@babel+core@7.29.7_react-dom@19.2.6_react@19.2.6__react@19.2.6/node_modules/next/dist/client/dev/hot-reloader/app/hot-reloader-app.js:196
[  266035ms] [LOG] [Fast Refresh] done in 46ms @ webpack-internal:///(app-pages-browser)/../../node_modules/.pnpm/next@15.5.18_@babel+core@7.29.7_react-dom@19.2.6_react@19.2.6__react@19.2.6/node_modules/next/dist/client/dev/report-hmr-latency.js:13
[  266040ms] [LOG] [Fast Refresh] rebuilding @ webpack-internal:///(app-pages-browser)/../../node_modules/.pnpm/next@15.5.18_@babel+core@7.29.7_react-dom@19.2.6_react@19.2.6__react@19.2.6/node_modules/next/dist/client/dev/hot-reloader/app/hot-reloader-app.js:196
[  266085ms] [LOG] [Fast Refresh] done in 46ms @ webpack-internal:///(app-pages-browser)/../../node_modules/.pnpm/next@15.5.18_@babel+core@7.29.7_react-dom@19.2.6_react@19.2.6__react@19.2.6/node_modules/next/dist/client/dev/report-hmr-latency.js:13
[  266091ms] [LOG] [Fast Refresh] rebuilding @ webpack-internal:///(app-pages-browser)/../../node_modules/.pnpm/next@15.5.18_@babel+core@7.29.7_react-dom@19.2.6_react@19.2.6__react@19.2.6/node_modules/next/dist/client/dev/hot-reloader/app/hot-reloader-app.js:196
[  266137ms] [LOG] [Fast Refresh] done in 47ms @ webpack-internal:///(app-pages-browser)/../../node_modules/.pnpm/next@15.5.18_@babel+core@7.29.7_react-dom@19.2.6_react@19.2.6__react@19.2.6/node_modules/next/dist/client/dev/report-hmr-latency.js:13
[  266141ms] [LOG] [Fast Refresh] rebuilding @ webpack-internal:///(app-pages-browser)/../../node_modules/.pnpm/next@15.5.18_@babel+core@7.29.7_react-dom@19.2.6_react@19.2.6__react@19.2.6/node_modules/next/dist/client/dev/hot-reloader/app/hot-reloader-app.js:196
[  266189ms] [LOG] [Fast Refresh] done in 48ms @ webpack-internal:///(app-pages-browser)/../../node_modules/.pnpm/next@15.5.18_@babel+core@7.29.7_react-dom@19.2.6_react@19.2.6__react@19.2.6/node_modules/next/dist/client/dev/report-hmr-latency.js:13
[  266191ms] [LOG] [Fast Refresh] rebuilding @ webpack-internal:///(app-pages-browser)/../../node_modules/.pnpm/next@15.5.18_@babel+core@7.29.7_react-dom@19.2.6_react@19.2.6__react@19.2.6/node_modules/next/dist/client/dev/hot-reloader/app/hot-reloader-app.js:196
[  266237ms] [LOG] [Fast Refresh] done in 47ms @ webpack-internal:///(app-pages-browser)/../../node_modules/.pnpm/next@15.5.18_@babel+core@7.29.7_react-dom@19.2.6_react@19.2.6__react@19.2.6/node_modules/next/dist/client/dev/report-hmr-latency.js:13
[  266241ms] [LOG] [Fast Refresh] rebuilding @ webpack-internal:///(app-pages-browser)/../../node_modules/.pnpm/next@15.5.18_@babel+core@7.29.7_react-dom@19.2.6_react@19.2.6__react@19.2.6/node_modules/next/dist/client/dev/hot-reloader/app/hot-reloader-app.js:196
[  266284ms] [LOG] [Fast Refresh] done in 43ms @ webpack-internal:///(app-pages-browser)/../../node_modules/.pnpm/next@15.5.18_@babel+core@7.29.7_react-dom@19.2.6_react@19.2.6__react@19.2.6/node_modules/next/dist/client/dev/report-hmr-latency.js:13
[  266292ms] [LOG] [Fast Refresh] rebuilding @ webpack-internal:///(app-pages-browser)/../../node_modules/.pnpm/next@15.5.18_@babel+core@7.29.7_react-dom@19.2.6_react@19.2.6__react@19.2.6/node_modules/next/dist/client/dev/hot-reloader/app/hot-reloader-app.js:196
[  266339ms] [LOG] [Fast Refresh] done in 47ms @ webpack-internal:///(app-pages-browser)/../../node_modules/.pnpm/next@15.5.18_@babel+core@7.29.7_react-dom@19.2.6_react@19.2.6__react@19.2.6/node_modules/next/dist/client/dev/report-hmr-latency.js:13
[  266342ms] [LOG] [Fast Refresh] rebuilding @ webpack-internal:///(app-pages-browser)/../../node_modules/.pnpm/next@15.5.18_@babel+core@7.29.7_react-dom@19.2.6_react@19.2.6__react@19.2.6/node_modules/next/dist/client/dev/hot-reloader/app/hot-reloader-app.js:196
[  266389ms] [LOG] [Fast Refresh] done in 47ms @ webpack-internal:///(app-pages-browser)/../../node_modules/.pnpm/next@15.5.18_@babel+core@7.29.7_react-dom@19.2.6_react@19.2.6__react@19.2.6/node_modules/next/dist/client/dev/report-hmr-latency.js:13
[  266392ms] [LOG] [Fast Refresh] rebuilding @ webpack-internal:///(app-pages-browser)/../../node_modules/.pnpm/next@15.5.18_@babel+core@7.29.7_react-dom@19.2.6_react@19.2.6__react@19.2.6/node_modules/next/dist/client/dev/hot-reloader/app/hot-reloader-app.js:196
[  266437ms] [LOG] [Fast Refresh] done in 44ms @ webpack-internal:///(app-pages-browser)/../../node_modules/.pnpm/next@15.5.18_@babel+core@7.29.7_react-dom@19.2.6_react@19.2.6__react@19.2.6/node_modules/next/dist/client/dev/report-hmr-latency.js:13
[  266443ms] [LOG] [Fast Refresh] rebuilding @ webpack-internal:///(app-pages-browser)/../../node_modules/.pnpm/next@15.5.18_@babel+core@7.29.7_react-dom@19.2.6_react@19.2.6__react@19.2.6/node_modules/next/dist/client/dev/hot-reloader/app/hot-reloader-app.js:196
[  266491ms] [LOG] [Fast Refresh] done in 48ms @ webpack-internal:///(app-pages-browser)/../../node_modules/.pnpm/next@15.5.18_@babel+core@7.29.7_react-dom@19.2.6_react@19.2.6__react@19.2.6/node_modules/next/dist/client/dev/report-hmr-latency.js:13
[  266492ms] [LOG] [Fast Refresh] rebuilding @ webpack-internal:///(app-pages-browser)/../../node_modules/.pnpm/next@15.5.18_@babel+core@7.29.7_react-dom@19.2.6_react@19.2.6__react@19.2.6/node_modules/next/dist/client/dev/hot-reloader/app/hot-reloader-app.js:196
[  266538ms] [LOG] [Fast Refresh] done in 46ms @ webpack-internal:///(app-pages-browser)/../../node_modules/.pnpm/next@15.5.18_@babel+core@7.29.7_react-dom@19.2.6_react@19.2.6__react@19.2.6/node_modules/next/dist/client/dev/report-hmr-latency.js:13
[  266543ms] [LOG] [Fast Refresh] rebuilding @ webpack-internal:///(app-pages-browser)/../../node_modules/.pnpm/next@15.5.18_@babel+core@7.29.7_react-dom@19.2.6_react@19.2.6__react@19.2.6/node_modules/next/dist/client/dev/hot-reloader/app/hot-reloader-app.js:196
[  266588ms] [LOG] [Fast Refresh] done in 45ms @ webpack-internal:///(app-pages-browser)/../../node_modules/.pnpm/next@15.5.18_@babel+core@7.29.7_react-dom@19.2.6_react@19.2.6__react@19.2.6/node_modules/next/dist/client/dev/report-hmr-latency.js:13
[  266593ms] [LOG] [Fast Refresh] rebuilding @ webpack-internal:///(app-pages-browser)/../../node_modules/.pnpm/next@15.5.18_@babel+core@7.29.7_react-dom@19.2.6_react@19.2.6__react@19.2.6/node_modules/next/dist/client/dev/hot-reloader/app/hot-reloader-app.js:196
[  266636ms] [LOG] [Fast Refresh] done in 43ms @ webpack-internal:///(app-pages-browser)/../../node_modules/.pnpm/next@15.5.18_@babel+core@7.29.7_react-dom@19.2.6_react@19.2.6__react@19.2.6/node_modules/next/dist/client/dev/report-hmr-latency.js:13
[  266642ms] [LOG] [Fast Refresh] rebuilding @ webpack-internal:///(app-pages-browser)/../../node_modules/.pnpm/next@15.5.18_@babel+core@7.29.7_react-dom@19.2.6_react@19.2.6__react@19.2.6/node_modules/next/dist/client/dev/hot-reloader/app/hot-reloader-app.js:196
[  266692ms] [LOG] [Fast Refresh] done in 50ms @ webpack-internal:///(app-pages-browser)/../../node_modules/.pnpm/next@15.5.18_@babel+core@7.29.7_react-dom@19.2.6_react@19.2.6__react@19.2.6/node_modules/next/dist/client/dev/report-hmr-latency.js:13
[  266693ms] [LOG] [Fast Refresh] rebuilding @ webpack-internal:///(app-pages-browser)/../../node_modules/.pnpm/next@15.5.18_@babel+core@7.29.7_react-dom@19.2.6_react@19.2.6__react@19.2.6/node_modules/next/dist/client/dev/hot-reloader/app/hot-reloader-app.js:196
[  266744ms] [LOG] [Fast Refresh] done in 51ms @ webpack-internal:///(app-pages-browser)/../../node_modules/.pnpm/next@15.5.18_@babel+core@7.29.7_react-dom@19.2.6_react@19.2.6__react@19.2.6/node_modules/next/dist/client/dev/report-hmr-latency.js:13
[  266744ms] [LOG] [Fast Refresh] rebuilding @ webpack-internal:///(app-pages-browser)/../../node_modules/.pnpm/next@15.5.18_@babel+core@7.29.7_react-dom@19.2.6_react@19.2.6__react@19.2.6/node_modules/next/dist/client/dev/hot-reloader/app/hot-reloader-app.js:196
[  266816ms] [LOG] [Fast Refresh] rebuilding @ webpack-internal:///(app-pages-browser)/../../node_modules/.pnpm/next@15.5.18_@babel+core@7.29.7_react-dom@19.2.6_react@19.2.6__react@19.2.6/node_modules/next/dist/client/dev/hot-reloader/app/hot-reloader-app.js:196
[  266819ms] [LOG] [Fast Refresh] done in 3ms @ webpack-internal:///(app-pages-browser)/../../node_modules/.pnpm/next@15.5.18_@babel+core@7.29.7_react-dom@19.2.6_react@19.2.6__react@19.2.6/node_modules/next/dist/client/dev/report-hmr-latency.js:13
[  266862ms] [LOG] [Fast Refresh] rebuilding @ webpack-internal:///(app-pages-browser)/../../node_modules/.pnpm/next@15.5.18_@babel+core@7.29.7_react-dom@19.2.6_react@19.2.6__react@19.2.6/node_modules/next/dist/client/dev/hot-reloader/app/hot-reloader-app.js:196
[  266864ms] [LOG] [Fast Refresh] done in 2ms @ webpack-internal:///(app-pages-browser)/../../node_modules/.pnpm/next@15.5.18_@babel+core@7.29.7_react-dom@19.2.6_react@19.2.6__react@19.2.6/node_modules/next/dist/client/dev/report-hmr-latency.js:13
[  266901ms] [LOG] [Fast Refresh] rebuilding @ webpack-internal:///(app-pages-browser)/../../node_modules/.pnpm/next@15.5.18_@babel+core@7.29.7_react-dom@19.2.6_react@19.2.6__react@19.2.6/node_modules/next/dist/client/dev/hot-reloader/app/hot-reloader-app.js:196
[  266911ms] [LOG] [Fast Refresh] done in 10ms @ webpack-internal:///(app-pages-browser)/../../node_modules/.pnpm/next@15.5.18_@babel+core@7.29.7_react-dom@19.2.6_react@19.2.6__react@19.2.6/node_modules/next/dist/client/dev/report-hmr-latency.js:13
[  266946ms] [LOG] [Fast Refresh] done in 45ms @ webpack-internal:///(app-pages-browser)/../../node_modules/.pnpm/next@15.5.18_@babel+core@7.29.7_react-dom@19.2.6_react@19.2.6__react@19.2.6/node_modules/next/dist/client/dev/report-hmr-latency.js:13
[  266946ms] [LOG] [Fast Refresh] rebuilding @ webpack-internal:///(app-pages-browser)/../../node_modules/.pnpm/next@15.5.18_@babel+core@7.29.7_react-dom@19.2.6_react@19.2.6__react@19.2.6/node_modules/next/dist/client/dev/hot-reloader/app/hot-reloader-app.js:196
[  266993ms] [LOG] [Fast Refresh] done in 48ms @ webpack-internal:///(app-pages-browser)/../../node_modules/.pnpm/next@15.5.18_@babel+core@7.29.7_react-dom@19.2.6_react@19.2.6__react@19.2.6/node_modules/next/dist/client/dev/report-hmr-latency.js:13
[  266997ms] [LOG] [Fast Refresh] rebuilding @ webpack-internal:///(app-pages-browser)/../../node_modules/.pnpm/next@15.5.18_@babel+core@7.29.7_react-dom@19.2.6_react@19.2.6__react@19.2.6/node_modules/next/dist/client/dev/hot-reloader/app/hot-reloader-app.js:196
[  267044ms] [LOG] [Fast Refresh] done in 47ms @ webpack-internal:///(app-pages-browser)/../../node_modules/.pnpm/next@15.5.18_@babel+core@7.29.7_react-dom@19.2.6_react@19.2.6__react@19.2.6/node_modules/next/dist/client/dev/report-hmr-latency.js:13
[  267046ms] [LOG] [Fast Refresh] rebuilding @ webpack-internal:///(app-pages-browser)/../../node_modules/.pnpm/next@15.5.18_@babel+core@7.29.7_react-dom@19.2.6_react@19.2.6__react@19.2.6/node_modules/next/dist/client/dev/hot-reloader/app/hot-reloader-app.js:196
[  267094ms] [LOG] [Fast Refresh] done in 48ms @ webpack-internal:///(app-pages-browser)/../../node_modules/.pnpm/next@15.5.18_@babel+core@7.29.7_react-dom@19.2.6_react@19.2.6__react@19.2.6/node_modules/next/dist/client/dev/report-hmr-latency.js:13
[  267097ms] [LOG] [Fast Refresh] rebuilding @ webpack-internal:///(app-pages-browser)/../../node_modules/.pnpm/next@15.5.18_@babel+core@7.29.7_react-dom@19.2.6_react@19.2.6__react@19.2.6/node_modules/next/dist/client/dev/hot-reloader/app/hot-reloader-app.js:196
[  267143ms] [LOG] [Fast Refresh] done in 47ms @ webpack-internal:///(app-pages-browser)/../../node_modules/.pnpm/next@15.5.18_@babel+core@7.29.7_react-dom@19.2.6_react@19.2.6__react@19.2.6/node_modules/next/dist/client/dev/report-hmr-latency.js:13
[  267147ms] [LOG] [Fast Refresh] rebuilding @ webpack-internal:///(app-pages-browser)/../../node_modules/.pnpm/next@15.5.18_@babel+core@7.29.7_react-dom@19.2.6_react@19.2.6__react@19.2.6/node_modules/next/dist/client/dev/hot-reloader/app/hot-reloader-app.js:196
[  267195ms] [LOG] [Fast Refresh] done in 47ms @ webpack-internal:///(app-pages-browser)/../../node_modules/.pnpm/next@15.5.18_@babel+core@7.29.7_react-dom@19.2.6_react@19.2.6__react@19.2.6/node_modules/next/dist/client/dev/report-hmr-latency.js:13
[  267198ms] [LOG] [Fast Refresh] rebuilding @ webpack-internal:///(app-pages-browser)/../../node_modules/.pnpm/next@15.5.18_@babel+core@7.29.7_react-dom@19.2.6_react@19.2.6__react@19.2.6/node_modules/next/dist/client/dev/hot-reloader/app/hot-reloader-app.js:196
[  267242ms] [LOG] [Fast Refresh] done in 45ms @ webpack-internal:///(app-pages-browser)/../../node_modules/.pnpm/next@15.5.18_@babel+core@7.29.7_react-dom@19.2.6_react@19.2.6__react@19.2.6/node_modules/next/dist/client/dev/report-hmr-latency.js:13
[  267248ms] [LOG] [Fast Refresh] rebuilding @ webpack-internal:///(app-pages-browser)/../../node_modules/.pnpm/next@15.5.18_@babel+core@7.29.7_react-dom@19.2.6_react@19.2.6__react@19.2.6/node_modules/next/dist/client/dev/hot-reloader/app/hot-reloader-app.js:196
[  267295ms] [LOG] [Fast Refresh] done in 47ms @ webpack-internal:///(app-pages-browser)/../../node_modules/.pnpm/next@15.5.18_@babel+core@7.29.7_react-dom@19.2.6_react@19.2.6__react@19.2.6/node_modules/next/dist/client/dev/report-hmr-latency.js:13
[  267298ms] [LOG] [Fast Refresh] rebuilding @ webpack-internal:///(app-pages-browser)/../../node_modules/.pnpm/next@15.5.18_@babel+core@7.29.7_react-dom@19.2.6_react@19.2.6__react@19.2.6/node_modules/next/dist/client/dev/hot-reloader/app/hot-reloader-app.js:196
[  267344ms] [LOG] [Fast Refresh] done in 46ms @ webpack-internal:///(app-pages-browser)/../../node_modules/.pnpm/next@15.5.18_@babel+core@7.29.7_react-dom@19.2.6_react@19.2.6__react@19.2.6/node_modules/next/dist/client/dev/report-hmr-latency.js:13
[  267348ms] [LOG] [Fast Refresh] rebuilding @ webpack-internal:///(app-pages-browser)/../../node_modules/.pnpm/next@15.5.18_@babel+core@7.29.7_react-dom@19.2.6_react@19.2.6__react@19.2.6/node_modules/next/dist/client/dev/hot-reloader/app/hot-reloader-app.js:196
[  267396ms] [LOG] [Fast Refresh] done in 47ms @ webpack-internal:///(app-pages-browser)/../../node_modules/.pnpm/next@15.5.18_@babel+core@7.29.7_react-dom@19.2.6_react@19.2.6__react@19.2.6/node_modules/next/dist/client/dev/report-hmr-latency.js:13
[  267399ms] [LOG] [Fast Refresh] rebuilding @ webpack-internal:///(app-pages-browser)/../../node_modules/.pnpm/next@15.5.18_@babel+core@7.29.7_react-dom@19.2.6_react@19.2.6__react@19.2.6/node_modules/next/dist/client/dev/hot-reloader/app/hot-reloader-app.js:196
[  267445ms] [LOG] [Fast Refresh] done in 47ms @ webpack-internal:///(app-pages-browser)/../../node_modules/.pnpm/next@15.5.18_@babel+core@7.29.7_react-dom@19.2.6_react@19.2.6__react@19.2.6/node_modules/next/dist/client/dev/report-hmr-latency.js:13
[  267449ms] [LOG] [Fast Refresh] rebuilding @ webpack-internal:///(app-pages-browser)/../../node_modules/.pnpm/next@15.5.18_@babel+core@7.29.7_react-dom@19.2.6_react@19.2.6__react@19.2.6/node_modules/next/dist/client/dev/hot-reloader/app/hot-reloader-app.js:196
[  267495ms] [LOG] [Fast Refresh] done in 45ms @ webpack-internal:///(app-pages-browser)/../../node_modules/.pnpm/next@15.5.18_@babel+core@7.29.7_react-dom@19.2.6_react@19.2.6__react@19.2.6/node_modules/next/dist/client/dev/report-hmr-latency.js:13
[  267500ms] [LOG] [Fast Refresh] rebuilding @ webpack-internal:///(app-pages-browser)/../../node_modules/.pnpm/next@15.5.18_@babel+core@7.29.7_react-dom@19.2.6_react@19.2.6__react@19.2.6/node_modules/next/dist/client/dev/hot-reloader/app/hot-reloader-app.js:196
[  267544ms] [LOG] [Fast Refresh] done in 45ms @ webpack-internal:///(app-pages-browser)/../../node_modules/.pnpm/next@15.5.18_@babel+core@7.29.7_react-dom@19.2.6_react@19.2.6__react@19.2.6/node_modules/next/dist/client/dev/report-hmr-latency.js:13
[  267550ms] [LOG] [Fast Refresh] rebuilding @ webpack-internal:///(app-pages-browser)/../../node_modules/.pnpm/next@15.5.18_@babel+core@7.29.7_react-dom@19.2.6_react@19.2.6__react@19.2.6/node_modules/next/dist/client/dev/hot-reloader/app/hot-reloader-app.js:196
[  267595ms] [LOG] [Fast Refresh] done in 45ms @ webpack-internal:///(app-pages-browser)/../../node_modules/.pnpm/next@15.5.18_@babel+core@7.29.7_react-dom@19.2.6_react@19.2.6__react@19.2.6/node_modules/next/dist/client/dev/report-hmr-latency.js:13
[  267600ms] [LOG] [Fast Refresh] rebuilding @ webpack-internal:///(app-pages-browser)/../../node_modules/.pnpm/next@15.5.18_@babel+core@7.29.7_react-dom@19.2.6_react@19.2.6__react@19.2.6/node_modules/next/dist/client/dev/hot-reloader/app/hot-reloader-app.js:196
[  267644ms] [LOG] [Fast Refresh] done in 44ms @ webpack-internal:///(app-pages-browser)/../../node_modules/.pnpm/next@15.5.18_@babel+core@7.29.7_react-dom@19.2.6_react@19.2.6__react@19.2.6/node_modules/next/dist/client/dev/report-hmr-latency.js:13
[  267651ms] [LOG] [Fast Refresh] rebuilding @ webpack-internal:///(app-pages-browser)/../../node_modules/.pnpm/next@15.5.18_@babel+core@7.29.7_react-dom@19.2.6_react@19.2.6__react@19.2.6/node_modules/next/dist/client/dev/hot-reloader/app/hot-reloader-app.js:196
[  267696ms] [LOG] [Fast Refresh] done in 46ms @ webpack-internal:///(app-pages-browser)/../../node_modules/.pnpm/next@15.5.18_@babel+core@7.29.7_react-dom@19.2.6_react@19.2.6__react@19.2.6/node_modules/next/dist/client/dev/report-hmr-latency.js:13
[  267701ms] [LOG] [Fast Refresh] rebuilding @ webpack-internal:///(app-pages-browser)/../../node_modules/.pnpm/next@15.5.18_@babel+core@7.29.7_react-dom@19.2.6_react@19.2.6__react@19.2.6/node_modules/next/dist/client/dev/hot-reloader/app/hot-reloader-app.js:196
[  267742ms] [LOG] [Fast Refresh] done in 41ms @ webpack-internal:///(app-pages-browser)/../../node_modules/.pnpm/next@15.5.18_@babel+core@7.29.7_react-dom@19.2.6_react@19.2.6__react@19.2.6/node_modules/next/dist/client/dev/report-hmr-latency.js:13
[  267751ms] [LOG] [Fast Refresh] rebuilding @ webpack-internal:///(app-pages-browser)/../../node_modules/.pnpm/next@15.5.18_@babel+core@7.29.7_react-dom@19.2.6_react@19.2.6__react@19.2.6/node_modules/next/dist/client/dev/hot-reloader/app/hot-reloader-app.js:196
[  267796ms] [LOG] [Fast Refresh] done in 46ms @ webpack-internal:///(app-pages-browser)/../../node_modules/.pnpm/next@15.5.18_@babel+core@7.29.7_react-dom@19.2.6_react@19.2.6__react@19.2.6/node_modules/next/dist/client/dev/report-hmr-latency.js:13
[  267802ms] [LOG] [Fast Refresh] rebuilding @ webpack-internal:///(app-pages-browser)/../../node_modules/.pnpm/next@15.5.18_@babel+core@7.29.7_react-dom@19.2.6_react@19.2.6__react@19.2.6/node_modules/next/dist/client/dev/hot-reloader/app/hot-reloader-app.js:196
[  267847ms] [LOG] [Fast Refresh] done in 45ms @ webpack-internal:///(app-pages-browser)/../../node_modules/.pnpm/next@15.5.18_@babel+core@7.29.7_react-dom@19.2.6_react@19.2.6__react@19.2.6/node_modules/next/dist/client/dev/report-hmr-latency.js:13
[  267852ms] [LOG] [Fast Refresh] rebuilding @ webpack-internal:///(app-pages-browser)/../../node_modules/.pnpm/next@15.5.18_@babel+core@7.29.7_react-dom@19.2.6_react@19.2.6__react@19.2.6/node_modules/next/dist/client/dev/hot-reloader/app/hot-reloader-app.js:196
[  267903ms] [LOG] [Fast Refresh] rebuilding @ webpack-internal:///(app-pages-browser)/../../node_modules/.pnpm/next@15.5.18_@babel+core@7.29.7_react-dom@19.2.6_react@19.2.6__react@19.2.6/node_modules/next/dist/client/dev/hot-reloader/app/hot-reloader-app.js:196
[  267904ms] [LOG] [Fast Refresh] done in 1ms @ webpack-internal:///(app-pages-browser)/../../node_modules/.pnpm/next@15.5.18_@babel+core@7.29.7_react-dom@19.2.6_react@19.2.6__react@19.2.6/node_modules/next/dist/client/dev/report-hmr-latency.js:13
[  267968ms] [LOG] [Fast Refresh] rebuilding @ webpack-internal:///(app-pages-browser)/../../node_modules/.pnpm/next@15.5.18_@babel+core@7.29.7_react-dom@19.2.6_react@19.2.6__react@19.2.6/node_modules/next/dist/client/dev/hot-reloader/app/hot-reloader-app.js:196
[  267971ms] [LOG] [Fast Refresh] done in 4ms @ webpack-internal:///(app-pages-browser)/../../node_modules/.pnpm/next@15.5.18_@babel+core@7.29.7_react-dom@19.2.6_react@19.2.6__react@19.2.6/node_modules/next/dist/client/dev/report-hmr-latency.js:13
[  268008ms] [LOG] [Fast Refresh] rebuilding @ webpack-internal:///(app-pages-browser)/../../node_modules/.pnpm/next@15.5.18_@babel+core@7.29.7_react-dom@19.2.6_react@19.2.6__react@19.2.6/node_modules/next/dist/client/dev/hot-reloader/app/hot-reloader-app.js:196
[  268011ms] [LOG] [Fast Refresh] done in 2ms @ webpack-internal:///(app-pages-browser)/../../node_modules/.pnpm/next@15.5.18_@babel+core@7.29.7_react-dom@19.2.6_react@19.2.6__react@19.2.6/node_modules/next/dist/client/dev/report-hmr-latency.js:13
[  268054ms] [LOG] [Fast Refresh] done in 45ms @ webpack-internal:///(app-pages-browser)/../../node_modules/.pnpm/next@15.5.18_@babel+core@7.29.7_react-dom@19.2.6_react@19.2.6__react@19.2.6/node_modules/next/dist/client/dev/report-hmr-latency.js:13
[  268054ms] [LOG] [Fast Refresh] rebuilding @ webpack-internal:///(app-pages-browser)/../../node_modules/.pnpm/next@15.5.18_@babel+core@7.29.7_react-dom@19.2.6_react@19.2.6__react@19.2.6/node_modules/next/dist/client/dev/hot-reloader/app/hot-reloader-app.js:196
[  268102ms] [LOG] [Fast Refresh] done in 48ms @ webpack-internal:///(app-pages-browser)/../../node_modules/.pnpm/next@15.5.18_@babel+core@7.29.7_react-dom@19.2.6_react@19.2.6__react@19.2.6/node_modules/next/dist/client/dev/report-hmr-latency.js:13
[  268104ms] [LOG] [Fast Refresh] rebuilding @ webpack-internal:///(app-pages-browser)/../../node_modules/.pnpm/next@15.5.18_@babel+core@7.29.7_react-dom@19.2.6_react@19.2.6__react@19.2.6/node_modules/next/dist/client/dev/hot-reloader/app/hot-reloader-app.js:196
[  268148ms] [LOG] [Fast Refresh] done in 44ms @ webpack-internal:///(app-pages-browser)/../../node_modules/.pnpm/next@15.5.18_@babel+core@7.29.7_react-dom@19.2.6_react@19.2.6__react@19.2.6/node_modules/next/dist/client/dev/report-hmr-latency.js:13
[  268155ms] [LOG] [Fast Refresh] rebuilding @ webpack-internal:///(app-pages-browser)/../../node_modules/.pnpm/next@15.5.18_@babel+core@7.29.7_react-dom@19.2.6_react@19.2.6__react@19.2.6/node_modules/next/dist/client/dev/hot-reloader/app/hot-reloader-app.js:196
[  268201ms] [LOG] [Fast Refresh] done in 47ms @ webpack-internal:///(app-pages-browser)/../../node_modules/.pnpm/next@15.5.18_@babel+core@7.29.7_react-dom@19.2.6_react@19.2.6__react@19.2.6/node_modules/next/dist/client/dev/report-hmr-latency.js:13
[  268205ms] [LOG] [Fast Refresh] rebuilding @ webpack-internal:///(app-pages-browser)/../../node_modules/.pnpm/next@15.5.18_@babel+core@7.29.7_react-dom@19.2.6_react@19.2.6__react@19.2.6/node_modules/next/dist/client/dev/hot-reloader/app/hot-reloader-app.js:196
[  268252ms] [LOG] [Fast Refresh] done in 47ms @ webpack-internal:///(app-pages-browser)/../../node_modules/.pnpm/next@15.5.18_@babel+core@7.29.7_react-dom@19.2.6_react@19.2.6__react@19.2.6/node_modules/next/dist/client/dev/report-hmr-latency.js:13
[  268255ms] [LOG] [Fast Refresh] rebuilding @ webpack-internal:///(app-pages-browser)/../../node_modules/.pnpm/next@15.5.18_@babel+core@7.29.7_react-dom@19.2.6_react@19.2.6__react@19.2.6/node_modules/next/dist/client/dev/hot-reloader/app/hot-reloader-app.js:196
[  268303ms] [LOG] [Fast Refresh] done in 47ms @ webpack-internal:///(app-pages-browser)/../../node_modules/.pnpm/next@15.5.18_@babel+core@7.29.7_react-dom@19.2.6_react@19.2.6__react@19.2.6/node_modules/next/dist/client/dev/report-hmr-latency.js:13
[  268305ms] [LOG] [Fast Refresh] rebuilding @ webpack-internal:///(app-pages-browser)/../../node_modules/.pnpm/next@15.5.18_@babel+core@7.29.7_react-dom@19.2.6_react@19.2.6__react@19.2.6/node_modules/next/dist/client/dev/hot-reloader/app/hot-reloader-app.js:196
[  268349ms] [LOG] [Fast Refresh] done in 43ms @ webpack-internal:///(app-pages-browser)/../../node_modules/.pnpm/next@15.5.18_@babel+core@7.29.7_react-dom@19.2.6_react@19.2.6__react@19.2.6/node_modules/next/dist/client/dev/report-hmr-latency.js:13
[  268356ms] [LOG] [Fast Refresh] rebuilding @ webpack-internal:///(app-pages-browser)/../../node_modules/.pnpm/next@15.5.18_@babel+core@7.29.7_react-dom@19.2.6_react@19.2.6__react@19.2.6/node_modules/next/dist/client/dev/hot-reloader/app/hot-reloader-app.js:196
[  268401ms] [LOG] [Fast Refresh] done in 45ms @ webpack-internal:///(app-pages-browser)/../../node_modules/.pnpm/next@15.5.18_@babel+core@7.29.7_react-dom@19.2.6_react@19.2.6__react@19.2.6/node_modules/next/dist/client/dev/report-hmr-latency.js:13
[  268406ms] [LOG] [Fast Refresh] rebuilding @ webpack-internal:///(app-pages-browser)/../../node_modules/.pnpm/next@15.5.18_@babel+core@7.29.7_react-dom@19.2.6_react@19.2.6__react@19.2.6/node_modules/next/dist/client/dev/hot-reloader/app/hot-reloader-app.js:196
[  268451ms] [LOG] [Fast Refresh] done in 45ms @ webpack-internal:///(app-pages-browser)/../../node_modules/.pnpm/next@15.5.18_@babel+core@7.29.7_react-dom@19.2.6_react@19.2.6__react@19.2.6/node_modules/next/dist/client/dev/report-hmr-latency.js:13
[  268456ms] [LOG] [Fast Refresh] rebuilding @ webpack-internal:///(app-pages-browser)/../../node_modules/.pnpm/next@15.5.18_@babel+core@7.29.7_react-dom@19.2.6_react@19.2.6__react@19.2.6/node_modules/next/dist/client/dev/hot-reloader/app/hot-reloader-app.js:196
[  268502ms] [LOG] [Fast Refresh] done in 45ms @ webpack-internal:///(app-pages-browser)/../../node_modules/.pnpm/next@15.5.18_@babel+core@7.29.7_react-dom@19.2.6_react@19.2.6__react@19.2.6/node_modules/next/dist/client/dev/report-hmr-latency.js:13
[  268507ms] [LOG] [Fast Refresh] rebuilding @ webpack-internal:///(app-pages-browser)/../../node_modules/.pnpm/next@15.5.18_@babel+core@7.29.7_react-dom@19.2.6_react@19.2.6__react@19.2.6/node_modules/next/dist/client/dev/hot-reloader/app/hot-reloader-app.js:196
[  268552ms] [LOG] [Fast Refresh] done in 45ms @ webpack-internal:///(app-pages-browser)/../../node_modules/.pnpm/next@15.5.18_@babel+core@7.29.7_react-dom@19.2.6_react@19.2.6__react@19.2.6/node_modules/next/dist/client/dev/report-hmr-latency.js:13
[  268557ms] [LOG] [Fast Refresh] rebuilding @ webpack-internal:///(app-pages-browser)/../../node_modules/.pnpm/next@15.5.18_@babel+core@7.29.7_react-dom@19.2.6_react@19.2.6__react@19.2.6/node_modules/next/dist/client/dev/hot-reloader/app/hot-reloader-app.js:196
[  268602ms] [LOG] [Fast Refresh] done in 46ms @ webpack-internal:///(app-pages-browser)/../../node_modules/.pnpm/next@15.5.18_@babel+core@7.29.7_react-dom@19.2.6_react@19.2.6__react@19.2.6/node_modules/next/dist/client/dev/report-hmr-latency.js:13
[  268607ms] [LOG] [Fast Refresh] rebuilding @ webpack-internal:///(app-pages-browser)/../../node_modules/.pnpm/next@15.5.18_@babel+core@7.29.7_react-dom@19.2.6_react@19.2.6__react@19.2.6/node_modules/next/dist/client/dev/hot-reloader/app/hot-reloader-app.js:196
[  268655ms] [LOG] [Fast Refresh] done in 48ms @ webpack-internal:///(app-pages-browser)/../../node_modules/.pnpm/next@15.5.18_@babel+core@7.29.7_react-dom@19.2.6_react@19.2.6__react@19.2.6/node_modules/next/dist/client/dev/report-hmr-latency.js:13
[  268657ms] [LOG] [Fast Refresh] rebuilding @ webpack-internal:///(app-pages-browser)/../../node_modules/.pnpm/next@15.5.18_@babel+core@7.29.7_react-dom@19.2.6_react@19.2.6__react@19.2.6/node_modules/next/dist/client/dev/hot-reloader/app/hot-reloader-app.js:196
[  268703ms] [LOG] [Fast Refresh] done in 46ms @ webpack-internal:///(app-pages-browser)/../../node_modules/.pnpm/next@15.5.18_@babel+core@7.29.7_react-dom@19.2.6_react@19.2.6__react@19.2.6/node_modules/next/dist/client/dev/report-hmr-latency.js:13
[  268707ms] [LOG] [Fast Refresh] rebuilding @ webpack-internal:///(app-pages-browser)/../../node_modules/.pnpm/next@15.5.18_@babel+core@7.29.7_react-dom@19.2.6_react@19.2.6__react@19.2.6/node_modules/next/dist/client/dev/hot-reloader/app/hot-reloader-app.js:196
[  268750ms] [LOG] [Fast Refresh] done in 42ms @ webpack-internal:///(app-pages-browser)/../../node_modules/.pnpm/next@15.5.18_@babel+core@7.29.7_react-dom@19.2.6_react@19.2.6__react@19.2.6/node_modules/next/dist/client/dev/report-hmr-latency.js:13
[  268758ms] [LOG] [Fast Refresh] rebuilding @ webpack-internal:///(app-pages-browser)/../../node_modules/.pnpm/next@15.5.18_@babel+core@7.29.7_react-dom@19.2.6_react@19.2.6__react@19.2.6/node_modules/next/dist/client/dev/hot-reloader/app/hot-reloader-app.js:196
[  268804ms] [LOG] [Fast Refresh] done in 47ms @ webpack-internal:///(app-pages-browser)/../../node_modules/.pnpm/next@15.5.18_@babel+core@7.29.7_react-dom@19.2.6_react@19.2.6__react@19.2.6/node_modules/next/dist/client/dev/report-hmr-latency.js:13
[  268808ms] [LOG] [Fast Refresh] rebuilding @ webpack-internal:///(app-pages-browser)/../../node_modules/.pnpm/next@15.5.18_@babel+core@7.29.7_react-dom@19.2.6_react@19.2.6__react@19.2.6/node_modules/next/dist/client/dev/hot-reloader/app/hot-reloader-app.js:196
[  268856ms] [LOG] [Fast Refresh] done in 48ms @ webpack-internal:///(app-pages-browser)/../../node_modules/.pnpm/next@15.5.18_@babel+core@7.29.7_react-dom@19.2.6_react@19.2.6__react@19.2.6/node_modules/next/dist/client/dev/report-hmr-latency.js:13
[  268858ms] [LOG] [Fast Refresh] rebuilding @ webpack-internal:///(app-pages-browser)/../../node_modules/.pnpm/next@15.5.18_@babel+core@7.29.7_react-dom@19.2.6_react@19.2.6__react@19.2.6/node_modules/next/dist/client/dev/hot-reloader/app/hot-reloader-app.js:196
[  268904ms] [LOG] [Fast Refresh] done in 46ms @ webpack-internal:///(app-pages-browser)/../../node_modules/.pnpm/next@15.5.18_@babel+core@7.29.7_react-dom@19.2.6_react@19.2.6__react@19.2.6/node_modules/next/dist/client/dev/report-hmr-latency.js:13
[  268909ms] [LOG] [Fast Refresh] rebuilding @ webpack-internal:///(app-pages-browser)/../../node_modules/.pnpm/next@15.5.18_@babel+core@7.29.7_react-dom@19.2.6_react@19.2.6__react@19.2.6/node_modules/next/dist/client/dev/hot-reloader/app/hot-reloader-app.js:196
[  268954ms] [LOG] [Fast Refresh] done in 46ms @ webpack-internal:///(app-pages-browser)/../../node_modules/.pnpm/next@15.5.18_@babel+core@7.29.7_react-dom@19.2.6_react@19.2.6__react@19.2.6/node_modules/next/dist/client/dev/report-hmr-latency.js:13
[  268959ms] [LOG] [Fast Refresh] rebuilding @ webpack-internal:///(app-pages-browser)/../../node_modules/.pnpm/next@15.5.18_@babel+core@7.29.7_react-dom@19.2.6_react@19.2.6__react@19.2.6/node_modules/next/dist/client/dev/hot-reloader/app/hot-reloader-app.js:196
[  269005ms] [LOG] [Fast Refresh] done in 46ms @ webpack-internal:///(app-pages-browser)/../../node_modules/.pnpm/next@15.5.18_@babel+core@7.29.7_react-dom@19.2.6_react@19.2.6__react@19.2.6/node_modules/next/dist/client/dev/report-hmr-latency.js:13
[  269010ms] [LOG] [Fast Refresh] rebuilding @ webpack-internal:///(app-pages-browser)/../../node_modules/.pnpm/next@15.5.18_@babel+core@7.29.7_react-dom@19.2.6_react@19.2.6__react@19.2.6/node_modules/next/dist/client/dev/hot-reloader/app/hot-reloader-app.js:196
[  269060ms] [LOG] [Fast Refresh] done in 50ms @ webpack-internal:///(app-pages-browser)/../../node_modules/.pnpm/next@15.5.18_@babel+core@7.29.7_react-dom@19.2.6_react@19.2.6__react@19.2.6/node_modules/next/dist/client/dev/report-hmr-latency.js:13
[  269060ms] [LOG] [Fast Refresh] rebuilding @ webpack-internal:///(app-pages-browser)/../../node_modules/.pnpm/next@15.5.18_@babel+core@7.29.7_react-dom@19.2.6_react@19.2.6__react@19.2.6/node_modules/next/dist/client/dev/hot-reloader/app/hot-reloader-app.js:196
[  269126ms] [LOG] [Fast Refresh] rebuilding @ webpack-internal:///(app-pages-browser)/../../node_modules/.pnpm/next@15.5.18_@babel+core@7.29.7_react-dom@19.2.6_react@19.2.6__react@19.2.6/node_modules/next/dist/client/dev/hot-reloader/app/hot-reloader-app.js:196
[  269128ms] [LOG] [Fast Refresh] done in 2ms @ webpack-internal:///(app-pages-browser)/../../node_modules/.pnpm/next@15.5.18_@babel+core@7.29.7_react-dom@19.2.6_react@19.2.6__react@19.2.6/node_modules/next/dist/client/dev/report-hmr-latency.js:13
[  269172ms] [LOG] [Fast Refresh] rebuilding @ webpack-internal:///(app-pages-browser)/../../node_modules/.pnpm/next@15.5.18_@babel+core@7.29.7_react-dom@19.2.6_react@19.2.6__react@19.2.6/node_modules/next/dist/client/dev/hot-reloader/app/hot-reloader-app.js:196
[  269174ms] [LOG] [Fast Refresh] done in 2ms @ webpack-internal:///(app-pages-browser)/../../node_modules/.pnpm/next@15.5.18_@babel+core@7.29.7_react-dom@19.2.6_react@19.2.6__react@19.2.6/node_modules/next/dist/client/dev/report-hmr-latency.js:13
[  269217ms] [LOG] [Fast Refresh] rebuilding @ webpack-internal:///(app-pages-browser)/../../node_modules/.pnpm/next@15.5.18_@babel+core@7.29.7_react-dom@19.2.6_react@19.2.6__react@19.2.6/node_modules/next/dist/client/dev/hot-reloader/app/hot-reloader-app.js:196
[  269220ms] [LOG] [Fast Refresh] done in 2ms @ webpack-internal:///(app-pages-browser)/../../node_modules/.pnpm/next@15.5.18_@babel+core@7.29.7_react-dom@19.2.6_react@19.2.6__react@19.2.6/node_modules/next/dist/client/dev/report-hmr-latency.js:13
[  269263ms] [LOG] [Fast Refresh] rebuilding @ webpack-internal:///(app-pages-browser)/../../node_modules/.pnpm/next@15.5.18_@babel+core@7.29.7_react-dom@19.2.6_react@19.2.6__react@19.2.6/node_modules/next/dist/client/dev/hot-reloader/app/hot-reloader-app.js:196
[  269266ms] [LOG] [Fast Refresh] done in 2ms @ webpack-internal:///(app-pages-browser)/../../node_modules/.pnpm/next@15.5.18_@babel+core@7.29.7_react-dom@19.2.6_react@19.2.6__react@19.2.6/node_modules/next/dist/client/dev/report-hmr-latency.js:13
[  269307ms] [LOG] [Fast Refresh] done in 43ms @ webpack-internal:///(app-pages-browser)/../../node_modules/.pnpm/next@15.5.18_@babel+core@7.29.7_react-dom@19.2.6_react@19.2.6__react@19.2.6/node_modules/next/dist/client/dev/report-hmr-latency.js:13
[  269313ms] [LOG] [Fast Refresh] rebuilding @ webpack-internal:///(app-pages-browser)/../../node_modules/.pnpm/next@15.5.18_@babel+core@7.29.7_react-dom@19.2.6_react@19.2.6__react@19.2.6/node_modules/next/dist/client/dev/hot-reloader/app/hot-reloader-app.js:196
[  269361ms] [LOG] [Fast Refresh] done in 49ms @ webpack-internal:///(app-pages-browser)/../../node_modules/.pnpm/next@15.5.18_@babel+core@7.29.7_react-dom@19.2.6_react@19.2.6__react@19.2.6/node_modules/next/dist/client/dev/report-hmr-latency.js:13
[  269362ms] [LOG] [Fast Refresh] rebuilding @ webpack-internal:///(app-pages-browser)/../../node_modules/.pnpm/next@15.5.18_@babel+core@7.29.7_react-dom@19.2.6_react@19.2.6__react@19.2.6/node_modules/next/dist/client/dev/hot-reloader/app/hot-reloader-app.js:196
[  269412ms] [LOG] [Fast Refresh] done in 50ms @ webpack-internal:///(app-pages-browser)/../../node_modules/.pnpm/next@15.5.18_@babel+core@7.29.7_react-dom@19.2.6_react@19.2.6__react@19.2.6/node_modules/next/dist/client/dev/report-hmr-latency.js:13
[  269413ms] [LOG] [Fast Refresh] rebuilding @ webpack-internal:///(app-pages-browser)/../../node_modules/.pnpm/next@15.5.18_@babel+core@7.29.7_react-dom@19.2.6_react@19.2.6__react@19.2.6/node_modules/next/dist/client/dev/hot-reloader/app/hot-reloader-app.js:196
[  269459ms] [LOG] [Fast Refresh] done in 46ms @ webpack-internal:///(app-pages-browser)/../../node_modules/.pnpm/next@15.5.18_@babel+core@7.29.7_react-dom@19.2.6_react@19.2.6__react@19.2.6/node_modules/next/dist/client/dev/report-hmr-latency.js:13
[  269464ms] [LOG] [Fast Refresh] rebuilding @ webpack-internal:///(app-pages-browser)/../../node_modules/.pnpm/next@15.5.18_@babel+core@7.29.7_react-dom@19.2.6_react@19.2.6__react@19.2.6/node_modules/next/dist/client/dev/hot-reloader/app/hot-reloader-app.js:196
[  269512ms] [LOG] [Fast Refresh] done in 48ms @ webpack-internal:///(app-pages-browser)/../../node_modules/.pnpm/next@15.5.18_@babel+core@7.29.7_react-dom@19.2.6_react@19.2.6__react@19.2.6/node_modules/next/dist/client/dev/report-hmr-latency.js:13
[  269514ms] [LOG] [Fast Refresh] rebuilding @ webpack-internal:///(app-pages-browser)/../../node_modules/.pnpm/next@15.5.18_@babel+core@7.29.7_react-dom@19.2.6_react@19.2.6__react@19.2.6/node_modules/next/dist/client/dev/hot-reloader/app/hot-reloader-app.js:196
[  269560ms] [LOG] [Fast Refresh] done in 45ms @ webpack-internal:///(app-pages-browser)/../../node_modules/.pnpm/next@15.5.18_@babel+core@7.29.7_react-dom@19.2.6_react@19.2.6__react@19.2.6/node_modules/next/dist/client/dev/report-hmr-latency.js:13
[  269565ms] [LOG] [Fast Refresh] rebuilding @ webpack-internal:///(app-pages-browser)/../../node_modules/.pnpm/next@15.5.18_@babel+core@7.29.7_react-dom@19.2.6_react@19.2.6__react@19.2.6/node_modules/next/dist/client/dev/hot-reloader/app/hot-reloader-app.js:196
[  269611ms] [LOG] [Fast Refresh] done in 47ms @ webpack-internal:///(app-pages-browser)/../../node_modules/.pnpm/next@15.5.18_@babel+core@7.29.7_react-dom@19.2.6_react@19.2.6__react@19.2.6/node_modules/next/dist/client/dev/report-hmr-latency.js:13
[  269614ms] [LOG] [Fast Refresh] rebuilding @ webpack-internal:///(app-pages-browser)/../../node_modules/.pnpm/next@15.5.18_@babel+core@7.29.7_react-dom@19.2.6_react@19.2.6__react@19.2.6/node_modules/next/dist/client/dev/hot-reloader/app/hot-reloader-app.js:196
[  269661ms] [LOG] [Fast Refresh] done in 47ms @ webpack-internal:///(app-pages-browser)/../../node_modules/.pnpm/next@15.5.18_@babel+core@7.29.7_react-dom@19.2.6_react@19.2.6__react@19.2.6/node_modules/next/dist/client/dev/report-hmr-latency.js:13
[  269665ms] [LOG] [Fast Refresh] rebuilding @ webpack-internal:///(app-pages-browser)/../../node_modules/.pnpm/next@15.5.18_@babel+core@7.29.7_react-dom@19.2.6_react@19.2.6__react@19.2.6/node_modules/next/dist/client/dev/hot-reloader/app/hot-reloader-app.js:196
[  269713ms] [LOG] [Fast Refresh] done in 48ms @ webpack-internal:///(app-pages-browser)/../../node_modules/.pnpm/next@15.5.18_@babel+core@7.29.7_react-dom@19.2.6_react@19.2.6__react@19.2.6/node_modules/next/dist/client/dev/report-hmr-latency.js:13
[  269715ms] [LOG] [Fast Refresh] rebuilding @ webpack-internal:///(app-pages-browser)/../../node_modules/.pnpm/next@15.5.18_@babel+core@7.29.7_react-dom@19.2.6_react@19.2.6__react@19.2.6/node_modules/next/dist/client/dev/hot-reloader/app/hot-reloader-app.js:196
[  269758ms] [LOG] [Fast Refresh] done in 43ms @ webpack-internal:///(app-pages-browser)/../../node_modules/.pnpm/next@15.5.18_@babel+core@7.29.7_react-dom@19.2.6_react@19.2.6__react@19.2.6/node_modules/next/dist/client/dev/report-hmr-latency.js:13
[  269765ms] [LOG] [Fast Refresh] rebuilding @ webpack-internal:///(app-pages-browser)/../../node_modules/.pnpm/next@15.5.18_@babel+core@7.29.7_react-dom@19.2.6_react@19.2.6__react@19.2.6/node_modules/next/dist/client/dev/hot-reloader/app/hot-reloader-app.js:196
[  269812ms] [LOG] [Fast Refresh] done in 48ms @ webpack-internal:///(app-pages-browser)/../../node_modules/.pnpm/next@15.5.18_@babel+core@7.29.7_react-dom@19.2.6_react@19.2.6__react@19.2.6/node_modules/next/dist/client/dev/report-hmr-latency.js:13
[  269816ms] [LOG] [Fast Refresh] rebuilding @ webpack-internal:///(app-pages-browser)/../../node_modules/.pnpm/next@15.5.18_@babel+core@7.29.7_react-dom@19.2.6_react@19.2.6__react@19.2.6/node_modules/next/dist/client/dev/hot-reloader/app/hot-reloader-app.js:196
[  269865ms] [LOG] [Fast Refresh] done in 50ms @ webpack-internal:///(app-pages-browser)/../../node_modules/.pnpm/next@15.5.18_@babel+core@7.29.7_react-dom@19.2.6_react@19.2.6__react@19.2.6/node_modules/next/dist/client/dev/report-hmr-latency.js:13
[  269866ms] [LOG] [Fast Refresh] rebuilding @ webpack-internal:///(app-pages-browser)/../../node_modules/.pnpm/next@15.5.18_@babel+core@7.29.7_react-dom@19.2.6_react@19.2.6__react@19.2.6/node_modules/next/dist/client/dev/hot-reloader/app/hot-reloader-app.js:196
[  269917ms] [LOG] [Fast Refresh] rebuilding @ webpack-internal:///(app-pages-browser)/../../node_modules/.pnpm/next@15.5.18_@babel+core@7.29.7_react-dom@19.2.6_react@19.2.6__react@19.2.6/node_modules/next/dist/client/dev/hot-reloader/app/hot-reloader-app.js:196
[  269920ms] [LOG] [Fast Refresh] done in 2ms @ webpack-internal:///(app-pages-browser)/../../node_modules/.pnpm/next@15.5.18_@babel+core@7.29.7_react-dom@19.2.6_react@19.2.6__react@19.2.6/node_modules/next/dist/client/dev/report-hmr-latency.js:13
[  269965ms] [LOG] [Fast Refresh] done in 48ms @ webpack-internal:///(app-pages-browser)/../../node_modules/.pnpm/next@15.5.18_@babel+core@7.29.7_react-dom@19.2.6_react@19.2.6__react@19.2.6/node_modules/next/dist/client/dev/report-hmr-latency.js:13
[  269966ms] [LOG] [Fast Refresh] rebuilding @ webpack-internal:///(app-pages-browser)/../../node_modules/.pnpm/next@15.5.18_@babel+core@7.29.7_react-dom@19.2.6_react@19.2.6__react@19.2.6/node_modules/next/dist/client/dev/hot-reloader/app/hot-reloader-app.js:196
[  270016ms] [LOG] [Fast Refresh] done in 50ms @ webpack-internal:///(app-pages-browser)/../../node_modules/.pnpm/next@15.5.18_@babel+core@7.29.7_react-dom@19.2.6_react@19.2.6__react@19.2.6/node_modules/next/dist/client/dev/report-hmr-latency.js:13
[  270016ms] [LOG] [Fast Refresh] rebuilding @ webpack-internal:///(app-pages-browser)/../../node_modules/.pnpm/next@15.5.18_@babel+core@7.29.7_react-dom@19.2.6_react@19.2.6__react@19.2.6/node_modules/next/dist/client/dev/hot-reloader/app/hot-reloader-app.js:196
[  270066ms] [LOG] [Fast Refresh] done in 49ms @ webpack-internal:///(app-pages-browser)/../../node_modules/.pnpm/next@15.5.18_@babel+core@7.29.7_react-dom@19.2.6_react@19.2.6__react@19.2.6/node_modules/next/dist/client/dev/report-hmr-latency.js:13
[  270066ms] [LOG] [Fast Refresh] rebuilding @ webpack-internal:///(app-pages-browser)/../../node_modules/.pnpm/next@15.5.18_@babel+core@7.29.7_react-dom@19.2.6_react@19.2.6__react@19.2.6/node_modules/next/dist/client/dev/hot-reloader/app/hot-reloader-app.js:196
[  270112ms] [LOG] [Fast Refresh] done in 46ms @ webpack-internal:///(app-pages-browser)/../../node_modules/.pnpm/next@15.5.18_@babel+core@7.29.7_react-dom@19.2.6_react@19.2.6__react@19.2.6/node_modules/next/dist/client/dev/report-hmr-latency.js:13
[  270117ms] [LOG] [Fast Refresh] rebuilding @ webpack-internal:///(app-pages-browser)/../../node_modules/.pnpm/next@15.5.18_@babel+core@7.29.7_react-dom@19.2.6_react@19.2.6__react@19.2.6/node_modules/next/dist/client/dev/hot-reloader/app/hot-reloader-app.js:196
[  270164ms] [LOG] [Fast Refresh] done in 47ms @ webpack-internal:///(app-pages-browser)/../../node_modules/.pnpm/next@15.5.18_@babel+core@7.29.7_react-dom@19.2.6_react@19.2.6__react@19.2.6/node_modules/next/dist/client/dev/report-hmr-latency.js:13
[  270167ms] [LOG] [Fast Refresh] rebuilding @ webpack-internal:///(app-pages-browser)/../../node_modules/.pnpm/next@15.5.18_@babel+core@7.29.7_react-dom@19.2.6_react@19.2.6__react@19.2.6/node_modules/next/dist/client/dev/hot-reloader/app/hot-reloader-app.js:196
[  270216ms] [LOG] [Fast Refresh] done in 49ms @ webpack-internal:///(app-pages-browser)/../../node_modules/.pnpm/next@15.5.18_@babel+core@7.29.7_react-dom@19.2.6_react@19.2.6__react@19.2.6/node_modules/next/dist/client/dev/report-hmr-latency.js:13
[  270217ms] [LOG] [Fast Refresh] rebuilding @ webpack-internal:///(app-pages-browser)/../../node_modules/.pnpm/next@15.5.18_@babel+core@7.29.7_react-dom@19.2.6_react@19.2.6__react@19.2.6/node_modules/next/dist/client/dev/hot-reloader/app/hot-reloader-app.js:196
[  270288ms] [LOG] [Fast Refresh] rebuilding @ webpack-internal:///(app-pages-browser)/../../node_modules/.pnpm/next@15.5.18_@babel+core@7.29.7_react-dom@19.2.6_react@19.2.6__react@19.2.6/node_modules/next/dist/client/dev/hot-reloader/app/hot-reloader-app.js:196
[  270290ms] [LOG] [Fast Refresh] done in 2ms @ webpack-internal:///(app-pages-browser)/../../node_modules/.pnpm/next@15.5.18_@babel+core@7.29.7_react-dom@19.2.6_react@19.2.6__react@19.2.6/node_modules/next/dist/client/dev/report-hmr-latency.js:13
[  270332ms] [LOG] [Fast Refresh] rebuilding @ webpack-internal:///(app-pages-browser)/../../node_modules/.pnpm/next@15.5.18_@babel+core@7.29.7_react-dom@19.2.6_react@19.2.6__react@19.2.6/node_modules/next/dist/client/dev/hot-reloader/app/hot-reloader-app.js:196
[  270335ms] [LOG] [Fast Refresh] done in 2ms @ webpack-internal:///(app-pages-browser)/../../node_modules/.pnpm/next@15.5.18_@babel+core@7.29.7_react-dom@19.2.6_react@19.2.6__react@19.2.6/node_modules/next/dist/client/dev/report-hmr-latency.js:13
[  270379ms] [LOG] [Fast Refresh] rebuilding @ webpack-internal:///(app-pages-browser)/../../node_modules/.pnpm/next@15.5.18_@babel+core@7.29.7_react-dom@19.2.6_react@19.2.6__react@19.2.6/node_modules/next/dist/client/dev/hot-reloader/app/hot-reloader-app.js:196
[  270382ms] [LOG] [Fast Refresh] done in 2ms @ webpack-internal:///(app-pages-browser)/../../node_modules/.pnpm/next@15.5.18_@babel+core@7.29.7_react-dom@19.2.6_react@19.2.6__react@19.2.6/node_modules/next/dist/client/dev/report-hmr-latency.js:13
[  270423ms] [LOG] [Fast Refresh] rebuilding @ webpack-internal:///(app-pages-browser)/../../node_modules/.pnpm/next@15.5.18_@babel+core@7.29.7_react-dom@19.2.6_react@19.2.6__react@19.2.6/node_modules/next/dist/client/dev/hot-reloader/app/hot-reloader-app.js:196
[  270426ms] [LOG] [Fast Refresh] done in 3ms @ webpack-internal:///(app-pages-browser)/../../node_modules/.pnpm/next@15.5.18_@babel+core@7.29.7_react-dom@19.2.6_react@19.2.6__react@19.2.6/node_modules/next/dist/client/dev/report-hmr-latency.js:13
[  270468ms] [LOG] [Fast Refresh] done in 45ms @ webpack-internal:///(app-pages-browser)/../../node_modules/.pnpm/next@15.5.18_@babel+core@7.29.7_react-dom@19.2.6_react@19.2.6__react@19.2.6/node_modules/next/dist/client/dev/report-hmr-latency.js:13
[  270470ms] [LOG] [Fast Refresh] rebuilding @ webpack-internal:///(app-pages-browser)/../../node_modules/.pnpm/next@15.5.18_@babel+core@7.29.7_react-dom@19.2.6_react@19.2.6__react@19.2.6/node_modules/next/dist/client/dev/hot-reloader/app/hot-reloader-app.js:196
[  270515ms] [LOG] [Fast Refresh] done in 45ms @ webpack-internal:///(app-pages-browser)/../../node_modules/.pnpm/next@15.5.18_@babel+core@7.29.7_react-dom@19.2.6_react@19.2.6__react@19.2.6/node_modules/next/dist/client/dev/report-hmr-latency.js:13
[  270520ms] [LOG] [Fast Refresh] rebuilding @ webpack-internal:///(app-pages-browser)/../../node_modules/.pnpm/next@15.5.18_@babel+core@7.29.7_react-dom@19.2.6_react@19.2.6__react@19.2.6/node_modules/next/dist/client/dev/hot-reloader/app/hot-reloader-app.js:196
[  270566ms] [LOG] [Fast Refresh] done in 46ms @ webpack-internal:///(app-pages-browser)/../../node_modules/.pnpm/next@15.5.18_@babel+core@7.29.7_react-dom@19.2.6_react@19.2.6__react@19.2.6/node_modules/next/dist/client/dev/report-hmr-latency.js:13
[  270570ms] [LOG] [Fast Refresh] rebuilding @ webpack-internal:///(app-pages-browser)/../../node_modules/.pnpm/next@15.5.18_@babel+core@7.29.7_react-dom@19.2.6_react@19.2.6__react@19.2.6/node_modules/next/dist/client/dev/hot-reloader/app/hot-reloader-app.js:196
[  270617ms] [LOG] [Fast Refresh] done in 47ms @ webpack-internal:///(app-pages-browser)/../../node_modules/.pnpm/next@15.5.18_@babel+core@7.29.7_react-dom@19.2.6_react@19.2.6__react@19.2.6/node_modules/next/dist/client/dev/report-hmr-latency.js:13
[  270620ms] [LOG] [Fast Refresh] rebuilding @ webpack-internal:///(app-pages-browser)/../../node_modules/.pnpm/next@15.5.18_@babel+core@7.29.7_react-dom@19.2.6_react@19.2.6__react@19.2.6/node_modules/next/dist/client/dev/hot-reloader/app/hot-reloader-app.js:196
[  270665ms] [LOG] [Fast Refresh] done in 45ms @ webpack-internal:///(app-pages-browser)/../../node_modules/.pnpm/next@15.5.18_@babel+core@7.29.7_react-dom@19.2.6_react@19.2.6__react@19.2.6/node_modules/next/dist/client/dev/report-hmr-latency.js:13
[  270671ms] [LOG] [Fast Refresh] rebuilding @ webpack-internal:///(app-pages-browser)/../../node_modules/.pnpm/next@15.5.18_@babel+core@7.29.7_react-dom@19.2.6_react@19.2.6__react@19.2.6/node_modules/next/dist/client/dev/hot-reloader/app/hot-reloader-app.js:196
[  270718ms] [LOG] [Fast Refresh] done in 47ms @ webpack-internal:///(app-pages-browser)/../../node_modules/.pnpm/next@15.5.18_@babel+core@7.29.7_react-dom@19.2.6_react@19.2.6__react@19.2.6/node_modules/next/dist/client/dev/report-hmr-latency.js:13
[  270720ms] [LOG] [Fast Refresh] rebuilding @ webpack-internal:///(app-pages-browser)/../../node_modules/.pnpm/next@15.5.18_@babel+core@7.29.7_react-dom@19.2.6_react@19.2.6__react@19.2.6/node_modules/next/dist/client/dev/hot-reloader/app/hot-reloader-app.js:196
[  270769ms] [LOG] [Fast Refresh] done in 48ms @ webpack-internal:///(app-pages-browser)/../../node_modules/.pnpm/next@15.5.18_@babel+core@7.29.7_react-dom@19.2.6_react@19.2.6__react@19.2.6/node_modules/next/dist/client/dev/report-hmr-latency.js:13
[  270771ms] [LOG] [Fast Refresh] rebuilding @ webpack-internal:///(app-pages-browser)/../../node_modules/.pnpm/next@15.5.18_@babel+core@7.29.7_react-dom@19.2.6_react@19.2.6__react@19.2.6/node_modules/next/dist/client/dev/hot-reloader/app/hot-reloader-app.js:196
[  270817ms] [LOG] [Fast Refresh] done in 45ms @ webpack-internal:///(app-pages-browser)/../../node_modules/.pnpm/next@15.5.18_@babel+core@7.29.7_react-dom@19.2.6_react@19.2.6__react@19.2.6/node_modules/next/dist/client/dev/report-hmr-latency.js:13
[  270821ms] [LOG] [Fast Refresh] rebuilding @ webpack-internal:///(app-pages-browser)/../../node_modules/.pnpm/next@15.5.18_@babel+core@7.29.7_react-dom@19.2.6_react@19.2.6__react@19.2.6/node_modules/next/dist/client/dev/hot-reloader/app/hot-reloader-app.js:196
[  270862ms] [LOG] [Fast Refresh] done in 41ms @ webpack-internal:///(app-pages-browser)/../../node_modules/.pnpm/next@15.5.18_@babel+core@7.29.7_react-dom@19.2.6_react@19.2.6__react@19.2.6/node_modules/next/dist/client/dev/report-hmr-latency.js:13
[  270871ms] [LOG] [Fast Refresh] rebuilding @ webpack-internal:///(app-pages-browser)/../../node_modules/.pnpm/next@15.5.18_@babel+core@7.29.7_react-dom@19.2.6_react@19.2.6__react@19.2.6/node_modules/next/dist/client/dev/hot-reloader/app/hot-reloader-app.js:196
[  270916ms] [LOG] [Fast Refresh] done in 45ms @ webpack-internal:///(app-pages-browser)/../../node_modules/.pnpm/next@15.5.18_@babel+core@7.29.7_react-dom@19.2.6_react@19.2.6__react@19.2.6/node_modules/next/dist/client/dev/report-hmr-latency.js:13
[  270922ms] [LOG] [Fast Refresh] rebuilding @ webpack-internal:///(app-pages-browser)/../../node_modules/.pnpm/next@15.5.18_@babel+core@7.29.7_react-dom@19.2.6_react@19.2.6__react@19.2.6/node_modules/next/dist/client/dev/hot-reloader/app/hot-reloader-app.js:196
[  270967ms] [LOG] [Fast Refresh] done in 46ms @ webpack-internal:///(app-pages-browser)/../../node_modules/.pnpm/next@15.5.18_@babel+core@7.29.7_react-dom@19.2.6_react@19.2.6__react@19.2.6/node_modules/next/dist/client/dev/report-hmr-latency.js:13
[  270973ms] [LOG] [Fast Refresh] rebuilding @ webpack-internal:///(app-pages-browser)/../../node_modules/.pnpm/next@15.5.18_@babel+core@7.29.7_react-dom@19.2.6_react@19.2.6__react@19.2.6/node_modules/next/dist/client/dev/hot-reloader/app/hot-reloader-app.js:196
[  271018ms] [LOG] [Fast Refresh] done in 46ms @ webpack-internal:///(app-pages-browser)/../../node_modules/.pnpm/next@15.5.18_@babel+core@7.29.7_react-dom@19.2.6_react@19.2.6__react@19.2.6/node_modules/next/dist/client/dev/report-hmr-latency.js:13
[  271023ms] [LOG] [Fast Refresh] rebuilding @ webpack-internal:///(app-pages-browser)/../../node_modules/.pnpm/next@15.5.18_@babel+core@7.29.7_react-dom@19.2.6_react@19.2.6__react@19.2.6/node_modules/next/dist/client/dev/hot-reloader/app/hot-reloader-app.js:196
[  271070ms] [LOG] [Fast Refresh] done in 47ms @ webpack-internal:///(app-pages-browser)/../../node_modules/.pnpm/next@15.5.18_@babel+core@7.29.7_react-dom@19.2.6_react@19.2.6__react@19.2.6/node_modules/next/dist/client/dev/report-hmr-latency.js:13
[  271074ms] [LOG] [Fast Refresh] rebuilding @ webpack-internal:///(app-pages-browser)/../../node_modules/.pnpm/next@15.5.18_@babel+core@7.29.7_react-dom@19.2.6_react@19.2.6__react@19.2.6/node_modules/next/dist/client/dev/hot-reloader/app/hot-reloader-app.js:196
[  271118ms] [LOG] [Fast Refresh] done in 44ms @ webpack-internal:///(app-pages-browser)/../../node_modules/.pnpm/next@15.5.18_@babel+core@7.29.7_react-dom@19.2.6_react@19.2.6__react@19.2.6/node_modules/next/dist/client/dev/report-hmr-latency.js:13
[  271124ms] [LOG] [Fast Refresh] rebuilding @ webpack-internal:///(app-pages-browser)/../../node_modules/.pnpm/next@15.5.18_@babel+core@7.29.7_react-dom@19.2.6_react@19.2.6__react@19.2.6/node_modules/next/dist/client/dev/hot-reloader/app/hot-reloader-app.js:196
[  271171ms] [LOG] [Fast Refresh] done in 47ms @ webpack-internal:///(app-pages-browser)/../../node_modules/.pnpm/next@15.5.18_@babel+core@7.29.7_react-dom@19.2.6_react@19.2.6__react@19.2.6/node_modules/next/dist/client/dev/report-hmr-latency.js:13
[  271174ms] [LOG] [Fast Refresh] rebuilding @ webpack-internal:///(app-pages-browser)/../../node_modules/.pnpm/next@15.5.18_@babel+core@7.29.7_react-dom@19.2.6_react@19.2.6__react@19.2.6/node_modules/next/dist/client/dev/hot-reloader/app/hot-reloader-app.js:196
[  271220ms] [LOG] [Fast Refresh] done in 46ms @ webpack-internal:///(app-pages-browser)/../../node_modules/.pnpm/next@15.5.18_@babel+core@7.29.7_react-dom@19.2.6_react@19.2.6__react@19.2.6/node_modules/next/dist/client/dev/report-hmr-latency.js:13
[  271224ms] [LOG] [Fast Refresh] rebuilding @ webpack-internal:///(app-pages-browser)/../../node_modules/.pnpm/next@15.5.18_@babel+core@7.29.7_react-dom@19.2.6_react@19.2.6__react@19.2.6/node_modules/next/dist/client/dev/hot-reloader/app/hot-reloader-app.js:196
[  271266ms] [LOG] [Fast Refresh] done in 42ms @ webpack-internal:///(app-pages-browser)/../../node_modules/.pnpm/next@15.5.18_@babel+core@7.29.7_react-dom@19.2.6_react@19.2.6__react@19.2.6/node_modules/next/dist/client/dev/report-hmr-latency.js:13
[  271274ms] [LOG] [Fast Refresh] rebuilding @ webpack-internal:///(app-pages-browser)/../../node_modules/.pnpm/next@15.5.18_@babel+core@7.29.7_react-dom@19.2.6_react@19.2.6__react@19.2.6/node_modules/next/dist/client/dev/hot-reloader/app/hot-reloader-app.js:196
[  271321ms] [LOG] [Fast Refresh] done in 47ms @ webpack-internal:///(app-pages-browser)/../../node_modules/.pnpm/next@15.5.18_@babel+core@7.29.7_react-dom@19.2.6_react@19.2.6__react@19.2.6/node_modules/next/dist/client/dev/report-hmr-latency.js:13
[  271324ms] [LOG] [Fast Refresh] rebuilding @ webpack-internal:///(app-pages-browser)/../../node_modules/.pnpm/next@15.5.18_@babel+core@7.29.7_react-dom@19.2.6_react@19.2.6__react@19.2.6/node_modules/next/dist/client/dev/hot-reloader/app/hot-reloader-app.js:196
[  271376ms] [LOG] [Fast Refresh] rebuilding @ webpack-internal:///(app-pages-browser)/../../node_modules/.pnpm/next@15.5.18_@babel+core@7.29.7_react-dom@19.2.6_react@19.2.6__react@19.2.6/node_modules/next/dist/client/dev/hot-reloader/app/hot-reloader-app.js:196
[  271377ms] [LOG] [Fast Refresh] done in 2ms @ webpack-internal:///(app-pages-browser)/../../node_modules/.pnpm/next@15.5.18_@babel+core@7.29.7_react-dom@19.2.6_react@19.2.6__react@19.2.6/node_modules/next/dist/client/dev/report-hmr-latency.js:13
[  271448ms] [LOG] [Fast Refresh] rebuilding @ webpack-internal:///(app-pages-browser)/../../node_modules/.pnpm/next@15.5.18_@babel+core@7.29.7_react-dom@19.2.6_react@19.2.6__react@19.2.6/node_modules/next/dist/client/dev/hot-reloader/app/hot-reloader-app.js:196
[  271451ms] [LOG] [Fast Refresh] done in 3ms @ webpack-internal:///(app-pages-browser)/../../node_modules/.pnpm/next@15.5.18_@babel+core@7.29.7_react-dom@19.2.6_react@19.2.6__react@19.2.6/node_modules/next/dist/client/dev/report-hmr-latency.js:13
[  271492ms] [LOG] [Fast Refresh] rebuilding @ webpack-internal:///(app-pages-browser)/../../node_modules/.pnpm/next@15.5.18_@babel+core@7.29.7_react-dom@19.2.6_react@19.2.6__react@19.2.6/node_modules/next/dist/client/dev/hot-reloader/app/hot-reloader-app.js:196
[  271494ms] [LOG] [Fast Refresh] done in 3ms @ webpack-internal:///(app-pages-browser)/../../node_modules/.pnpm/next@15.5.18_@babel+core@7.29.7_react-dom@19.2.6_react@19.2.6__react@19.2.6/node_modules/next/dist/client/dev/report-hmr-latency.js:13
[  271534ms] [LOG] [Fast Refresh] rebuilding @ webpack-internal:///(app-pages-browser)/../../node_modules/.pnpm/next@15.5.18_@babel+core@7.29.7_react-dom@19.2.6_react@19.2.6__react@19.2.6/node_modules/next/dist/client/dev/hot-reloader/app/hot-reloader-app.js:196
[  271545ms] [LOG] [Fast Refresh] done in 11ms @ webpack-internal:///(app-pages-browser)/../../node_modules/.pnpm/next@15.5.18_@babel+core@7.29.7_react-dom@19.2.6_react@19.2.6__react@19.2.6/node_modules/next/dist/client/dev/report-hmr-latency.js:13
[  271577ms] [LOG] [Fast Refresh] rebuilding @ webpack-internal:///(app-pages-browser)/../../node_modules/.pnpm/next@15.5.18_@babel+core@7.29.7_react-dom@19.2.6_react@19.2.6__react@19.2.6/node_modules/next/dist/client/dev/hot-reloader/app/hot-reloader-app.js:196
[  271578ms] [LOG] [Fast Refresh] done in 1ms @ webpack-internal:///(app-pages-browser)/../../node_modules/.pnpm/next@15.5.18_@babel+core@7.29.7_react-dom@19.2.6_react@19.2.6__react@19.2.6/node_modules/next/dist/client/dev/report-hmr-latency.js:13
[  271624ms] [LOG] [Fast Refresh] done in 47ms @ webpack-internal:///(app-pages-browser)/../../node_modules/.pnpm/next@15.5.18_@babel+core@7.29.7_react-dom@19.2.6_react@19.2.6__react@19.2.6/node_modules/next/dist/client/dev/report-hmr-latency.js:13
[  271627ms] [LOG] [Fast Refresh] rebuilding @ webpack-internal:///(app-pages-browser)/../../node_modules/.pnpm/next@15.5.18_@babel+core@7.29.7_react-dom@19.2.6_react@19.2.6__react@19.2.6/node_modules/next/dist/client/dev/hot-reloader/app/hot-reloader-app.js:196
[  271672ms] [LOG] [Fast Refresh] done in 46ms @ webpack-internal:///(app-pages-browser)/../../node_modules/.pnpm/next@15.5.18_@babel+core@7.29.7_react-dom@19.2.6_react@19.2.6__react@19.2.6/node_modules/next/dist/client/dev/report-hmr-latency.js:13
[  271677ms] [LOG] [Fast Refresh] rebuilding @ webpack-internal:///(app-pages-browser)/../../node_modules/.pnpm/next@15.5.18_@babel+core@7.29.7_react-dom@19.2.6_react@19.2.6__react@19.2.6/node_modules/next/dist/client/dev/hot-reloader/app/hot-reloader-app.js:196
[  271727ms] [LOG] [Fast Refresh] rebuilding @ webpack-internal:///(app-pages-browser)/../../node_modules/.pnpm/next@15.5.18_@babel+core@7.29.7_react-dom@19.2.6_react@19.2.6__react@19.2.6/node_modules/next/dist/client/dev/hot-reloader/app/hot-reloader-app.js:196
[  271729ms] [LOG] [Fast Refresh] done in 1ms @ webpack-internal:///(app-pages-browser)/../../node_modules/.pnpm/next@15.5.18_@babel+core@7.29.7_react-dom@19.2.6_react@19.2.6__react@19.2.6/node_modules/next/dist/client/dev/report-hmr-latency.js:13
[  271774ms] [LOG] [Fast Refresh] done in 47ms @ webpack-internal:///(app-pages-browser)/../../node_modules/.pnpm/next@15.5.18_@babel+core@7.29.7_react-dom@19.2.6_react@19.2.6__react@19.2.6/node_modules/next/dist/client/dev/report-hmr-latency.js:13
[  271778ms] [LOG] [Fast Refresh] rebuilding @ webpack-internal:///(app-pages-browser)/../../node_modules/.pnpm/next@15.5.18_@babel+core@7.29.7_react-dom@19.2.6_react@19.2.6__react@19.2.6/node_modules/next/dist/client/dev/hot-reloader/app/hot-reloader-app.js:196
[  271822ms] [LOG] [Fast Refresh] done in 44ms @ webpack-internal:///(app-pages-browser)/../../node_modules/.pnpm/next@15.5.18_@babel+core@7.29.7_react-dom@19.2.6_react@19.2.6__react@19.2.6/node_modules/next/dist/client/dev/report-hmr-latency.js:13
[  271828ms] [LOG] [Fast Refresh] rebuilding @ webpack-internal:///(app-pages-browser)/../../node_modules/.pnpm/next@15.5.18_@babel+core@7.29.7_react-dom@19.2.6_react@19.2.6__react@19.2.6/node_modules/next/dist/client/dev/hot-reloader/app/hot-reloader-app.js:196
[  271874ms] [LOG] [Fast Refresh] done in 46ms @ webpack-internal:///(app-pages-browser)/../../node_modules/.pnpm/next@15.5.18_@babel+core@7.29.7_react-dom@19.2.6_react@19.2.6__react@19.2.6/node_modules/next/dist/client/dev/report-hmr-latency.js:13
[  271878ms] [LOG] [Fast Refresh] rebuilding @ webpack-internal:///(app-pages-browser)/../../node_modules/.pnpm/next@15.5.18_@babel+core@7.29.7_react-dom@19.2.6_react@19.2.6__react@19.2.6/node_modules/next/dist/client/dev/hot-reloader/app/hot-reloader-app.js:196
[  271925ms] [LOG] [Fast Refresh] done in 47ms @ webpack-internal:///(app-pages-browser)/../../node_modules/.pnpm/next@15.5.18_@babel+core@7.29.7_react-dom@19.2.6_react@19.2.6__react@19.2.6/node_modules/next/dist/client/dev/report-hmr-latency.js:13
[  271929ms] [LOG] [Fast Refresh] rebuilding @ webpack-internal:///(app-pages-browser)/../../node_modules/.pnpm/next@15.5.18_@babel+core@7.29.7_react-dom@19.2.6_react@19.2.6__react@19.2.6/node_modules/next/dist/client/dev/hot-reloader/app/hot-reloader-app.js:196
[  271975ms] [LOG] [Fast Refresh] done in 46ms @ webpack-internal:///(app-pages-browser)/../../node_modules/.pnpm/next@15.5.18_@babel+core@7.29.7_react-dom@19.2.6_react@19.2.6__react@19.2.6/node_modules/next/dist/client/dev/report-hmr-latency.js:13
[  271979ms] [LOG] [Fast Refresh] rebuilding @ webpack-internal:///(app-pages-browser)/../../node_modules/.pnpm/next@15.5.18_@babel+core@7.29.7_react-dom@19.2.6_react@19.2.6__react@19.2.6/node_modules/next/dist/client/dev/hot-reloader/app/hot-reloader-app.js:196
[  272020ms] [LOG] [Fast Refresh] done in 42ms @ webpack-internal:///(app-pages-browser)/../../node_modules/.pnpm/next@15.5.18_@babel+core@7.29.7_react-dom@19.2.6_react@19.2.6__react@19.2.6/node_modules/next/dist/client/dev/report-hmr-latency.js:13
[  272029ms] [LOG] [Fast Refresh] rebuilding @ webpack-internal:///(app-pages-browser)/../../node_modules/.pnpm/next@15.5.18_@babel+core@7.29.7_react-dom@19.2.6_react@19.2.6__react@19.2.6/node_modules/next/dist/client/dev/hot-reloader/app/hot-reloader-app.js:196
[  272075ms] [LOG] [Fast Refresh] done in 45ms @ webpack-internal:///(app-pages-browser)/../../node_modules/.pnpm/next@15.5.18_@babel+core@7.29.7_react-dom@19.2.6_react@19.2.6__react@19.2.6/node_modules/next/dist/client/dev/report-hmr-latency.js:13
[  272080ms] [LOG] [Fast Refresh] rebuilding @ webpack-internal:///(app-pages-browser)/../../node_modules/.pnpm/next@15.5.18_@babel+core@7.29.7_react-dom@19.2.6_react@19.2.6__react@19.2.6/node_modules/next/dist/client/dev/hot-reloader/app/hot-reloader-app.js:196
[  272123ms] [LOG] [Fast Refresh] done in 43ms @ webpack-internal:///(app-pages-browser)/../../node_modules/.pnpm/next@15.5.18_@babel+core@7.29.7_react-dom@19.2.6_react@19.2.6__react@19.2.6/node_modules/next/dist/client/dev/report-hmr-latency.js:13
[  272131ms] [LOG] [Fast Refresh] rebuilding @ webpack-internal:///(app-pages-browser)/../../node_modules/.pnpm/next@15.5.18_@babel+core@7.29.7_react-dom@19.2.6_react@19.2.6__react@19.2.6/node_modules/next/dist/client/dev/hot-reloader/app/hot-reloader-app.js:196
[  272175ms] [LOG] [Fast Refresh] done in 45ms @ webpack-internal:///(app-pages-browser)/../../node_modules/.pnpm/next@15.5.18_@babel+core@7.29.7_react-dom@19.2.6_react@19.2.6__react@19.2.6/node_modules/next/dist/client/dev/report-hmr-latency.js:13
[  272181ms] [LOG] [Fast Refresh] rebuilding @ webpack-internal:///(app-pages-browser)/../../node_modules/.pnpm/next@15.5.18_@babel+core@7.29.7_react-dom@19.2.6_react@19.2.6__react@19.2.6/node_modules/next/dist/client/dev/hot-reloader/app/hot-reloader-app.js:196
[  272224ms] [LOG] [Fast Refresh] done in 43ms @ webpack-internal:///(app-pages-browser)/../../node_modules/.pnpm/next@15.5.18_@babel+core@7.29.7_react-dom@19.2.6_react@19.2.6__react@19.2.6/node_modules/next/dist/client/dev/report-hmr-latency.js:13
[  272231ms] [LOG] [Fast Refresh] rebuilding @ webpack-internal:///(app-pages-browser)/../../node_modules/.pnpm/next@15.5.18_@babel+core@7.29.7_react-dom@19.2.6_react@19.2.6__react@19.2.6/node_modules/next/dist/client/dev/hot-reloader/app/hot-reloader-app.js:196
[  272276ms] [LOG] [Fast Refresh] done in 44ms @ webpack-internal:///(app-pages-browser)/../../node_modules/.pnpm/next@15.5.18_@babel+core@7.29.7_react-dom@19.2.6_react@19.2.6__react@19.2.6/node_modules/next/dist/client/dev/report-hmr-latency.js:13
[  272282ms] [LOG] [Fast Refresh] rebuilding @ webpack-internal:///(app-pages-browser)/../../node_modules/.pnpm/next@15.5.18_@babel+core@7.29.7_react-dom@19.2.6_react@19.2.6__react@19.2.6/node_modules/next/dist/client/dev/hot-reloader/app/hot-reloader-app.js:196
[  272327ms] [LOG] [Fast Refresh] done in 45ms @ webpack-internal:///(app-pages-browser)/../../node_modules/.pnpm/next@15.5.18_@babel+core@7.29.7_react-dom@19.2.6_react@19.2.6__react@19.2.6/node_modules/next/dist/client/dev/report-hmr-latency.js:13
[  272332ms] [LOG] [Fast Refresh] rebuilding @ webpack-internal:///(app-pages-browser)/../../node_modules/.pnpm/next@15.5.18_@babel+core@7.29.7_react-dom@19.2.6_react@19.2.6__react@19.2.6/node_modules/next/dist/client/dev/hot-reloader/app/hot-reloader-app.js:196
[  272378ms] [LOG] [Fast Refresh] done in 45ms @ webpack-internal:///(app-pages-browser)/../../node_modules/.pnpm/next@15.5.18_@babel+core@7.29.7_react-dom@19.2.6_react@19.2.6__react@19.2.6/node_modules/next/dist/client/dev/report-hmr-latency.js:13
[  272382ms] [LOG] [Fast Refresh] rebuilding @ webpack-internal:///(app-pages-browser)/../../node_modules/.pnpm/next@15.5.18_@babel+core@7.29.7_react-dom@19.2.6_react@19.2.6__react@19.2.6/node_modules/next/dist/client/dev/hot-reloader/app/hot-reloader-app.js:196
[  272429ms] [LOG] [Fast Refresh] done in 48ms @ webpack-internal:///(app-pages-browser)/../../node_modules/.pnpm/next@15.5.18_@babel+core@7.29.7_react-dom@19.2.6_react@19.2.6__react@19.2.6/node_modules/next/dist/client/dev/report-hmr-latency.js:13
[  272432ms] [LOG] [Fast Refresh] rebuilding @ webpack-internal:///(app-pages-browser)/../../node_modules/.pnpm/next@15.5.18_@babel+core@7.29.7_react-dom@19.2.6_react@19.2.6__react@19.2.6/node_modules/next/dist/client/dev/hot-reloader/app/hot-reloader-app.js:196
[  272475ms] [LOG] [Fast Refresh] done in 43ms @ webpack-internal:///(app-pages-browser)/../../node_modules/.pnpm/next@15.5.18_@babel+core@7.29.7_react-dom@19.2.6_react@19.2.6__react@19.2.6/node_modules/next/dist/client/dev/report-hmr-latency.js:13
[  272483ms] [LOG] [Fast Refresh] rebuilding @ webpack-internal:///(app-pages-browser)/../../node_modules/.pnpm/next@15.5.18_@babel+core@7.29.7_react-dom@19.2.6_react@19.2.6__react@19.2.6/node_modules/next/dist/client/dev/hot-reloader/app/hot-reloader-app.js:196
[  272530ms] [LOG] [Fast Refresh] done in 48ms @ webpack-internal:///(app-pages-browser)/../../node_modules/.pnpm/next@15.5.18_@babel+core@7.29.7_react-dom@19.2.6_react@19.2.6__react@19.2.6/node_modules/next/dist/client/dev/report-hmr-latency.js:13
[  272533ms] [LOG] [Fast Refresh] rebuilding @ webpack-internal:///(app-pages-browser)/../../node_modules/.pnpm/next@15.5.18_@babel+core@7.29.7_react-dom@19.2.6_react@19.2.6__react@19.2.6/node_modules/next/dist/client/dev/hot-reloader/app/hot-reloader-app.js:196
[  272594ms] [LOG] [Fast Refresh] rebuilding @ webpack-internal:///(app-pages-browser)/../../node_modules/.pnpm/next@15.5.18_@babel+core@7.29.7_react-dom@19.2.6_react@19.2.6__react@19.2.6/node_modules/next/dist/client/dev/hot-reloader/app/hot-reloader-app.js:196
[  272597ms] [LOG] [Fast Refresh] done in 2ms @ webpack-internal:///(app-pages-browser)/../../node_modules/.pnpm/next@15.5.18_@babel+core@7.29.7_react-dom@19.2.6_react@19.2.6__react@19.2.6/node_modules/next/dist/client/dev/report-hmr-latency.js:13
[  272637ms] [LOG] [Fast Refresh] rebuilding @ webpack-internal:///(app-pages-browser)/../../node_modules/.pnpm/next@15.5.18_@babel+core@7.29.7_react-dom@19.2.6_react@19.2.6__react@19.2.6/node_modules/next/dist/client/dev/hot-reloader/app/hot-reloader-app.js:196
[  272639ms] [LOG] [Fast Refresh] done in 2ms @ webpack-internal:///(app-pages-browser)/../../node_modules/.pnpm/next@15.5.18_@babel+core@7.29.7_react-dom@19.2.6_react@19.2.6__react@19.2.6/node_modules/next/dist/client/dev/report-hmr-latency.js:13
[  272682ms] [LOG] [Fast Refresh] done in 46ms @ webpack-internal:///(app-pages-browser)/../../node_modules/.pnpm/next@15.5.18_@babel+core@7.29.7_react-dom@19.2.6_react@19.2.6__react@19.2.6/node_modules/next/dist/client/dev/report-hmr-latency.js:13
[  272683ms] [LOG] [Fast Refresh] rebuilding @ webpack-internal:///(app-pages-browser)/../../node_modules/.pnpm/next@15.5.18_@babel+core@7.29.7_react-dom@19.2.6_react@19.2.6__react@19.2.6/node_modules/next/dist/client/dev/hot-reloader/app/hot-reloader-app.js:196
[  272729ms] [LOG] [Fast Refresh] done in 46ms @ webpack-internal:///(app-pages-browser)/../../node_modules/.pnpm/next@15.5.18_@babel+core@7.29.7_react-dom@19.2.6_react@19.2.6__react@19.2.6/node_modules/next/dist/client/dev/report-hmr-latency.js:13
[  272733ms] [LOG] [Fast Refresh] rebuilding @ webpack-internal:///(app-pages-browser)/../../node_modules/.pnpm/next@15.5.18_@babel+core@7.29.7_react-dom@19.2.6_react@19.2.6__react@19.2.6/node_modules/next/dist/client/dev/hot-reloader/app/hot-reloader-app.js:196
[  272778ms] [LOG] [Fast Refresh] done in 44ms @ webpack-internal:///(app-pages-browser)/../../node_modules/.pnpm/next@15.5.18_@babel+core@7.29.7_react-dom@19.2.6_react@19.2.6__react@19.2.6/node_modules/next/dist/client/dev/report-hmr-latency.js:13
[  272784ms] [LOG] [Fast Refresh] rebuilding @ webpack-internal:///(app-pages-browser)/../../node_modules/.pnpm/next@15.5.18_@babel+core@7.29.7_react-dom@19.2.6_react@19.2.6__react@19.2.6/node_modules/next/dist/client/dev/hot-reloader/app/hot-reloader-app.js:196
[  272829ms] [LOG] [Fast Refresh] done in 45ms @ webpack-internal:///(app-pages-browser)/../../node_modules/.pnpm/next@15.5.18_@babel+core@7.29.7_react-dom@19.2.6_react@19.2.6__react@19.2.6/node_modules/next/dist/client/dev/report-hmr-latency.js:13
[  272834ms] [LOG] [Fast Refresh] rebuilding @ webpack-internal:///(app-pages-browser)/../../node_modules/.pnpm/next@15.5.18_@babel+core@7.29.7_react-dom@19.2.6_react@19.2.6__react@19.2.6/node_modules/next/dist/client/dev/hot-reloader/app/hot-reloader-app.js:196
[  272880ms] [LOG] [Fast Refresh] done in 47ms @ webpack-internal:///(app-pages-browser)/../../node_modules/.pnpm/next@15.5.18_@babel+core@7.29.7_react-dom@19.2.6_react@19.2.6__react@19.2.6/node_modules/next/dist/client/dev/report-hmr-latency.js:13
[  272885ms] [LOG] [Fast Refresh] rebuilding @ webpack-internal:///(app-pages-browser)/../../node_modules/.pnpm/next@15.5.18_@babel+core@7.29.7_react-dom@19.2.6_react@19.2.6__react@19.2.6/node_modules/next/dist/client/dev/hot-reloader/app/hot-reloader-app.js:196
[  272930ms] [LOG] [Fast Refresh] done in 45ms @ webpack-internal:///(app-pages-browser)/../../node_modules/.pnpm/next@15.5.18_@babel+core@7.29.7_react-dom@19.2.6_react@19.2.6__react@19.2.6/node_modules/next/dist/client/dev/report-hmr-latency.js:13
[  272935ms] [LOG] [Fast Refresh] rebuilding @ webpack-internal:///(app-pages-browser)/../../node_modules/.pnpm/next@15.5.18_@babel+core@7.29.7_react-dom@19.2.6_react@19.2.6__react@19.2.6/node_modules/next/dist/client/dev/hot-reloader/app/hot-reloader-app.js:196
[  272979ms] [LOG] [Fast Refresh] done in 44ms @ webpack-internal:///(app-pages-browser)/../../node_modules/.pnpm/next@15.5.18_@babel+core@7.29.7_react-dom@19.2.6_react@19.2.6__react@19.2.6/node_modules/next/dist/client/dev/report-hmr-latency.js:13
[  272984ms] [LOG] [Fast Refresh] rebuilding @ webpack-internal:///(app-pages-browser)/../../node_modules/.pnpm/next@15.5.18_@babel+core@7.29.7_react-dom@19.2.6_react@19.2.6__react@19.2.6/node_modules/next/dist/client/dev/hot-reloader/app/hot-reloader-app.js:196
[  273030ms] [LOG] [Fast Refresh] done in 46ms @ webpack-internal:///(app-pages-browser)/../../node_modules/.pnpm/next@15.5.18_@babel+core@7.29.7_react-dom@19.2.6_react@19.2.6__react@19.2.6/node_modules/next/dist/client/dev/report-hmr-latency.js:13
[  273035ms] [LOG] [Fast Refresh] rebuilding @ webpack-internal:///(app-pages-browser)/../../node_modules/.pnpm/next@15.5.18_@babel+core@7.29.7_react-dom@19.2.6_react@19.2.6__react@19.2.6/node_modules/next/dist/client/dev/hot-reloader/app/hot-reloader-app.js:196
[  273081ms] [LOG] [Fast Refresh] done in 47ms @ webpack-internal:///(app-pages-browser)/../../node_modules/.pnpm/next@15.5.18_@babel+core@7.29.7_react-dom@19.2.6_react@19.2.6__react@19.2.6/node_modules/next/dist/client/dev/report-hmr-latency.js:13
[  273085ms] [LOG] [Fast Refresh] rebuilding @ webpack-internal:///(app-pages-browser)/../../node_modules/.pnpm/next@15.5.18_@babel+core@7.29.7_react-dom@19.2.6_react@19.2.6__react@19.2.6/node_modules/next/dist/client/dev/hot-reloader/app/hot-reloader-app.js:196
[  273129ms] [LOG] [Fast Refresh] done in 44ms @ webpack-internal:///(app-pages-browser)/../../node_modules/.pnpm/next@15.5.18_@babel+core@7.29.7_react-dom@19.2.6_react@19.2.6__react@19.2.6/node_modules/next/dist/client/dev/report-hmr-latency.js:13
[  273135ms] [LOG] [Fast Refresh] rebuilding @ webpack-internal:///(app-pages-browser)/../../node_modules/.pnpm/next@15.5.18_@babel+core@7.29.7_react-dom@19.2.6_react@19.2.6__react@19.2.6/node_modules/next/dist/client/dev/hot-reloader/app/hot-reloader-app.js:196
[  273181ms] [LOG] [Fast Refresh] done in 46ms @ webpack-internal:///(app-pages-browser)/../../node_modules/.pnpm/next@15.5.18_@babel+core@7.29.7_react-dom@19.2.6_react@19.2.6__react@19.2.6/node_modules/next/dist/client/dev/report-hmr-latency.js:13
[  273186ms] [LOG] [Fast Refresh] rebuilding @ webpack-internal:///(app-pages-browser)/../../node_modules/.pnpm/next@15.5.18_@babel+core@7.29.7_react-dom@19.2.6_react@19.2.6__react@19.2.6/node_modules/next/dist/client/dev/hot-reloader/app/hot-reloader-app.js:196
[  273231ms] [LOG] [Fast Refresh] done in 45ms @ webpack-internal:///(app-pages-browser)/../../node_modules/.pnpm/next@15.5.18_@babel+core@7.29.7_react-dom@19.2.6_react@19.2.6__react@19.2.6/node_modules/next/dist/client/dev/report-hmr-latency.js:13
[  273236ms] [LOG] [Fast Refresh] rebuilding @ webpack-internal:///(app-pages-browser)/../../node_modules/.pnpm/next@15.5.18_@babel+core@7.29.7_react-dom@19.2.6_react@19.2.6__react@19.2.6/node_modules/next/dist/client/dev/hot-reloader/app/hot-reloader-app.js:196
[  273282ms] [LOG] [Fast Refresh] done in 46ms @ webpack-internal:///(app-pages-browser)/../../node_modules/.pnpm/next@15.5.18_@babel+core@7.29.7_react-dom@19.2.6_react@19.2.6__react@19.2.6/node_modules/next/dist/client/dev/report-hmr-latency.js:13
[  273286ms] [LOG] [Fast Refresh] rebuilding @ webpack-internal:///(app-pages-browser)/../../node_modules/.pnpm/next@15.5.18_@babel+core@7.29.7_react-dom@19.2.6_react@19.2.6__react@19.2.6/node_modules/next/dist/client/dev/hot-reloader/app/hot-reloader-app.js:196
[  273332ms] [LOG] [Fast Refresh] done in 46ms @ webpack-internal:///(app-pages-browser)/../../node_modules/.pnpm/next@15.5.18_@babel+core@7.29.7_react-dom@19.2.6_react@19.2.6__react@19.2.6/node_modules/next/dist/client/dev/report-hmr-latency.js:13
[  273336ms] [LOG] [Fast Refresh] rebuilding @ webpack-internal:///(app-pages-browser)/../../node_modules/.pnpm/next@15.5.18_@babel+core@7.29.7_react-dom@19.2.6_react@19.2.6__react@19.2.6/node_modules/next/dist/client/dev/hot-reloader/app/hot-reloader-app.js:196
[  273379ms] [LOG] [Fast Refresh] done in 42ms @ webpack-internal:///(app-pages-browser)/../../node_modules/.pnpm/next@15.5.18_@babel+core@7.29.7_react-dom@19.2.6_react@19.2.6__react@19.2.6/node_modules/next/dist/client/dev/report-hmr-latency.js:13
[  273386ms] [LOG] [Fast Refresh] rebuilding @ webpack-internal:///(app-pages-browser)/../../node_modules/.pnpm/next@15.5.18_@babel+core@7.29.7_react-dom@19.2.6_react@19.2.6__react@19.2.6/node_modules/next/dist/client/dev/hot-reloader/app/hot-reloader-app.js:196
[  273430ms] [LOG] [Fast Refresh] done in 43ms @ webpack-internal:///(app-pages-browser)/../../node_modules/.pnpm/next@15.5.18_@babel+core@7.29.7_react-dom@19.2.6_react@19.2.6__react@19.2.6/node_modules/next/dist/client/dev/report-hmr-latency.js:13
[  273436ms] [LOG] [Fast Refresh] rebuilding @ webpack-internal:///(app-pages-browser)/../../node_modules/.pnpm/next@15.5.18_@babel+core@7.29.7_react-dom@19.2.6_react@19.2.6__react@19.2.6/node_modules/next/dist/client/dev/hot-reloader/app/hot-reloader-app.js:196
[  273483ms] [LOG] [Fast Refresh] done in 47ms @ webpack-internal:///(app-pages-browser)/../../node_modules/.pnpm/next@15.5.18_@babel+core@7.29.7_react-dom@19.2.6_react@19.2.6__react@19.2.6/node_modules/next/dist/client/dev/report-hmr-latency.js:13
[  273486ms] [LOG] [Fast Refresh] rebuilding @ webpack-internal:///(app-pages-browser)/../../node_modules/.pnpm/next@15.5.18_@babel+core@7.29.7_react-dom@19.2.6_react@19.2.6__react@19.2.6/node_modules/next/dist/client/dev/hot-reloader/app/hot-reloader-app.js:196
[  273532ms] [LOG] [Fast Refresh] done in 46ms @ webpack-internal:///(app-pages-browser)/../../node_modules/.pnpm/next@15.5.18_@babel+core@7.29.7_react-dom@19.2.6_react@19.2.6__react@19.2.6/node_modules/next/dist/client/dev/report-hmr-latency.js:13
[  273536ms] [LOG] [Fast Refresh] rebuilding @ webpack-internal:///(app-pages-browser)/../../node_modules/.pnpm/next@15.5.18_@babel+core@7.29.7_react-dom@19.2.6_react@19.2.6__react@19.2.6/node_modules/next/dist/client/dev/hot-reloader/app/hot-reloader-app.js:196
[  273581ms] [LOG] [Fast Refresh] done in 44ms @ webpack-internal:///(app-pages-browser)/../../node_modules/.pnpm/next@15.5.18_@babel+core@7.29.7_react-dom@19.2.6_react@19.2.6__react@19.2.6/node_modules/next/dist/client/dev/report-hmr-latency.js:13
[  273586ms] [LOG] [Fast Refresh] rebuilding @ webpack-internal:///(app-pages-browser)/../../node_modules/.pnpm/next@15.5.18_@babel+core@7.29.7_react-dom@19.2.6_react@19.2.6__react@19.2.6/node_modules/next/dist/client/dev/hot-reloader/app/hot-reloader-app.js:196
[  273630ms] [LOG] [Fast Refresh] done in 44ms @ webpack-internal:///(app-pages-browser)/../../node_modules/.pnpm/next@15.5.18_@babel+core@7.29.7_react-dom@19.2.6_react@19.2.6__react@19.2.6/node_modules/next/dist/client/dev/report-hmr-latency.js:13
[  273637ms] [LOG] [Fast Refresh] rebuilding @ webpack-internal:///(app-pages-browser)/../../node_modules/.pnpm/next@15.5.18_@babel+core@7.29.7_react-dom@19.2.6_react@19.2.6__react@19.2.6/node_modules/next/dist/client/dev/hot-reloader/app/hot-reloader-app.js:196
[  273685ms] [LOG] [Fast Refresh] done in 48ms @ webpack-internal:///(app-pages-browser)/../../node_modules/.pnpm/next@15.5.18_@babel+core@7.29.7_react-dom@19.2.6_react@19.2.6__react@19.2.6/node_modules/next/dist/client/dev/report-hmr-latency.js:13
[  273686ms] [LOG] [Fast Refresh] rebuilding @ webpack-internal:///(app-pages-browser)/../../node_modules/.pnpm/next@15.5.18_@babel+core@7.29.7_react-dom@19.2.6_react@19.2.6__react@19.2.6/node_modules/next/dist/client/dev/hot-reloader/app/hot-reloader-app.js:196
[  273752ms] [LOG] [Fast Refresh] rebuilding @ webpack-internal:///(app-pages-browser)/../../node_modules/.pnpm/next@15.5.18_@babel+core@7.29.7_react-dom@19.2.6_react@19.2.6__react@19.2.6/node_modules/next/dist/client/dev/hot-reloader/app/hot-reloader-app.js:196
[  273755ms] [LOG] [Fast Refresh] done in 2ms @ webpack-internal:///(app-pages-browser)/../../node_modules/.pnpm/next@15.5.18_@babel+core@7.29.7_react-dom@19.2.6_react@19.2.6__react@19.2.6/node_modules/next/dist/client/dev/report-hmr-latency.js:13
[  273796ms] [LOG] [Fast Refresh] rebuilding @ webpack-internal:///(app-pages-browser)/../../node_modules/.pnpm/next@15.5.18_@babel+core@7.29.7_react-dom@19.2.6_react@19.2.6__react@19.2.6/node_modules/next/dist/client/dev/hot-reloader/app/hot-reloader-app.js:196
[  273798ms] [LOG] [Fast Refresh] done in 2ms @ webpack-internal:///(app-pages-browser)/../../node_modules/.pnpm/next@15.5.18_@babel+core@7.29.7_react-dom@19.2.6_react@19.2.6__react@19.2.6/node_modules/next/dist/client/dev/report-hmr-latency.js:13
[  273839ms] [LOG] [Fast Refresh] rebuilding @ webpack-internal:///(app-pages-browser)/../../node_modules/.pnpm/next@15.5.18_@babel+core@7.29.7_react-dom@19.2.6_react@19.2.6__react@19.2.6/node_modules/next/dist/client/dev/hot-reloader/app/hot-reloader-app.js:196
[  273841ms] [LOG] [Fast Refresh] done in 2ms @ webpack-internal:///(app-pages-browser)/../../node_modules/.pnpm/next@15.5.18_@babel+core@7.29.7_react-dom@19.2.6_react@19.2.6__react@19.2.6/node_modules/next/dist/client/dev/report-hmr-latency.js:13
[  273884ms] [LOG] [Fast Refresh] done in 44ms @ webpack-internal:///(app-pages-browser)/../../node_modules/.pnpm/next@15.5.18_@babel+core@7.29.7_react-dom@19.2.6_react@19.2.6__react@19.2.6/node_modules/next/dist/client/dev/report-hmr-latency.js:13
[  273889ms] [LOG] [Fast Refresh] rebuilding @ webpack-internal:///(app-pages-browser)/../../node_modules/.pnpm/next@15.5.18_@babel+core@7.29.7_react-dom@19.2.6_react@19.2.6__react@19.2.6/node_modules/next/dist/client/dev/hot-reloader/app/hot-reloader-app.js:196
[  273932ms] [LOG] [Fast Refresh] done in 42ms @ webpack-internal:///(app-pages-browser)/../../node_modules/.pnpm/next@15.5.18_@babel+core@7.29.7_react-dom@19.2.6_react@19.2.6__react@19.2.6/node_modules/next/dist/client/dev/report-hmr-latency.js:13
[  273939ms] [LOG] [Fast Refresh] rebuilding @ webpack-internal:///(app-pages-browser)/../../node_modules/.pnpm/next@15.5.18_@babel+core@7.29.7_react-dom@19.2.6_react@19.2.6__react@19.2.6/node_modules/next/dist/client/dev/hot-reloader/app/hot-reloader-app.js:196
[  273986ms] [LOG] [Fast Refresh] done in 47ms @ webpack-internal:///(app-pages-browser)/../../node_modules/.pnpm/next@15.5.18_@babel+core@7.29.7_react-dom@19.2.6_react@19.2.6__react@19.2.6/node_modules/next/dist/client/dev/report-hmr-latency.js:13
[  273990ms] [LOG] [Fast Refresh] rebuilding @ webpack-internal:///(app-pages-browser)/../../node_modules/.pnpm/next@15.5.18_@babel+core@7.29.7_react-dom@19.2.6_react@19.2.6__react@19.2.6/node_modules/next/dist/client/dev/hot-reloader/app/hot-reloader-app.js:196
[  274039ms] [LOG] [Fast Refresh] done in 50ms @ webpack-internal:///(app-pages-browser)/../../node_modules/.pnpm/next@15.5.18_@babel+core@7.29.7_react-dom@19.2.6_react@19.2.6__react@19.2.6/node_modules/next/dist/client/dev/report-hmr-latency.js:13
[  274039ms] [LOG] [Fast Refresh] rebuilding @ webpack-internal:///(app-pages-browser)/../../node_modules/.pnpm/next@15.5.18_@babel+core@7.29.7_react-dom@19.2.6_react@19.2.6__react@19.2.6/node_modules/next/dist/client/dev/hot-reloader/app/hot-reloader-app.js:196
[  274086ms] [LOG] [Fast Refresh] done in 47ms @ webpack-internal:///(app-pages-browser)/../../node_modules/.pnpm/next@15.5.18_@babel+core@7.29.7_react-dom@19.2.6_react@19.2.6__react@19.2.6/node_modules/next/dist/client/dev/report-hmr-latency.js:13
[  274090ms] [LOG] [Fast Refresh] rebuilding @ webpack-internal:///(app-pages-browser)/../../node_modules/.pnpm/next@15.5.18_@babel+core@7.29.7_react-dom@19.2.6_react@19.2.6__react@19.2.6/node_modules/next/dist/client/dev/hot-reloader/app/hot-reloader-app.js:196
[  274135ms] [LOG] [Fast Refresh] done in 44ms @ webpack-internal:///(app-pages-browser)/../../node_modules/.pnpm/next@15.5.18_@babel+core@7.29.7_react-dom@19.2.6_react@19.2.6__react@19.2.6/node_modules/next/dist/client/dev/report-hmr-latency.js:13
[  274140ms] [LOG] [Fast Refresh] rebuilding @ webpack-internal:///(app-pages-browser)/../../node_modules/.pnpm/next@15.5.18_@babel+core@7.29.7_react-dom@19.2.6_react@19.2.6__react@19.2.6/node_modules/next/dist/client/dev/hot-reloader/app/hot-reloader-app.js:196
[  274189ms] [LOG] [Fast Refresh] done in 50ms @ webpack-internal:///(app-pages-browser)/../../node_modules/.pnpm/next@15.5.18_@babel+core@7.29.7_react-dom@19.2.6_react@19.2.6__react@19.2.6/node_modules/next/dist/client/dev/report-hmr-latency.js:13
[  274190ms] [LOG] [Fast Refresh] rebuilding @ webpack-internal:///(app-pages-browser)/../../node_modules/.pnpm/next@15.5.18_@babel+core@7.29.7_react-dom@19.2.6_react@19.2.6__react@19.2.6/node_modules/next/dist/client/dev/hot-reloader/app/hot-reloader-app.js:196
[  274238ms] [LOG] [Fast Refresh] done in 48ms @ webpack-internal:///(app-pages-browser)/../../node_modules/.pnpm/next@15.5.18_@babel+core@7.29.7_react-dom@19.2.6_react@19.2.6__react@19.2.6/node_modules/next/dist/client/dev/report-hmr-latency.js:13
[  274240ms] [LOG] [Fast Refresh] rebuilding @ webpack-internal:///(app-pages-browser)/../../node_modules/.pnpm/next@15.5.18_@babel+core@7.29.7_react-dom@19.2.6_react@19.2.6__react@19.2.6/node_modules/next/dist/client/dev/hot-reloader/app/hot-reloader-app.js:196
[  274289ms] [LOG] [Fast Refresh] done in 49ms @ webpack-internal:///(app-pages-browser)/../../node_modules/.pnpm/next@15.5.18_@babel+core@7.29.7_react-dom@19.2.6_react@19.2.6__react@19.2.6/node_modules/next/dist/client/dev/report-hmr-latency.js:13
[  274290ms] [LOG] [Fast Refresh] rebuilding @ webpack-internal:///(app-pages-browser)/../../node_modules/.pnpm/next@15.5.18_@babel+core@7.29.7_react-dom@19.2.6_react@19.2.6__react@19.2.6/node_modules/next/dist/client/dev/hot-reloader/app/hot-reloader-app.js:196
[  274335ms] [LOG] [Fast Refresh] done in 44ms @ webpack-internal:///(app-pages-browser)/../../node_modules/.pnpm/next@15.5.18_@babel+core@7.29.7_react-dom@19.2.6_react@19.2.6__react@19.2.6/node_modules/next/dist/client/dev/report-hmr-latency.js:13
[  274341ms] [LOG] [Fast Refresh] rebuilding @ webpack-internal:///(app-pages-browser)/../../node_modules/.pnpm/next@15.5.18_@babel+core@7.29.7_react-dom@19.2.6_react@19.2.6__react@19.2.6/node_modules/next/dist/client/dev/hot-reloader/app/hot-reloader-app.js:196
[  274386ms] [LOG] [Fast Refresh] done in 45ms @ webpack-internal:///(app-pages-browser)/../../node_modules/.pnpm/next@15.5.18_@babel+core@7.29.7_react-dom@19.2.6_react@19.2.6__react@19.2.6/node_modules/next/dist/client/dev/report-hmr-latency.js:13
[  274390ms] [LOG] [Fast Refresh] rebuilding @ webpack-internal:///(app-pages-browser)/../../node_modules/.pnpm/next@15.5.18_@babel+core@7.29.7_react-dom@19.2.6_react@19.2.6__react@19.2.6/node_modules/next/dist/client/dev/hot-reloader/app/hot-reloader-app.js:196
[  274436ms] [LOG] [Fast Refresh] done in 45ms @ webpack-internal:///(app-pages-browser)/../../node_modules/.pnpm/next@15.5.18_@babel+core@7.29.7_react-dom@19.2.6_react@19.2.6__react@19.2.6/node_modules/next/dist/client/dev/report-hmr-latency.js:13
[  274441ms] [LOG] [Fast Refresh] rebuilding @ webpack-internal:///(app-pages-browser)/../../node_modules/.pnpm/next@15.5.18_@babel+core@7.29.7_react-dom@19.2.6_react@19.2.6__react@19.2.6/node_modules/next/dist/client/dev/hot-reloader/app/hot-reloader-app.js:196
[  274485ms] [LOG] [Fast Refresh] done in 44ms @ webpack-internal:///(app-pages-browser)/../../node_modules/.pnpm/next@15.5.18_@babel+core@7.29.7_react-dom@19.2.6_react@19.2.6__react@19.2.6/node_modules/next/dist/client/dev/report-hmr-latency.js:13
[  274491ms] [LOG] [Fast Refresh] rebuilding @ webpack-internal:///(app-pages-browser)/../../node_modules/.pnpm/next@15.5.18_@babel+core@7.29.7_react-dom@19.2.6_react@19.2.6__react@19.2.6/node_modules/next/dist/client/dev/hot-reloader/app/hot-reloader-app.js:196
[  274537ms] [LOG] [Fast Refresh] done in 45ms @ webpack-internal:///(app-pages-browser)/../../node_modules/.pnpm/next@15.5.18_@babel+core@7.29.7_react-dom@19.2.6_react@19.2.6__react@19.2.6/node_modules/next/dist/client/dev/report-hmr-latency.js:13
[  274541ms] [LOG] [Fast Refresh] rebuilding @ webpack-internal:///(app-pages-browser)/../../node_modules/.pnpm/next@15.5.18_@babel+core@7.29.7_react-dom@19.2.6_react@19.2.6__react@19.2.6/node_modules/next/dist/client/dev/hot-reloader/app/hot-reloader-app.js:196
[  274587ms] [LOG] [Fast Refresh] done in 46ms @ webpack-internal:///(app-pages-browser)/../../node_modules/.pnpm/next@15.5.18_@babel+core@7.29.7_react-dom@19.2.6_react@19.2.6__react@19.2.6/node_modules/next/dist/client/dev/report-hmr-latency.js:13
[  274591ms] [LOG] [Fast Refresh] rebuilding @ webpack-internal:///(app-pages-browser)/../../node_modules/.pnpm/next@15.5.18_@babel+core@7.29.7_react-dom@19.2.6_react@19.2.6__react@19.2.6/node_modules/next/dist/client/dev/hot-reloader/app/hot-reloader-app.js:196
[  274636ms] [LOG] [Fast Refresh] done in 45ms @ webpack-internal:///(app-pages-browser)/../../node_modules/.pnpm/next@15.5.18_@babel+core@7.29.7_react-dom@19.2.6_react@19.2.6__react@19.2.6/node_modules/next/dist/client/dev/report-hmr-latency.js:13
[  274642ms] [LOG] [Fast Refresh] rebuilding @ webpack-internal:///(app-pages-browser)/../../node_modules/.pnpm/next@15.5.18_@babel+core@7.29.7_react-dom@19.2.6_react@19.2.6__react@19.2.6/node_modules/next/dist/client/dev/hot-reloader/app/hot-reloader-app.js:196
[  274689ms] [LOG] [Fast Refresh] done in 46ms @ webpack-internal:///(app-pages-browser)/../../node_modules/.pnpm/next@15.5.18_@babel+core@7.29.7_react-dom@19.2.6_react@19.2.6__react@19.2.6/node_modules/next/dist/client/dev/report-hmr-latency.js:13
[  274692ms] [LOG] [Fast Refresh] rebuilding @ webpack-internal:///(app-pages-browser)/../../node_modules/.pnpm/next@15.5.18_@babel+core@7.29.7_react-dom@19.2.6_react@19.2.6__react@19.2.6/node_modules/next/dist/client/dev/hot-reloader/app/hot-reloader-app.js:196
[  274734ms] [LOG] [Fast Refresh] done in 42ms @ webpack-internal:///(app-pages-browser)/../../node_modules/.pnpm/next@15.5.18_@babel+core@7.29.7_react-dom@19.2.6_react@19.2.6__react@19.2.6/node_modules/next/dist/client/dev/report-hmr-latency.js:13
[  274742ms] [LOG] [Fast Refresh] rebuilding @ webpack-internal:///(app-pages-browser)/../../node_modules/.pnpm/next@15.5.18_@babel+core@7.29.7_react-dom@19.2.6_react@19.2.6__react@19.2.6/node_modules/next/dist/client/dev/hot-reloader/app/hot-reloader-app.js:196
[  274790ms] [LOG] [Fast Refresh] done in 48ms @ webpack-internal:///(app-pages-browser)/../../node_modules/.pnpm/next@15.5.18_@babel+core@7.29.7_react-dom@19.2.6_react@19.2.6__react@19.2.6/node_modules/next/dist/client/dev/report-hmr-latency.js:13
[  274792ms] [LOG] [Fast Refresh] rebuilding @ webpack-internal:///(app-pages-browser)/../../node_modules/.pnpm/next@15.5.18_@babel+core@7.29.7_react-dom@19.2.6_react@19.2.6__react@19.2.6/node_modules/next/dist/client/dev/hot-reloader/app/hot-reloader-app.js:196
[  274842ms] [LOG] [Fast Refresh] done in 50ms @ webpack-internal:///(app-pages-browser)/../../node_modules/.pnpm/next@15.5.18_@babel+core@7.29.7_react-dom@19.2.6_react@19.2.6__react@19.2.6/node_modules/next/dist/client/dev/report-hmr-latency.js:13
[  274843ms] [LOG] [Fast Refresh] rebuilding @ webpack-internal:///(app-pages-browser)/../../node_modules/.pnpm/next@15.5.18_@babel+core@7.29.7_react-dom@19.2.6_react@19.2.6__react@19.2.6/node_modules/next/dist/client/dev/hot-reloader/app/hot-reloader-app.js:196
[  274912ms] [LOG] [Fast Refresh] rebuilding @ webpack-internal:///(app-pages-browser)/../../node_modules/.pnpm/next@15.5.18_@babel+core@7.29.7_react-dom@19.2.6_react@19.2.6__react@19.2.6/node_modules/next/dist/client/dev/hot-reloader/app/hot-reloader-app.js:196
[  274915ms] [LOG] [Fast Refresh] done in 2ms @ webpack-internal:///(app-pages-browser)/../../node_modules/.pnpm/next@15.5.18_@babel+core@7.29.7_react-dom@19.2.6_react@19.2.6__react@19.2.6/node_modules/next/dist/client/dev/report-hmr-latency.js:13
[  274956ms] [LOG] [Fast Refresh] rebuilding @ webpack-internal:///(app-pages-browser)/../../node_modules/.pnpm/next@15.5.18_@babel+core@7.29.7_react-dom@19.2.6_react@19.2.6__react@19.2.6/node_modules/next/dist/client/dev/hot-reloader/app/hot-reloader-app.js:196
[  274958ms] [LOG] [Fast Refresh] done in 2ms @ webpack-internal:///(app-pages-browser)/../../node_modules/.pnpm/next@15.5.18_@babel+core@7.29.7_react-dom@19.2.6_react@19.2.6__react@19.2.6/node_modules/next/dist/client/dev/report-hmr-latency.js:13
[  275002ms] [LOG] [Fast Refresh] rebuilding @ webpack-internal:///(app-pages-browser)/../../node_modules/.pnpm/next@15.5.18_@babel+core@7.29.7_react-dom@19.2.6_react@19.2.6__react@19.2.6/node_modules/next/dist/client/dev/hot-reloader/app/hot-reloader-app.js:196
[  275004ms] [LOG] [Fast Refresh] done in 2ms @ webpack-internal:///(app-pages-browser)/../../node_modules/.pnpm/next@15.5.18_@babel+core@7.29.7_react-dom@19.2.6_react@19.2.6__react@19.2.6/node_modules/next/dist/client/dev/report-hmr-latency.js:13
[  275047ms] [LOG] [Fast Refresh] rebuilding @ webpack-internal:///(app-pages-browser)/../../node_modules/.pnpm/next@15.5.18_@babel+core@7.29.7_react-dom@19.2.6_react@19.2.6__react@19.2.6/node_modules/next/dist/client/dev/hot-reloader/app/hot-reloader-app.js:196
[  275048ms] [LOG] [Fast Refresh] done in 1ms @ webpack-internal:///(app-pages-browser)/../../node_modules/.pnpm/next@15.5.18_@babel+core@7.29.7_react-dom@19.2.6_react@19.2.6__react@19.2.6/node_modules/next/dist/client/dev/report-hmr-latency.js:13
[  275087ms] [LOG] [Fast Refresh] done in 41ms @ webpack-internal:///(app-pages-browser)/../../node_modules/.pnpm/next@15.5.18_@babel+core@7.29.7_react-dom@19.2.6_react@19.2.6__react@19.2.6/node_modules/next/dist/client/dev/report-hmr-latency.js:13
[  275098ms] [LOG] [Fast Refresh] rebuilding @ webpack-internal:///(app-pages-browser)/../../node_modules/.pnpm/next@15.5.18_@babel+core@7.29.7_react-dom@19.2.6_react@19.2.6__react@19.2.6/node_modules/next/dist/client/dev/hot-reloader/app/hot-reloader-app.js:196
[  275143ms] [LOG] [Fast Refresh] done in 45ms @ webpack-internal:///(app-pages-browser)/../../node_modules/.pnpm/next@15.5.18_@babel+core@7.29.7_react-dom@19.2.6_react@19.2.6__react@19.2.6/node_modules/next/dist/client/dev/report-hmr-latency.js:13
[  275147ms] [LOG] [Fast Refresh] rebuilding @ webpack-internal:///(app-pages-browser)/../../node_modules/.pnpm/next@15.5.18_@babel+core@7.29.7_react-dom@19.2.6_react@19.2.6__react@19.2.6/node_modules/next/dist/client/dev/hot-reloader/app/hot-reloader-app.js:196
[  275195ms] [LOG] [Fast Refresh] done in 47ms @ webpack-internal:///(app-pages-browser)/../../node_modules/.pnpm/next@15.5.18_@babel+core@7.29.7_react-dom@19.2.6_react@19.2.6__react@19.2.6/node_modules/next/dist/client/dev/report-hmr-latency.js:13
[  275197ms] [LOG] [Fast Refresh] rebuilding @ webpack-internal:///(app-pages-browser)/../../node_modules/.pnpm/next@15.5.18_@babel+core@7.29.7_react-dom@19.2.6_react@19.2.6__react@19.2.6/node_modules/next/dist/client/dev/hot-reloader/app/hot-reloader-app.js:196
[  275244ms] [LOG] [Fast Refresh] done in 46ms @ webpack-internal:///(app-pages-browser)/../../node_modules/.pnpm/next@15.5.18_@babel+core@7.29.7_react-dom@19.2.6_react@19.2.6__react@19.2.6/node_modules/next/dist/client/dev/report-hmr-latency.js:13
[  275248ms] [LOG] [Fast Refresh] rebuilding @ webpack-internal:///(app-pages-browser)/../../node_modules/.pnpm/next@15.5.18_@babel+core@7.29.7_react-dom@19.2.6_react@19.2.6__react@19.2.6/node_modules/next/dist/client/dev/hot-reloader/app/hot-reloader-app.js:196
[  275292ms] [LOG] [Fast Refresh] done in 44ms @ webpack-internal:///(app-pages-browser)/../../node_modules/.pnpm/next@15.5.18_@babel+core@7.29.7_react-dom@19.2.6_react@19.2.6__react@19.2.6/node_modules/next/dist/client/dev/report-hmr-latency.js:13
[  275298ms] [LOG] [Fast Refresh] rebuilding @ webpack-internal:///(app-pages-browser)/../../node_modules/.pnpm/next@15.5.18_@babel+core@7.29.7_react-dom@19.2.6_react@19.2.6__react@19.2.6/node_modules/next/dist/client/dev/hot-reloader/app/hot-reloader-app.js:196
[  275345ms] [LOG] [Fast Refresh] done in 48ms @ webpack-internal:///(app-pages-browser)/../../node_modules/.pnpm/next@15.5.18_@babel+core@7.29.7_react-dom@19.2.6_react@19.2.6__react@19.2.6/node_modules/next/dist/client/dev/report-hmr-latency.js:13
[  275348ms] [LOG] [Fast Refresh] rebuilding @ webpack-internal:///(app-pages-browser)/../../node_modules/.pnpm/next@15.5.18_@babel+core@7.29.7_react-dom@19.2.6_react@19.2.6__react@19.2.6/node_modules/next/dist/client/dev/hot-reloader/app/hot-reloader-app.js:196
[  275396ms] [LOG] [Fast Refresh] done in 48ms @ webpack-internal:///(app-pages-browser)/../../node_modules/.pnpm/next@15.5.18_@babel+core@7.29.7_react-dom@19.2.6_react@19.2.6__react@19.2.6/node_modules/next/dist/client/dev/report-hmr-latency.js:13
[  275399ms] [LOG] [Fast Refresh] rebuilding @ webpack-internal:///(app-pages-browser)/../../node_modules/.pnpm/next@15.5.18_@babel+core@7.29.7_react-dom@19.2.6_react@19.2.6__react@19.2.6/node_modules/next/dist/client/dev/hot-reloader/app/hot-reloader-app.js:196
[  275447ms] [LOG] [Fast Refresh] done in 48ms @ webpack-internal:///(app-pages-browser)/../../node_modules/.pnpm/next@15.5.18_@babel+core@7.29.7_react-dom@19.2.6_react@19.2.6__react@19.2.6/node_modules/next/dist/client/dev/report-hmr-latency.js:13
[  275448ms] [LOG] [Fast Refresh] rebuilding @ webpack-internal:///(app-pages-browser)/../../node_modules/.pnpm/next@15.5.18_@babel+core@7.29.7_react-dom@19.2.6_react@19.2.6__react@19.2.6/node_modules/next/dist/client/dev/hot-reloader/app/hot-reloader-app.js:196
[  275492ms] [LOG] [Fast Refresh] done in 43ms @ webpack-internal:///(app-pages-browser)/../../node_modules/.pnpm/next@15.5.18_@babel+core@7.29.7_react-dom@19.2.6_react@19.2.6__react@19.2.6/node_modules/next/dist/client/dev/report-hmr-latency.js:13
[  275499ms] [LOG] [Fast Refresh] rebuilding @ webpack-internal:///(app-pages-browser)/../../node_modules/.pnpm/next@15.5.18_@babel+core@7.29.7_react-dom@19.2.6_react@19.2.6__react@19.2.6/node_modules/next/dist/client/dev/hot-reloader/app/hot-reloader-app.js:196
[  275546ms] [LOG] [Fast Refresh] done in 47ms @ webpack-internal:///(app-pages-browser)/../../node_modules/.pnpm/next@15.5.18_@babel+core@7.29.7_react-dom@19.2.6_react@19.2.6__react@19.2.6/node_modules/next/dist/client/dev/report-hmr-latency.js:13
[  275549ms] [LOG] [Fast Refresh] rebuilding @ webpack-internal:///(app-pages-browser)/../../node_modules/.pnpm/next@15.5.18_@babel+core@7.29.7_react-dom@19.2.6_react@19.2.6__react@19.2.6/node_modules/next/dist/client/dev/hot-reloader/app/hot-reloader-app.js:196
[  275596ms] [LOG] [Fast Refresh] done in 47ms @ webpack-internal:///(app-pages-browser)/../../node_modules/.pnpm/next@15.5.18_@babel+core@7.29.7_react-dom@19.2.6_react@19.2.6__react@19.2.6/node_modules/next/dist/client/dev/report-hmr-latency.js:13
[  275599ms] [LOG] [Fast Refresh] rebuilding @ webpack-internal:///(app-pages-browser)/../../node_modules/.pnpm/next@15.5.18_@babel+core@7.29.7_react-dom@19.2.6_react@19.2.6__react@19.2.6/node_modules/next/dist/client/dev/hot-reloader/app/hot-reloader-app.js:196
[  275645ms] [LOG] [Fast Refresh] done in 47ms @ webpack-internal:///(app-pages-browser)/../../node_modules/.pnpm/next@15.5.18_@babel+core@7.29.7_react-dom@19.2.6_react@19.2.6__react@19.2.6/node_modules/next/dist/client/dev/report-hmr-latency.js:13
[  275649ms] [LOG] [Fast Refresh] rebuilding @ webpack-internal:///(app-pages-browser)/../../node_modules/.pnpm/next@15.5.18_@babel+core@7.29.7_react-dom@19.2.6_react@19.2.6__react@19.2.6/node_modules/next/dist/client/dev/hot-reloader/app/hot-reloader-app.js:196
[  275696ms] [LOG] [Fast Refresh] done in 46ms @ webpack-internal:///(app-pages-browser)/../../node_modules/.pnpm/next@15.5.18_@babel+core@7.29.7_react-dom@19.2.6_react@19.2.6__react@19.2.6/node_modules/next/dist/client/dev/report-hmr-latency.js:13
[  275700ms] [LOG] [Fast Refresh] rebuilding @ webpack-internal:///(app-pages-browser)/../../node_modules/.pnpm/next@15.5.18_@babel+core@7.29.7_react-dom@19.2.6_react@19.2.6__react@19.2.6/node_modules/next/dist/client/dev/hot-reloader/app/hot-reloader-app.js:196
[  275745ms] [LOG] [Fast Refresh] done in 45ms @ webpack-internal:///(app-pages-browser)/../../node_modules/.pnpm/next@15.5.18_@babel+core@7.29.7_react-dom@19.2.6_react@19.2.6__react@19.2.6/node_modules/next/dist/client/dev/report-hmr-latency.js:13
[  275750ms] [LOG] [Fast Refresh] rebuilding @ webpack-internal:///(app-pages-browser)/../../node_modules/.pnpm/next@15.5.18_@babel+core@7.29.7_react-dom@19.2.6_react@19.2.6__react@19.2.6/node_modules/next/dist/client/dev/hot-reloader/app/hot-reloader-app.js:196
[  275797ms] [LOG] [Fast Refresh] done in 47ms @ webpack-internal:///(app-pages-browser)/../../node_modules/.pnpm/next@15.5.18_@babel+core@7.29.7_react-dom@19.2.6_react@19.2.6__react@19.2.6/node_modules/next/dist/client/dev/report-hmr-latency.js:13
[  275800ms] [LOG] [Fast Refresh] rebuilding @ webpack-internal:///(app-pages-browser)/../../node_modules/.pnpm/next@15.5.18_@babel+core@7.29.7_react-dom@19.2.6_react@19.2.6__react@19.2.6/node_modules/next/dist/client/dev/hot-reloader/app/hot-reloader-app.js:196
[  275846ms] [LOG] [Fast Refresh] done in 45ms @ webpack-internal:///(app-pages-browser)/../../node_modules/.pnpm/next@15.5.18_@babel+core@7.29.7_react-dom@19.2.6_react@19.2.6__react@19.2.6/node_modules/next/dist/client/dev/report-hmr-latency.js:13
[  275850ms] [LOG] [Fast Refresh] rebuilding @ webpack-internal:///(app-pages-browser)/../../node_modules/.pnpm/next@15.5.18_@babel+core@7.29.7_react-dom@19.2.6_react@19.2.6__react@19.2.6/node_modules/next/dist/client/dev/hot-reloader/app/hot-reloader-app.js:196
[  275893ms] [LOG] [Fast Refresh] done in 42ms @ webpack-internal:///(app-pages-browser)/../../node_modules/.pnpm/next@15.5.18_@babel+core@7.29.7_react-dom@19.2.6_react@19.2.6__react@19.2.6/node_modules/next/dist/client/dev/report-hmr-latency.js:13
[  275900ms] [LOG] [Fast Refresh] rebuilding @ webpack-internal:///(app-pages-browser)/../../node_modules/.pnpm/next@15.5.18_@babel+core@7.29.7_react-dom@19.2.6_react@19.2.6__react@19.2.6/node_modules/next/dist/client/dev/hot-reloader/app/hot-reloader-app.js:196
[  275945ms] [LOG] [Fast Refresh] done in 45ms @ webpack-internal:///(app-pages-browser)/../../node_modules/.pnpm/next@15.5.18_@babel+core@7.29.7_react-dom@19.2.6_react@19.2.6__react@19.2.6/node_modules/next/dist/client/dev/report-hmr-latency.js:13
[  275951ms] [LOG] [Fast Refresh] rebuilding @ webpack-internal:///(app-pages-browser)/../../node_modules/.pnpm/next@15.5.18_@babel+core@7.29.7_react-dom@19.2.6_react@19.2.6__react@19.2.6/node_modules/next/dist/client/dev/hot-reloader/app/hot-reloader-app.js:196
[  275999ms] [LOG] [Fast Refresh] done in 48ms @ webpack-internal:///(app-pages-browser)/../../node_modules/.pnpm/next@15.5.18_@babel+core@7.29.7_react-dom@19.2.6_react@19.2.6__react@19.2.6/node_modules/next/dist/client/dev/report-hmr-latency.js:13
[  276001ms] [LOG] [Fast Refresh] rebuilding @ webpack-internal:///(app-pages-browser)/../../node_modules/.pnpm/next@15.5.18_@babel+core@7.29.7_react-dom@19.2.6_react@19.2.6__react@19.2.6/node_modules/next/dist/client/dev/hot-reloader/app/hot-reloader-app.js:196
[  276070ms] [LOG] [Fast Refresh] rebuilding @ webpack-internal:///(app-pages-browser)/../../node_modules/.pnpm/next@15.5.18_@babel+core@7.29.7_react-dom@19.2.6_react@19.2.6__react@19.2.6/node_modules/next/dist/client/dev/hot-reloader/app/hot-reloader-app.js:196
[  276072ms] [LOG] [Fast Refresh] done in 3ms @ webpack-internal:///(app-pages-browser)/../../node_modules/.pnpm/next@15.5.18_@babel+core@7.29.7_react-dom@19.2.6_react@19.2.6__react@19.2.6/node_modules/next/dist/client/dev/report-hmr-latency.js:13
[  276112ms] [LOG] [Fast Refresh] rebuilding @ webpack-internal:///(app-pages-browser)/../../node_modules/.pnpm/next@15.5.18_@babel+core@7.29.7_react-dom@19.2.6_react@19.2.6__react@19.2.6/node_modules/next/dist/client/dev/hot-reloader/app/hot-reloader-app.js:196
[  276114ms] [LOG] [Fast Refresh] done in 3ms @ webpack-internal:///(app-pages-browser)/../../node_modules/.pnpm/next@15.5.18_@babel+core@7.29.7_react-dom@19.2.6_react@19.2.6__react@19.2.6/node_modules/next/dist/client/dev/report-hmr-latency.js:13
[  276165ms] [LOG] [Fast Refresh] rebuilding @ webpack-internal:///(app-pages-browser)/../../node_modules/.pnpm/next@15.5.18_@babel+core@7.29.7_react-dom@19.2.6_react@19.2.6__react@19.2.6/node_modules/next/dist/client/dev/hot-reloader/app/hot-reloader-app.js:196
[  276169ms] [LOG] [Fast Refresh] done in 4ms @ webpack-internal:///(app-pages-browser)/../../node_modules/.pnpm/next@15.5.18_@babel+core@7.29.7_react-dom@19.2.6_react@19.2.6__react@19.2.6/node_modules/next/dist/client/dev/report-hmr-latency.js:13
[  276211ms] [LOG] [Fast Refresh] rebuilding @ webpack-internal:///(app-pages-browser)/../../node_modules/.pnpm/next@15.5.18_@babel+core@7.29.7_react-dom@19.2.6_react@19.2.6__react@19.2.6/node_modules/next/dist/client/dev/hot-reloader/app/hot-reloader-app.js:196
[  276220ms] [LOG] [Fast Refresh] done in 9ms @ webpack-internal:///(app-pages-browser)/../../node_modules/.pnpm/next@15.5.18_@babel+core@7.29.7_react-dom@19.2.6_react@19.2.6__react@19.2.6/node_modules/next/dist/client/dev/report-hmr-latency.js:13
[  276255ms] [LOG] [Fast Refresh] rebuilding @ webpack-internal:///(app-pages-browser)/../../node_modules/.pnpm/next@15.5.18_@babel+core@7.29.7_react-dom@19.2.6_react@19.2.6__react@19.2.6/node_modules/next/dist/client/dev/hot-reloader/app/hot-reloader-app.js:196
[  276257ms] [LOG] [Fast Refresh] done in 2ms @ webpack-internal:///(app-pages-browser)/../../node_modules/.pnpm/next@15.5.18_@babel+core@7.29.7_react-dom@19.2.6_react@19.2.6__react@19.2.6/node_modules/next/dist/client/dev/report-hmr-latency.js:13
[  276301ms] [LOG] [Fast Refresh] done in 46ms @ webpack-internal:///(app-pages-browser)/../../node_modules/.pnpm/next@15.5.18_@babel+core@7.29.7_react-dom@19.2.6_react@19.2.6__react@19.2.6/node_modules/next/dist/client/dev/report-hmr-latency.js:13
[  276305ms] [LOG] [Fast Refresh] rebuilding @ webpack-internal:///(app-pages-browser)/../../node_modules/.pnpm/next@15.5.18_@babel+core@7.29.7_react-dom@19.2.6_react@19.2.6__react@19.2.6/node_modules/next/dist/client/dev/hot-reloader/app/hot-reloader-app.js:196
[  276353ms] [LOG] [Fast Refresh] done in 47ms @ webpack-internal:///(app-pages-browser)/../../node_modules/.pnpm/next@15.5.18_@babel+core@7.29.7_react-dom@19.2.6_react@19.2.6__react@19.2.6/node_modules/next/dist/client/dev/report-hmr-latency.js:13
[  276355ms] [LOG] [Fast Refresh] rebuilding @ webpack-internal:///(app-pages-browser)/../../node_modules/.pnpm/next@15.5.18_@babel+core@7.29.7_react-dom@19.2.6_react@19.2.6__react@19.2.6/node_modules/next/dist/client/dev/hot-reloader/app/hot-reloader-app.js:196
[  276402ms] [LOG] [Fast Refresh] done in 46ms @ webpack-internal:///(app-pages-browser)/../../node_modules/.pnpm/next@15.5.18_@babel+core@7.29.7_react-dom@19.2.6_react@19.2.6__react@19.2.6/node_modules/next/dist/client/dev/report-hmr-latency.js:13
[  276406ms] [LOG] [Fast Refresh] rebuilding @ webpack-internal:///(app-pages-browser)/../../node_modules/.pnpm/next@15.5.18_@babel+core@7.29.7_react-dom@19.2.6_react@19.2.6__react@19.2.6/node_modules/next/dist/client/dev/hot-reloader/app/hot-reloader-app.js:196
[  276450ms] [LOG] [Fast Refresh] done in 45ms @ webpack-internal:///(app-pages-browser)/../../node_modules/.pnpm/next@15.5.18_@babel+core@7.29.7_react-dom@19.2.6_react@19.2.6__react@19.2.6/node_modules/next/dist/client/dev/report-hmr-latency.js:13
[  276456ms] [LOG] [Fast Refresh] rebuilding @ webpack-internal:///(app-pages-browser)/../../node_modules/.pnpm/next@15.5.18_@babel+core@7.29.7_react-dom@19.2.6_react@19.2.6__react@19.2.6/node_modules/next/dist/client/dev/hot-reloader/app/hot-reloader-app.js:196
[  276504ms] [LOG] [Fast Refresh] done in 47ms @ webpack-internal:///(app-pages-browser)/../../node_modules/.pnpm/next@15.5.18_@babel+core@7.29.7_react-dom@19.2.6_react@19.2.6__react@19.2.6/node_modules/next/dist/client/dev/report-hmr-latency.js:13
[  276506ms] [LOG] [Fast Refresh] rebuilding @ webpack-internal:///(app-pages-browser)/../../node_modules/.pnpm/next@15.5.18_@babel+core@7.29.7_react-dom@19.2.6_react@19.2.6__react@19.2.6/node_modules/next/dist/client/dev/hot-reloader/app/hot-reloader-app.js:196
[  276557ms] [LOG] [Fast Refresh] done in 51ms @ webpack-internal:///(app-pages-browser)/../../node_modules/.pnpm/next@15.5.18_@babel+core@7.29.7_react-dom@19.2.6_react@19.2.6__react@19.2.6/node_modules/next/dist/client/dev/report-hmr-latency.js:13
[  276557ms] [LOG] [Fast Refresh] rebuilding @ webpack-internal:///(app-pages-browser)/../../node_modules/.pnpm/next@15.5.18_@babel+core@7.29.7_react-dom@19.2.6_react@19.2.6__react@19.2.6/node_modules/next/dist/client/dev/hot-reloader/app/hot-reloader-app.js:196
[  276605ms] [LOG] [Fast Refresh] done in 48ms @ webpack-internal:///(app-pages-browser)/../../node_modules/.pnpm/next@15.5.18_@babel+core@7.29.7_react-dom@19.2.6_react@19.2.6__react@19.2.6/node_modules/next/dist/client/dev/report-hmr-latency.js:13
[  276607ms] [LOG] [Fast Refresh] rebuilding @ webpack-internal:///(app-pages-browser)/../../node_modules/.pnpm/next@15.5.18_@babel+core@7.29.7_react-dom@19.2.6_react@19.2.6__react@19.2.6/node_modules/next/dist/client/dev/hot-reloader/app/hot-reloader-app.js:196
[  276651ms] [LOG] [Fast Refresh] done in 45ms @ webpack-internal:///(app-pages-browser)/../../node_modules/.pnpm/next@15.5.18_@babel+core@7.29.7_react-dom@19.2.6_react@19.2.6__react@19.2.6/node_modules/next/dist/client/dev/report-hmr-latency.js:13
[  276657ms] [LOG] [Fast Refresh] rebuilding @ webpack-internal:///(app-pages-browser)/../../node_modules/.pnpm/next@15.5.18_@babel+core@7.29.7_react-dom@19.2.6_react@19.2.6__react@19.2.6/node_modules/next/dist/client/dev/hot-reloader/app/hot-reloader-app.js:196
[  276704ms] [LOG] [Fast Refresh] done in 47ms @ webpack-internal:///(app-pages-browser)/../../node_modules/.pnpm/next@15.5.18_@babel+core@7.29.7_react-dom@19.2.6_react@19.2.6__react@19.2.6/node_modules/next/dist/client/dev/report-hmr-latency.js:13
[  276707ms] [LOG] [Fast Refresh] rebuilding @ webpack-internal:///(app-pages-browser)/../../node_modules/.pnpm/next@15.5.18_@babel+core@7.29.7_react-dom@19.2.6_react@19.2.6__react@19.2.6/node_modules/next/dist/client/dev/hot-reloader/app/hot-reloader-app.js:196
[  276752ms] [LOG] [Fast Refresh] done in 44ms @ webpack-internal:///(app-pages-browser)/../../node_modules/.pnpm/next@15.5.18_@babel+core@7.29.7_react-dom@19.2.6_react@19.2.6__react@19.2.6/node_modules/next/dist/client/dev/report-hmr-latency.js:13
[  276757ms] [LOG] [Fast Refresh] rebuilding @ webpack-internal:///(app-pages-browser)/../../node_modules/.pnpm/next@15.5.18_@babel+core@7.29.7_react-dom@19.2.6_react@19.2.6__react@19.2.6/node_modules/next/dist/client/dev/hot-reloader/app/hot-reloader-app.js:196
[  276804ms] [LOG] [Fast Refresh] done in 47ms @ webpack-internal:///(app-pages-browser)/../../node_modules/.pnpm/next@15.5.18_@babel+core@7.29.7_react-dom@19.2.6_react@19.2.6__react@19.2.6/node_modules/next/dist/client/dev/report-hmr-latency.js:13
[  276807ms] [LOG] [Fast Refresh] rebuilding @ webpack-internal:///(app-pages-browser)/../../node_modules/.pnpm/next@15.5.18_@babel+core@7.29.7_react-dom@19.2.6_react@19.2.6__react@19.2.6/node_modules/next/dist/client/dev/hot-reloader/app/hot-reloader-app.js:196
[  276852ms] [LOG] [Fast Refresh] done in 44ms @ webpack-internal:///(app-pages-browser)/../../node_modules/.pnpm/next@15.5.18_@babel+core@7.29.7_react-dom@19.2.6_react@19.2.6__react@19.2.6/node_modules/next/dist/client/dev/report-hmr-latency.js:13
[  276858ms] [LOG] [Fast Refresh] rebuilding @ webpack-internal:///(app-pages-browser)/../../node_modules/.pnpm/next@15.5.18_@babel+core@7.29.7_react-dom@19.2.6_react@19.2.6__react@19.2.6/node_modules/next/dist/client/dev/hot-reloader/app/hot-reloader-app.js:196
[  276901ms] [LOG] [Fast Refresh] done in 44ms @ webpack-internal:///(app-pages-browser)/../../node_modules/.pnpm/next@15.5.18_@babel+core@7.29.7_react-dom@19.2.6_react@19.2.6__react@19.2.6/node_modules/next/dist/client/dev/report-hmr-latency.js:13
[  276908ms] [LOG] [Fast Refresh] rebuilding @ webpack-internal:///(app-pages-browser)/../../node_modules/.pnpm/next@15.5.18_@babel+core@7.29.7_react-dom@19.2.6_react@19.2.6__react@19.2.6/node_modules/next/dist/client/dev/hot-reloader/app/hot-reloader-app.js:196
[  276954ms] [LOG] [Fast Refresh] done in 46ms @ webpack-internal:///(app-pages-browser)/../../node_modules/.pnpm/next@15.5.18_@babel+core@7.29.7_react-dom@19.2.6_react@19.2.6__react@19.2.6/node_modules/next/dist/client/dev/report-hmr-latency.js:13
[  276958ms] [LOG] [Fast Refresh] rebuilding @ webpack-internal:///(app-pages-browser)/../../node_modules/.pnpm/next@15.5.18_@babel+core@7.29.7_react-dom@19.2.6_react@19.2.6__react@19.2.6/node_modules/next/dist/client/dev/hot-reloader/app/hot-reloader-app.js:196
[  277001ms] [LOG] [Fast Refresh] done in 43ms @ webpack-internal:///(app-pages-browser)/../../node_modules/.pnpm/next@15.5.18_@babel+core@7.29.7_react-dom@19.2.6_react@19.2.6__react@19.2.6/node_modules/next/dist/client/dev/report-hmr-latency.js:13
[  277009ms] [LOG] [Fast Refresh] rebuilding @ webpack-internal:///(app-pages-browser)/../../node_modules/.pnpm/next@15.5.18_@babel+core@7.29.7_react-dom@19.2.6_react@19.2.6__react@19.2.6/node_modules/next/dist/client/dev/hot-reloader/app/hot-reloader-app.js:196
[  277051ms] [LOG] [Fast Refresh] done in 43ms @ webpack-internal:///(app-pages-browser)/../../node_modules/.pnpm/next@15.5.18_@babel+core@7.29.7_react-dom@19.2.6_react@19.2.6__react@19.2.6/node_modules/next/dist/client/dev/report-hmr-latency.js:13
[  277059ms] [LOG] [Fast Refresh] rebuilding @ webpack-internal:///(app-pages-browser)/../../node_modules/.pnpm/next@15.5.18_@babel+core@7.29.7_react-dom@19.2.6_react@19.2.6__react@19.2.6/node_modules/next/dist/client/dev/hot-reloader/app/hot-reloader-app.js:196
[  277107ms] [LOG] [Fast Refresh] done in 48ms @ webpack-internal:///(app-pages-browser)/../../node_modules/.pnpm/next@15.5.18_@babel+core@7.29.7_react-dom@19.2.6_react@19.2.6__react@19.2.6/node_modules/next/dist/client/dev/report-hmr-latency.js:13
[  277109ms] [LOG] [Fast Refresh] rebuilding @ webpack-internal:///(app-pages-browser)/../../node_modules/.pnpm/next@15.5.18_@babel+core@7.29.7_react-dom@19.2.6_react@19.2.6__react@19.2.6/node_modules/next/dist/client/dev/hot-reloader/app/hot-reloader-app.js:196
[  277156ms] [LOG] [Fast Refresh] done in 48ms @ webpack-internal:///(app-pages-browser)/../../node_modules/.pnpm/next@15.5.18_@babel+core@7.29.7_react-dom@19.2.6_react@19.2.6__react@19.2.6/node_modules/next/dist/client/dev/report-hmr-latency.js:13
[  277159ms] [LOG] [Fast Refresh] rebuilding @ webpack-internal:///(app-pages-browser)/../../node_modules/.pnpm/next@15.5.18_@babel+core@7.29.7_react-dom@19.2.6_react@19.2.6__react@19.2.6/node_modules/next/dist/client/dev/hot-reloader/app/hot-reloader-app.js:196
[  277227ms] [LOG] [Fast Refresh] rebuilding @ webpack-internal:///(app-pages-browser)/../../node_modules/.pnpm/next@15.5.18_@babel+core@7.29.7_react-dom@19.2.6_react@19.2.6__react@19.2.6/node_modules/next/dist/client/dev/hot-reloader/app/hot-reloader-app.js:196
[  277229ms] [LOG] [Fast Refresh] done in 3ms @ webpack-internal:///(app-pages-browser)/../../node_modules/.pnpm/next@15.5.18_@babel+core@7.29.7_react-dom@19.2.6_react@19.2.6__react@19.2.6/node_modules/next/dist/client/dev/report-hmr-latency.js:13
[  277270ms] [LOG] [Fast Refresh] rebuilding @ webpack-internal:///(app-pages-browser)/../../node_modules/.pnpm/next@15.5.18_@babel+core@7.29.7_react-dom@19.2.6_react@19.2.6__react@19.2.6/node_modules/next/dist/client/dev/hot-reloader/app/hot-reloader-app.js:196
[  277272ms] [LOG] [Fast Refresh] done in 2ms @ webpack-internal:///(app-pages-browser)/../../node_modules/.pnpm/next@15.5.18_@babel+core@7.29.7_react-dom@19.2.6_react@19.2.6__react@19.2.6/node_modules/next/dist/client/dev/report-hmr-latency.js:13
[  277316ms] [LOG] [Fast Refresh] rebuilding @ webpack-internal:///(app-pages-browser)/../../node_modules/.pnpm/next@15.5.18_@babel+core@7.29.7_react-dom@19.2.6_react@19.2.6__react@19.2.6/node_modules/next/dist/client/dev/hot-reloader/app/hot-reloader-app.js:196
[  277319ms] [LOG] [Fast Refresh] done in 2ms @ webpack-internal:///(app-pages-browser)/../../node_modules/.pnpm/next@15.5.18_@babel+core@7.29.7_react-dom@19.2.6_react@19.2.6__react@19.2.6/node_modules/next/dist/client/dev/report-hmr-latency.js:13
[  277360ms] [LOG] [Fast Refresh] done in 44ms @ webpack-internal:///(app-pages-browser)/../../node_modules/.pnpm/next@15.5.18_@babel+core@7.29.7_react-dom@19.2.6_react@19.2.6__react@19.2.6/node_modules/next/dist/client/dev/report-hmr-latency.js:13
[  277361ms] [LOG] [Fast Refresh] rebuilding @ webpack-internal:///(app-pages-browser)/../../node_modules/.pnpm/next@15.5.18_@babel+core@7.29.7_react-dom@19.2.6_react@19.2.6__react@19.2.6/node_modules/next/dist/client/dev/hot-reloader/app/hot-reloader-app.js:196
[  277409ms] [LOG] [Fast Refresh] done in 49ms @ webpack-internal:///(app-pages-browser)/../../node_modules/.pnpm/next@15.5.18_@babel+core@7.29.7_react-dom@19.2.6_react@19.2.6__react@19.2.6/node_modules/next/dist/client/dev/report-hmr-latency.js:13
[  277410ms] [LOG] [Fast Refresh] rebuilding @ webpack-internal:///(app-pages-browser)/../../node_modules/.pnpm/next@15.5.18_@babel+core@7.29.7_react-dom@19.2.6_react@19.2.6__react@19.2.6/node_modules/next/dist/client/dev/hot-reloader/app/hot-reloader-app.js:196
[  277457ms] [LOG] [Fast Refresh] done in 46ms @ webpack-internal:///(app-pages-browser)/../../node_modules/.pnpm/next@15.5.18_@babel+core@7.29.7_react-dom@19.2.6_react@19.2.6__react@19.2.6/node_modules/next/dist/client/dev/report-hmr-latency.js:13
[  277461ms] [LOG] [Fast Refresh] rebuilding @ webpack-internal:///(app-pages-browser)/../../node_modules/.pnpm/next@15.5.18_@babel+core@7.29.7_react-dom@19.2.6_react@19.2.6__react@19.2.6/node_modules/next/dist/client/dev/hot-reloader/app/hot-reloader-app.js:196
[  277507ms] [LOG] [Fast Refresh] done in 47ms @ webpack-internal:///(app-pages-browser)/../../node_modules/.pnpm/next@15.5.18_@babel+core@7.29.7_react-dom@19.2.6_react@19.2.6__react@19.2.6/node_modules/next/dist/client/dev/report-hmr-latency.js:13
[  277511ms] [LOG] [Fast Refresh] rebuilding @ webpack-internal:///(app-pages-browser)/../../node_modules/.pnpm/next@15.5.18_@babel+core@7.29.7_react-dom@19.2.6_react@19.2.6__react@19.2.6/node_modules/next/dist/client/dev/hot-reloader/app/hot-reloader-app.js:196
[  277555ms] [LOG] [Fast Refresh] done in 43ms @ webpack-internal:///(app-pages-browser)/../../node_modules/.pnpm/next@15.5.18_@babel+core@7.29.7_react-dom@19.2.6_react@19.2.6__react@19.2.6/node_modules/next/dist/client/dev/report-hmr-latency.js:13
[  277561ms] [LOG] [Fast Refresh] rebuilding @ webpack-internal:///(app-pages-browser)/../../node_modules/.pnpm/next@15.5.18_@babel+core@7.29.7_react-dom@19.2.6_react@19.2.6__react@19.2.6/node_modules/next/dist/client/dev/hot-reloader/app/hot-reloader-app.js:196
[  277607ms] [LOG] [Fast Refresh] done in 45ms @ webpack-internal:///(app-pages-browser)/../../node_modules/.pnpm/next@15.5.18_@babel+core@7.29.7_react-dom@19.2.6_react@19.2.6__react@19.2.6/node_modules/next/dist/client/dev/report-hmr-latency.js:13
[  277612ms] [LOG] [Fast Refresh] rebuilding @ webpack-internal:///(app-pages-browser)/../../node_modules/.pnpm/next@15.5.18_@babel+core@7.29.7_react-dom@19.2.6_react@19.2.6__react@19.2.6/node_modules/next/dist/client/dev/hot-reloader/app/hot-reloader-app.js:196
[  277655ms] [LOG] [Fast Refresh] done in 43ms @ webpack-internal:///(app-pages-browser)/../../node_modules/.pnpm/next@15.5.18_@babel+core@7.29.7_react-dom@19.2.6_react@19.2.6__react@19.2.6/node_modules/next/dist/client/dev/report-hmr-latency.js:13
[  277662ms] [LOG] [Fast Refresh] rebuilding @ webpack-internal:///(app-pages-browser)/../../node_modules/.pnpm/next@15.5.18_@babel+core@7.29.7_react-dom@19.2.6_react@19.2.6__react@19.2.6/node_modules/next/dist/client/dev/hot-reloader/app/hot-reloader-app.js:196
[  277710ms] [LOG] [Fast Refresh] done in 49ms @ webpack-internal:///(app-pages-browser)/../../node_modules/.pnpm/next@15.5.18_@babel+core@7.29.7_react-dom@19.2.6_react@19.2.6__react@19.2.6/node_modules/next/dist/client/dev/report-hmr-latency.js:13
[  277712ms] [LOG] [Fast Refresh] rebuilding @ webpack-internal:///(app-pages-browser)/../../node_modules/.pnpm/next@15.5.18_@babel+core@7.29.7_react-dom@19.2.6_react@19.2.6__react@19.2.6/node_modules/next/dist/client/dev/hot-reloader/app/hot-reloader-app.js:196
[  277755ms] [LOG] [Fast Refresh] done in 43ms @ webpack-internal:///(app-pages-browser)/../../node_modules/.pnpm/next@15.5.18_@babel+core@7.29.7_react-dom@19.2.6_react@19.2.6__react@19.2.6/node_modules/next/dist/client/dev/report-hmr-latency.js:13
[  277762ms] [LOG] [Fast Refresh] rebuilding @ webpack-internal:///(app-pages-browser)/../../node_modules/.pnpm/next@15.5.18_@babel+core@7.29.7_react-dom@19.2.6_react@19.2.6__react@19.2.6/node_modules/next/dist/client/dev/hot-reloader/app/hot-reloader-app.js:196
[  277807ms] [LOG] [Fast Refresh] done in 44ms @ webpack-internal:///(app-pages-browser)/../../node_modules/.pnpm/next@15.5.18_@babel+core@7.29.7_react-dom@19.2.6_react@19.2.6__react@19.2.6/node_modules/next/dist/client/dev/report-hmr-latency.js:13
[  277813ms] [LOG] [Fast Refresh] rebuilding @ webpack-internal:///(app-pages-browser)/../../node_modules/.pnpm/next@15.5.18_@babel+core@7.29.7_react-dom@19.2.6_react@19.2.6__react@19.2.6/node_modules/next/dist/client/dev/hot-reloader/app/hot-reloader-app.js:196
[  277857ms] [LOG] [Fast Refresh] done in 43ms @ webpack-internal:///(app-pages-browser)/../../node_modules/.pnpm/next@15.5.18_@babel+core@7.29.7_react-dom@19.2.6_react@19.2.6__react@19.2.6/node_modules/next/dist/client/dev/report-hmr-latency.js:13
[  277863ms] [LOG] [Fast Refresh] rebuilding @ webpack-internal:///(app-pages-browser)/../../node_modules/.pnpm/next@15.5.18_@babel+core@7.29.7_react-dom@19.2.6_react@19.2.6__react@19.2.6/node_modules/next/dist/client/dev/hot-reloader/app/hot-reloader-app.js:196
[  277962ms] [LOG] [Fast Refresh] rebuilding @ webpack-internal:///(app-pages-browser)/../../node_modules/.pnpm/next@15.5.18_@babel+core@7.29.7_react-dom@19.2.6_react@19.2.6__react@19.2.6/node_modules/next/dist/client/dev/hot-reloader/app/hot-reloader-app.js:196
[  277965ms] [LOG] [Fast Refresh] done in 2ms @ webpack-internal:///(app-pages-browser)/../../node_modules/.pnpm/next@15.5.18_@babel+core@7.29.7_react-dom@19.2.6_react@19.2.6__react@19.2.6/node_modules/next/dist/client/dev/report-hmr-latency.js:13
[  278015ms] [LOG] [Fast Refresh] rebuilding @ webpack-internal:///(app-pages-browser)/../../node_modules/.pnpm/next@15.5.18_@babel+core@7.29.7_react-dom@19.2.6_react@19.2.6__react@19.2.6/node_modules/next/dist/client/dev/hot-reloader/app/hot-reloader-app.js:196
[  278019ms] [LOG] [Fast Refresh] done in 4ms @ webpack-internal:///(app-pages-browser)/../../node_modules/.pnpm/next@15.5.18_@babel+core@7.29.7_react-dom@19.2.6_react@19.2.6__react@19.2.6/node_modules/next/dist/client/dev/report-hmr-latency.js:13
[  278063ms] [LOG] [Fast Refresh] done in 48ms @ webpack-internal:///(app-pages-browser)/../../node_modules/.pnpm/next@15.5.18_@babel+core@7.29.7_react-dom@19.2.6_react@19.2.6__react@19.2.6/node_modules/next/dist/client/dev/report-hmr-latency.js:13
[  278065ms] [LOG] [Fast Refresh] rebuilding @ webpack-internal:///(app-pages-browser)/../../node_modules/.pnpm/next@15.5.18_@babel+core@7.29.7_react-dom@19.2.6_react@19.2.6__react@19.2.6/node_modules/next/dist/client/dev/hot-reloader/app/hot-reloader-app.js:196
[  278108ms] [LOG] [Fast Refresh] done in 43ms @ webpack-internal:///(app-pages-browser)/../../node_modules/.pnpm/next@15.5.18_@babel+core@7.29.7_react-dom@19.2.6_react@19.2.6__react@19.2.6/node_modules/next/dist/client/dev/report-hmr-latency.js:13
[  278115ms] [LOG] [Fast Refresh] rebuilding @ webpack-internal:///(app-pages-browser)/../../node_modules/.pnpm/next@15.5.18_@babel+core@7.29.7_react-dom@19.2.6_react@19.2.6__react@19.2.6/node_modules/next/dist/client/dev/hot-reloader/app/hot-reloader-app.js:196
[  278160ms] [LOG] [Fast Refresh] done in 45ms @ webpack-internal:///(app-pages-browser)/../../node_modules/.pnpm/next@15.5.18_@babel+core@7.29.7_react-dom@19.2.6_react@19.2.6__react@19.2.6/node_modules/next/dist/client/dev/report-hmr-latency.js:13
[  278165ms] [LOG] [Fast Refresh] rebuilding @ webpack-internal:///(app-pages-browser)/../../node_modules/.pnpm/next@15.5.18_@babel+core@7.29.7_react-dom@19.2.6_react@19.2.6__react@19.2.6/node_modules/next/dist/client/dev/hot-reloader/app/hot-reloader-app.js:196
[  278211ms] [LOG] [Fast Refresh] done in 45ms @ webpack-internal:///(app-pages-browser)/../../node_modules/.pnpm/next@15.5.18_@babel+core@7.29.7_react-dom@19.2.6_react@19.2.6__react@19.2.6/node_modules/next/dist/client/dev/report-hmr-latency.js:13
[  278216ms] [LOG] [Fast Refresh] rebuilding @ webpack-internal:///(app-pages-browser)/../../node_modules/.pnpm/next@15.5.18_@babel+core@7.29.7_react-dom@19.2.6_react@19.2.6__react@19.2.6/node_modules/next/dist/client/dev/hot-reloader/app/hot-reloader-app.js:196
[  278261ms] [LOG] [Fast Refresh] done in 45ms @ webpack-internal:///(app-pages-browser)/../../node_modules/.pnpm/next@15.5.18_@babel+core@7.29.7_react-dom@19.2.6_react@19.2.6__react@19.2.6/node_modules/next/dist/client/dev/report-hmr-latency.js:13
[  278266ms] [LOG] [Fast Refresh] rebuilding @ webpack-internal:///(app-pages-browser)/../../node_modules/.pnpm/next@15.5.18_@babel+core@7.29.7_react-dom@19.2.6_react@19.2.6__react@19.2.6/node_modules/next/dist/client/dev/hot-reloader/app/hot-reloader-app.js:196
[  278311ms] [LOG] [Fast Refresh] done in 46ms @ webpack-internal:///(app-pages-browser)/../../node_modules/.pnpm/next@15.5.18_@babel+core@7.29.7_react-dom@19.2.6_react@19.2.6__react@19.2.6/node_modules/next/dist/client/dev/report-hmr-latency.js:13
[  278316ms] [LOG] [Fast Refresh] rebuilding @ webpack-internal:///(app-pages-browser)/../../node_modules/.pnpm/next@15.5.18_@babel+core@7.29.7_react-dom@19.2.6_react@19.2.6__react@19.2.6/node_modules/next/dist/client/dev/hot-reloader/app/hot-reloader-app.js:196
[  278366ms] [LOG] [Fast Refresh] done in 49ms @ webpack-internal:///(app-pages-browser)/../../node_modules/.pnpm/next@15.5.18_@babel+core@7.29.7_react-dom@19.2.6_react@19.2.6__react@19.2.6/node_modules/next/dist/client/dev/report-hmr-latency.js:13
[  278366ms] [LOG] [Fast Refresh] rebuilding @ webpack-internal:///(app-pages-browser)/../../node_modules/.pnpm/next@15.5.18_@babel+core@7.29.7_react-dom@19.2.6_react@19.2.6__react@19.2.6/node_modules/next/dist/client/dev/hot-reloader/app/hot-reloader-app.js:196
[  278435ms] [LOG] [Fast Refresh] rebuilding @ webpack-internal:///(app-pages-browser)/../../node_modules/.pnpm/next@15.5.18_@babel+core@7.29.7_react-dom@19.2.6_react@19.2.6__react@19.2.6/node_modules/next/dist/client/dev/hot-reloader/app/hot-reloader-app.js:196
[  278438ms] [LOG] [Fast Refresh] done in 2ms @ webpack-internal:///(app-pages-browser)/../../node_modules/.pnpm/next@15.5.18_@babel+core@7.29.7_react-dom@19.2.6_react@19.2.6__react@19.2.6/node_modules/next/dist/client/dev/report-hmr-latency.js:13
[  278479ms] [LOG] [Fast Refresh] rebuilding @ webpack-internal:///(app-pages-browser)/../../node_modules/.pnpm/next@15.5.18_@babel+core@7.29.7_react-dom@19.2.6_react@19.2.6__react@19.2.6/node_modules/next/dist/client/dev/hot-reloader/app/hot-reloader-app.js:196
[  278481ms] [LOG] [Fast Refresh] done in 2ms @ webpack-internal:///(app-pages-browser)/../../node_modules/.pnpm/next@15.5.18_@babel+core@7.29.7_react-dom@19.2.6_react@19.2.6__react@19.2.6/node_modules/next/dist/client/dev/report-hmr-latency.js:13
[  278522ms] [LOG] [Fast Refresh] rebuilding @ webpack-internal:///(app-pages-browser)/../../node_modules/.pnpm/next@15.5.18_@babel+core@7.29.7_react-dom@19.2.6_react@19.2.6__react@19.2.6/node_modules/next/dist/client/dev/hot-reloader/app/hot-reloader-app.js:196
[  278525ms] [LOG] [Fast Refresh] done in 2ms @ webpack-internal:///(app-pages-browser)/../../node_modules/.pnpm/next@15.5.18_@babel+core@7.29.7_react-dom@19.2.6_react@19.2.6__react@19.2.6/node_modules/next/dist/client/dev/report-hmr-latency.js:13
[  278567ms] [LOG] [Fast Refresh] done in 45ms @ webpack-internal:///(app-pages-browser)/../../node_modules/.pnpm/next@15.5.18_@babel+core@7.29.7_react-dom@19.2.6_react@19.2.6__react@19.2.6/node_modules/next/dist/client/dev/report-hmr-latency.js:13
[  278569ms] [LOG] [Fast Refresh] rebuilding @ webpack-internal:///(app-pages-browser)/../../node_modules/.pnpm/next@15.5.18_@babel+core@7.29.7_react-dom@19.2.6_react@19.2.6__react@19.2.6/node_modules/next/dist/client/dev/hot-reloader/app/hot-reloader-app.js:196
[  278613ms] [LOG] [Fast Refresh] done in 44ms @ webpack-internal:///(app-pages-browser)/../../node_modules/.pnpm/next@15.5.18_@babel+core@7.29.7_react-dom@19.2.6_react@19.2.6__react@19.2.6/node_modules/next/dist/client/dev/report-hmr-latency.js:13
[  278619ms] [LOG] [Fast Refresh] rebuilding @ webpack-internal:///(app-pages-browser)/../../node_modules/.pnpm/next@15.5.18_@babel+core@7.29.7_react-dom@19.2.6_react@19.2.6__react@19.2.6/node_modules/next/dist/client/dev/hot-reloader/app/hot-reloader-app.js:196
[  278665ms] [LOG] [Fast Refresh] done in 46ms @ webpack-internal:///(app-pages-browser)/../../node_modules/.pnpm/next@15.5.18_@babel+core@7.29.7_react-dom@19.2.6_react@19.2.6__react@19.2.6/node_modules/next/dist/client/dev/report-hmr-latency.js:13
[  278670ms] [LOG] [Fast Refresh] rebuilding @ webpack-internal:///(app-pages-browser)/../../node_modules/.pnpm/next@15.5.18_@babel+core@7.29.7_react-dom@19.2.6_react@19.2.6__react@19.2.6/node_modules/next/dist/client/dev/hot-reloader/app/hot-reloader-app.js:196
[  278716ms] [LOG] [Fast Refresh] done in 46ms @ webpack-internal:///(app-pages-browser)/../../node_modules/.pnpm/next@15.5.18_@babel+core@7.29.7_react-dom@19.2.6_react@19.2.6__react@19.2.6/node_modules/next/dist/client/dev/report-hmr-latency.js:13
[  278721ms] [LOG] [Fast Refresh] rebuilding @ webpack-internal:///(app-pages-browser)/../../node_modules/.pnpm/next@15.5.18_@babel+core@7.29.7_react-dom@19.2.6_react@19.2.6__react@19.2.6/node_modules/next/dist/client/dev/hot-reloader/app/hot-reloader-app.js:196
[  278764ms] [LOG] [Fast Refresh] done in 43ms @ webpack-internal:///(app-pages-browser)/../../node_modules/.pnpm/next@15.5.18_@babel+core@7.29.7_react-dom@19.2.6_react@19.2.6__react@19.2.6/node_modules/next/dist/client/dev/report-hmr-latency.js:13
[  278771ms] [LOG] [Fast Refresh] rebuilding @ webpack-internal:///(app-pages-browser)/../../node_modules/.pnpm/next@15.5.18_@babel+core@7.29.7_react-dom@19.2.6_react@19.2.6__react@19.2.6/node_modules/next/dist/client/dev/hot-reloader/app/hot-reloader-app.js:196
[  278816ms] [LOG] [Fast Refresh] done in 45ms @ webpack-internal:///(app-pages-browser)/../../node_modules/.pnpm/next@15.5.18_@babel+core@7.29.7_react-dom@19.2.6_react@19.2.6__react@19.2.6/node_modules/next/dist/client/dev/report-hmr-latency.js:13
[  278821ms] [LOG] [Fast Refresh] rebuilding @ webpack-internal:///(app-pages-browser)/../../node_modules/.pnpm/next@15.5.18_@babel+core@7.29.7_react-dom@19.2.6_react@19.2.6__react@19.2.6/node_modules/next/dist/client/dev/hot-reloader/app/hot-reloader-app.js:196
[  278866ms] [LOG] [Fast Refresh] done in 45ms @ webpack-internal:///(app-pages-browser)/../../node_modules/.pnpm/next@15.5.18_@babel+core@7.29.7_react-dom@19.2.6_react@19.2.6__react@19.2.6/node_modules/next/dist/client/dev/report-hmr-latency.js:13
[  278872ms] [LOG] [Fast Refresh] rebuilding @ webpack-internal:///(app-pages-browser)/../../node_modules/.pnpm/next@15.5.18_@babel+core@7.29.7_react-dom@19.2.6_react@19.2.6__react@19.2.6/node_modules/next/dist/client/dev/hot-reloader/app/hot-reloader-app.js:196
[  278918ms] [LOG] [Fast Refresh] done in 47ms @ webpack-internal:///(app-pages-browser)/../../node_modules/.pnpm/next@15.5.18_@babel+core@7.29.7_react-dom@19.2.6_react@19.2.6__react@19.2.6/node_modules/next/dist/client/dev/report-hmr-latency.js:13
[  278922ms] [LOG] [Fast Refresh] rebuilding @ webpack-internal:///(app-pages-browser)/../../node_modules/.pnpm/next@15.5.18_@babel+core@7.29.7_react-dom@19.2.6_react@19.2.6__react@19.2.6/node_modules/next/dist/client/dev/hot-reloader/app/hot-reloader-app.js:196
[  278969ms] [LOG] [Fast Refresh] done in 47ms @ webpack-internal:///(app-pages-browser)/../../node_modules/.pnpm/next@15.5.18_@babel+core@7.29.7_react-dom@19.2.6_react@19.2.6__react@19.2.6/node_modules/next/dist/client/dev/report-hmr-latency.js:13
[  278972ms] [LOG] [Fast Refresh] rebuilding @ webpack-internal:///(app-pages-browser)/../../node_modules/.pnpm/next@15.5.18_@babel+core@7.29.7_react-dom@19.2.6_react@19.2.6__react@19.2.6/node_modules/next/dist/client/dev/hot-reloader/app/hot-reloader-app.js:196
[  279016ms] [LOG] [Fast Refresh] done in 44ms @ webpack-internal:///(app-pages-browser)/../../node_modules/.pnpm/next@15.5.18_@babel+core@7.29.7_react-dom@19.2.6_react@19.2.6__react@19.2.6/node_modules/next/dist/client/dev/report-hmr-latency.js:13
[  279022ms] [LOG] [Fast Refresh] rebuilding @ webpack-internal:///(app-pages-browser)/../../node_modules/.pnpm/next@15.5.18_@babel+core@7.29.7_react-dom@19.2.6_react@19.2.6__react@19.2.6/node_modules/next/dist/client/dev/hot-reloader/app/hot-reloader-app.js:196
[  279066ms] [LOG] [Fast Refresh] done in 44ms @ webpack-internal:///(app-pages-browser)/../../node_modules/.pnpm/next@15.5.18_@babel+core@7.29.7_react-dom@19.2.6_react@19.2.6__react@19.2.6/node_modules/next/dist/client/dev/report-hmr-latency.js:13
[  279072ms] [LOG] [Fast Refresh] rebuilding @ webpack-internal:///(app-pages-browser)/../../node_modules/.pnpm/next@15.5.18_@babel+core@7.29.7_react-dom@19.2.6_react@19.2.6__react@19.2.6/node_modules/next/dist/client/dev/hot-reloader/app/hot-reloader-app.js:196
[  279118ms] [LOG] [Fast Refresh] done in 45ms @ webpack-internal:///(app-pages-browser)/../../node_modules/.pnpm/next@15.5.18_@babel+core@7.29.7_react-dom@19.2.6_react@19.2.6__react@19.2.6/node_modules/next/dist/client/dev/report-hmr-latency.js:13
[  279123ms] [LOG] [Fast Refresh] rebuilding @ webpack-internal:///(app-pages-browser)/../../node_modules/.pnpm/next@15.5.18_@babel+core@7.29.7_react-dom@19.2.6_react@19.2.6__react@19.2.6/node_modules/next/dist/client/dev/hot-reloader/app/hot-reloader-app.js:196
[  279168ms] [LOG] [Fast Refresh] done in 45ms @ webpack-internal:///(app-pages-browser)/../../node_modules/.pnpm/next@15.5.18_@babel+core@7.29.7_react-dom@19.2.6_react@19.2.6__react@19.2.6/node_modules/next/dist/client/dev/report-hmr-latency.js:13
[  279173ms] [LOG] [Fast Refresh] rebuilding @ webpack-internal:///(app-pages-browser)/../../node_modules/.pnpm/next@15.5.18_@babel+core@7.29.7_react-dom@19.2.6_react@19.2.6__react@19.2.6/node_modules/next/dist/client/dev/hot-reloader/app/hot-reloader-app.js:196
[  279218ms] [LOG] [Fast Refresh] done in 46ms @ webpack-internal:///(app-pages-browser)/../../node_modules/.pnpm/next@15.5.18_@babel+core@7.29.7_react-dom@19.2.6_react@19.2.6__react@19.2.6/node_modules/next/dist/client/dev/report-hmr-latency.js:13
[  279223ms] [LOG] [Fast Refresh] rebuilding @ webpack-internal:///(app-pages-browser)/../../node_modules/.pnpm/next@15.5.18_@babel+core@7.29.7_react-dom@19.2.6_react@19.2.6__react@19.2.6/node_modules/next/dist/client/dev/hot-reloader/app/hot-reloader-app.js:196
[  279269ms] [LOG] [Fast Refresh] done in 45ms @ webpack-internal:///(app-pages-browser)/../../node_modules/.pnpm/next@15.5.18_@babel+core@7.29.7_react-dom@19.2.6_react@19.2.6__react@19.2.6/node_modules/next/dist/client/dev/report-hmr-latency.js:13
[  279274ms] [LOG] [Fast Refresh] rebuilding @ webpack-internal:///(app-pages-browser)/../../node_modules/.pnpm/next@15.5.18_@babel+core@7.29.7_react-dom@19.2.6_react@19.2.6__react@19.2.6/node_modules/next/dist/client/dev/hot-reloader/app/hot-reloader-app.js:196
[  279319ms] [LOG] [Fast Refresh] done in 46ms @ webpack-internal:///(app-pages-browser)/../../node_modules/.pnpm/next@15.5.18_@babel+core@7.29.7_react-dom@19.2.6_react@19.2.6__react@19.2.6/node_modules/next/dist/client/dev/report-hmr-latency.js:13
[  279325ms] [LOG] [Fast Refresh] rebuilding @ webpack-internal:///(app-pages-browser)/../../node_modules/.pnpm/next@15.5.18_@babel+core@7.29.7_react-dom@19.2.6_react@19.2.6__react@19.2.6/node_modules/next/dist/client/dev/hot-reloader/app/hot-reloader-app.js:196
[  279370ms] [LOG] [Fast Refresh] done in 45ms @ webpack-internal:///(app-pages-browser)/../../node_modules/.pnpm/next@15.5.18_@babel+core@7.29.7_react-dom@19.2.6_react@19.2.6__react@19.2.6/node_modules/next/dist/client/dev/report-hmr-latency.js:13
[  279375ms] [LOG] [Fast Refresh] rebuilding @ webpack-internal:///(app-pages-browser)/../../node_modules/.pnpm/next@15.5.18_@babel+core@7.29.7_react-dom@19.2.6_react@19.2.6__react@19.2.6/node_modules/next/dist/client/dev/hot-reloader/app/hot-reloader-app.js:196
[  279417ms] [LOG] [Fast Refresh] done in 43ms @ webpack-internal:///(app-pages-browser)/../../node_modules/.pnpm/next@15.5.18_@babel+core@7.29.7_react-dom@19.2.6_react@19.2.6__react@19.2.6/node_modules/next/dist/client/dev/report-hmr-latency.js:13
[  279425ms] [LOG] [Fast Refresh] rebuilding @ webpack-internal:///(app-pages-browser)/../../node_modules/.pnpm/next@15.5.18_@babel+core@7.29.7_react-dom@19.2.6_react@19.2.6__react@19.2.6/node_modules/next/dist/client/dev/hot-reloader/app/hot-reloader-app.js:196
[  279471ms] [LOG] [Fast Refresh] done in 46ms @ webpack-internal:///(app-pages-browser)/../../node_modules/.pnpm/next@15.5.18_@babel+core@7.29.7_react-dom@19.2.6_react@19.2.6__react@19.2.6/node_modules/next/dist/client/dev/report-hmr-latency.js:13
[  279475ms] [LOG] [Fast Refresh] rebuilding @ webpack-internal:///(app-pages-browser)/../../node_modules/.pnpm/next@15.5.18_@babel+core@7.29.7_react-dom@19.2.6_react@19.2.6__react@19.2.6/node_modules/next/dist/client/dev/hot-reloader/app/hot-reloader-app.js:196
[  279526ms] [LOG] [Fast Refresh] rebuilding @ webpack-internal:///(app-pages-browser)/../../node_modules/.pnpm/next@15.5.18_@babel+core@7.29.7_react-dom@19.2.6_react@19.2.6__react@19.2.6/node_modules/next/dist/client/dev/hot-reloader/app/hot-reloader-app.js:196
[  279527ms] [LOG] [Fast Refresh] done in 0ms @ webpack-internal:///(app-pages-browser)/../../node_modules/.pnpm/next@15.5.18_@babel+core@7.29.7_react-dom@19.2.6_react@19.2.6__react@19.2.6/node_modules/next/dist/client/dev/report-hmr-latency.js:13
[  279593ms] [LOG] [Fast Refresh] rebuilding @ webpack-internal:///(app-pages-browser)/../../node_modules/.pnpm/next@15.5.18_@babel+core@7.29.7_react-dom@19.2.6_react@19.2.6__react@19.2.6/node_modules/next/dist/client/dev/hot-reloader/app/hot-reloader-app.js:196
[  279596ms] [LOG] [Fast Refresh] done in 3ms @ webpack-internal:///(app-pages-browser)/../../node_modules/.pnpm/next@15.5.18_@babel+core@7.29.7_react-dom@19.2.6_react@19.2.6__react@19.2.6/node_modules/next/dist/client/dev/report-hmr-latency.js:13
[  279634ms] [LOG] [Fast Refresh] rebuilding @ webpack-internal:///(app-pages-browser)/../../node_modules/.pnpm/next@15.5.18_@babel+core@7.29.7_react-dom@19.2.6_react@19.2.6__react@19.2.6/node_modules/next/dist/client/dev/hot-reloader/app/hot-reloader-app.js:196
[  279637ms] [LOG] [Fast Refresh] done in 2ms @ webpack-internal:///(app-pages-browser)/../../node_modules/.pnpm/next@15.5.18_@babel+core@7.29.7_react-dom@19.2.6_react@19.2.6__react@19.2.6/node_modules/next/dist/client/dev/report-hmr-latency.js:13
[  279679ms] [LOG] [Fast Refresh] rebuilding @ webpack-internal:///(app-pages-browser)/../../node_modules/.pnpm/next@15.5.18_@babel+core@7.29.7_react-dom@19.2.6_react@19.2.6__react@19.2.6/node_modules/next/dist/client/dev/hot-reloader/app/hot-reloader-app.js:196
[  279680ms] [LOG] [Fast Refresh] done in 2ms @ webpack-internal:///(app-pages-browser)/../../node_modules/.pnpm/next@15.5.18_@babel+core@7.29.7_react-dom@19.2.6_react@19.2.6__react@19.2.6/node_modules/next/dist/client/dev/report-hmr-latency.js:13
[  279724ms] [LOG] [Fast Refresh] done in 45ms @ webpack-internal:///(app-pages-browser)/../../node_modules/.pnpm/next@15.5.18_@babel+core@7.29.7_react-dom@19.2.6_react@19.2.6__react@19.2.6/node_modules/next/dist/client/dev/report-hmr-latency.js:13
[  279729ms] [LOG] [Fast Refresh] rebuilding @ webpack-internal:///(app-pages-browser)/../../node_modules/.pnpm/next@15.5.18_@babel+core@7.29.7_react-dom@19.2.6_react@19.2.6__react@19.2.6/node_modules/next/dist/client/dev/hot-reloader/app/hot-reloader-app.js:196
[  279773ms] [LOG] [Fast Refresh] done in 43ms @ webpack-internal:///(app-pages-browser)/../../node_modules/.pnpm/next@15.5.18_@babel+core@7.29.7_react-dom@19.2.6_react@19.2.6__react@19.2.6/node_modules/next/dist/client/dev/report-hmr-latency.js:13
[  279779ms] [LOG] [Fast Refresh] rebuilding @ webpack-internal:///(app-pages-browser)/../../node_modules/.pnpm/next@15.5.18_@babel+core@7.29.7_react-dom@19.2.6_react@19.2.6__react@19.2.6/node_modules/next/dist/client/dev/hot-reloader/app/hot-reloader-app.js:196
[  279824ms] [LOG] [Fast Refresh] done in 44ms @ webpack-internal:///(app-pages-browser)/../../node_modules/.pnpm/next@15.5.18_@babel+core@7.29.7_react-dom@19.2.6_react@19.2.6__react@19.2.6/node_modules/next/dist/client/dev/report-hmr-latency.js:13
[  279830ms] [LOG] [Fast Refresh] rebuilding @ webpack-internal:///(app-pages-browser)/../../node_modules/.pnpm/next@15.5.18_@babel+core@7.29.7_react-dom@19.2.6_react@19.2.6__react@19.2.6/node_modules/next/dist/client/dev/hot-reloader/app/hot-reloader-app.js:196
[  279874ms] [LOG] [Fast Refresh] done in 45ms @ webpack-internal:///(app-pages-browser)/../../node_modules/.pnpm/next@15.5.18_@babel+core@7.29.7_react-dom@19.2.6_react@19.2.6__react@19.2.6/node_modules/next/dist/client/dev/report-hmr-latency.js:13
[  279880ms] [LOG] [Fast Refresh] rebuilding @ webpack-internal:///(app-pages-browser)/../../node_modules/.pnpm/next@15.5.18_@babel+core@7.29.7_react-dom@19.2.6_react@19.2.6__react@19.2.6/node_modules/next/dist/client/dev/hot-reloader/app/hot-reloader-app.js:196
[  279924ms] [LOG] [Fast Refresh] done in 44ms @ webpack-internal:///(app-pages-browser)/../../node_modules/.pnpm/next@15.5.18_@babel+core@7.29.7_react-dom@19.2.6_react@19.2.6__react@19.2.6/node_modules/next/dist/client/dev/report-hmr-latency.js:13
[  279930ms] [LOG] [Fast Refresh] rebuilding @ webpack-internal:///(app-pages-browser)/../../node_modules/.pnpm/next@15.5.18_@babel+core@7.29.7_react-dom@19.2.6_react@19.2.6__react@19.2.6/node_modules/next/dist/client/dev/hot-reloader/app/hot-reloader-app.js:196
[  279971ms] [LOG] [Fast Refresh] done in 41ms @ webpack-internal:///(app-pages-browser)/../../node_modules/.pnpm/next@15.5.18_@babel+core@7.29.7_react-dom@19.2.6_react@19.2.6__react@19.2.6/node_modules/next/dist/client/dev/report-hmr-latency.js:13
[  279981ms] [LOG] [Fast Refresh] rebuilding @ webpack-internal:///(app-pages-browser)/../../node_modules/.pnpm/next@15.5.18_@babel+core@7.29.7_react-dom@19.2.6_react@19.2.6__react@19.2.6/node_modules/next/dist/client/dev/hot-reloader/app/hot-reloader-app.js:196
[  280028ms] [LOG] [Fast Refresh] done in 46ms @ webpack-internal:///(app-pages-browser)/../../node_modules/.pnpm/next@15.5.18_@babel+core@7.29.7_react-dom@19.2.6_react@19.2.6__react@19.2.6/node_modules/next/dist/client/dev/report-hmr-latency.js:13
[  280031ms] [LOG] [Fast Refresh] rebuilding @ webpack-internal:///(app-pages-browser)/../../node_modules/.pnpm/next@15.5.18_@babel+core@7.29.7_react-dom@19.2.6_react@19.2.6__react@19.2.6/node_modules/next/dist/client/dev/hot-reloader/app/hot-reloader-app.js:196
[  280080ms] [LOG] [Fast Refresh] done in 50ms @ webpack-internal:///(app-pages-browser)/../../node_modules/.pnpm/next@15.5.18_@babel+core@7.29.7_react-dom@19.2.6_react@19.2.6__react@19.2.6/node_modules/next/dist/client/dev/report-hmr-latency.js:13
[  280081ms] [LOG] [Fast Refresh] rebuilding @ webpack-internal:///(app-pages-browser)/../../node_modules/.pnpm/next@15.5.18_@babel+core@7.29.7_react-dom@19.2.6_react@19.2.6__react@19.2.6/node_modules/next/dist/client/dev/hot-reloader/app/hot-reloader-app.js:196
[  280124ms] [LOG] [Fast Refresh] done in 44ms @ webpack-internal:///(app-pages-browser)/../../node_modules/.pnpm/next@15.5.18_@babel+core@7.29.7_react-dom@19.2.6_react@19.2.6__react@19.2.6/node_modules/next/dist/client/dev/report-hmr-latency.js:13
[  280132ms] [LOG] [Fast Refresh] rebuilding @ webpack-internal:///(app-pages-browser)/../../node_modules/.pnpm/next@15.5.18_@babel+core@7.29.7_react-dom@19.2.6_react@19.2.6__react@19.2.6/node_modules/next/dist/client/dev/hot-reloader/app/hot-reloader-app.js:196
[  280174ms] [LOG] [Fast Refresh] done in 43ms @ webpack-internal:///(app-pages-browser)/../../node_modules/.pnpm/next@15.5.18_@babel+core@7.29.7_react-dom@19.2.6_react@19.2.6__react@19.2.6/node_modules/next/dist/client/dev/report-hmr-latency.js:13
[  280181ms] [LOG] [Fast Refresh] rebuilding @ webpack-internal:///(app-pages-browser)/../../node_modules/.pnpm/next@15.5.18_@babel+core@7.29.7_react-dom@19.2.6_react@19.2.6__react@19.2.6/node_modules/next/dist/client/dev/hot-reloader/app/hot-reloader-app.js:196
[  280226ms] [LOG] [Fast Refresh] done in 44ms @ webpack-internal:///(app-pages-browser)/../../node_modules/.pnpm/next@15.5.18_@babel+core@7.29.7_react-dom@19.2.6_react@19.2.6__react@19.2.6/node_modules/next/dist/client/dev/report-hmr-latency.js:13
[  280231ms] [LOG] [Fast Refresh] rebuilding @ webpack-internal:///(app-pages-browser)/../../node_modules/.pnpm/next@15.5.18_@babel+core@7.29.7_react-dom@19.2.6_react@19.2.6__react@19.2.6/node_modules/next/dist/client/dev/hot-reloader/app/hot-reloader-app.js:196
[  280276ms] [LOG] [Fast Refresh] done in 45ms @ webpack-internal:///(app-pages-browser)/../../node_modules/.pnpm/next@15.5.18_@babel+core@7.29.7_react-dom@19.2.6_react@19.2.6__react@19.2.6/node_modules/next/dist/client/dev/report-hmr-latency.js:13
[  280282ms] [LOG] [Fast Refresh] rebuilding @ webpack-internal:///(app-pages-browser)/../../node_modules/.pnpm/next@15.5.18_@babel+core@7.29.7_react-dom@19.2.6_react@19.2.6__react@19.2.6/node_modules/next/dist/client/dev/hot-reloader/app/hot-reloader-app.js:196
[  280329ms] [LOG] [Fast Refresh] done in 47ms @ webpack-internal:///(app-pages-browser)/../../node_modules/.pnpm/next@15.5.18_@babel+core@7.29.7_react-dom@19.2.6_react@19.2.6__react@19.2.6/node_modules/next/dist/client/dev/report-hmr-latency.js:13
[  280332ms] [LOG] [Fast Refresh] rebuilding @ webpack-internal:///(app-pages-browser)/../../node_modules/.pnpm/next@15.5.18_@babel+core@7.29.7_react-dom@19.2.6_react@19.2.6__react@19.2.6/node_modules/next/dist/client/dev/hot-reloader/app/hot-reloader-app.js:196
[  280374ms] [LOG] [Fast Refresh] done in 43ms @ webpack-internal:///(app-pages-browser)/../../node_modules/.pnpm/next@15.5.18_@babel+core@7.29.7_react-dom@19.2.6_react@19.2.6__react@19.2.6/node_modules/next/dist/client/dev/report-hmr-latency.js:13
[  280382ms] [LOG] [Fast Refresh] rebuilding @ webpack-internal:///(app-pages-browser)/../../node_modules/.pnpm/next@15.5.18_@babel+core@7.29.7_react-dom@19.2.6_react@19.2.6__react@19.2.6/node_modules/next/dist/client/dev/hot-reloader/app/hot-reloader-app.js:196
[  280425ms] [LOG] [Fast Refresh] done in 43ms @ webpack-internal:///(app-pages-browser)/../../node_modules/.pnpm/next@15.5.18_@babel+core@7.29.7_react-dom@19.2.6_react@19.2.6__react@19.2.6/node_modules/next/dist/client/dev/report-hmr-latency.js:13
[  280432ms] [LOG] [Fast Refresh] rebuilding @ webpack-internal:///(app-pages-browser)/../../node_modules/.pnpm/next@15.5.18_@babel+core@7.29.7_react-dom@19.2.6_react@19.2.6__react@19.2.6/node_modules/next/dist/client/dev/hot-reloader/app/hot-reloader-app.js:196
[  280477ms] [LOG] [Fast Refresh] done in 45ms @ webpack-internal:///(app-pages-browser)/../../node_modules/.pnpm/next@15.5.18_@babel+core@7.29.7_react-dom@19.2.6_react@19.2.6__react@19.2.6/node_modules/next/dist/client/dev/report-hmr-latency.js:13
[  280483ms] [LOG] [Fast Refresh] rebuilding @ webpack-internal:///(app-pages-browser)/../../node_modules/.pnpm/next@15.5.18_@babel+core@7.29.7_react-dom@19.2.6_react@19.2.6__react@19.2.6/node_modules/next/dist/client/dev/hot-reloader/app/hot-reloader-app.js:196
[  280527ms] [LOG] [Fast Refresh] done in 45ms @ webpack-internal:///(app-pages-browser)/../../node_modules/.pnpm/next@15.5.18_@babel+core@7.29.7_react-dom@19.2.6_react@19.2.6__react@19.2.6/node_modules/next/dist/client/dev/report-hmr-latency.js:13
[  280533ms] [LOG] [Fast Refresh] rebuilding @ webpack-internal:///(app-pages-browser)/../../node_modules/.pnpm/next@15.5.18_@babel+core@7.29.7_react-dom@19.2.6_react@19.2.6__react@19.2.6/node_modules/next/dist/client/dev/hot-reloader/app/hot-reloader-app.js:196
[  280577ms] [LOG] [Fast Refresh] done in 44ms @ webpack-internal:///(app-pages-browser)/../../node_modules/.pnpm/next@15.5.18_@babel+core@7.29.7_react-dom@19.2.6_react@19.2.6__react@19.2.6/node_modules/next/dist/client/dev/report-hmr-latency.js:13
[  280583ms] [LOG] [Fast Refresh] rebuilding @ webpack-internal:///(app-pages-browser)/../../node_modules/.pnpm/next@15.5.18_@babel+core@7.29.7_react-dom@19.2.6_react@19.2.6__react@19.2.6/node_modules/next/dist/client/dev/hot-reloader/app/hot-reloader-app.js:196
[  280630ms] [LOG] [Fast Refresh] done in 47ms @ webpack-internal:///(app-pages-browser)/../../node_modules/.pnpm/next@15.5.18_@babel+core@7.29.7_react-dom@19.2.6_react@19.2.6__react@19.2.6/node_modules/next/dist/client/dev/report-hmr-latency.js:13
[  280633ms] [LOG] [Fast Refresh] rebuilding @ webpack-internal:///(app-pages-browser)/../../node_modules/.pnpm/next@15.5.18_@babel+core@7.29.7_react-dom@19.2.6_react@19.2.6__react@19.2.6/node_modules/next/dist/client/dev/hot-reloader/app/hot-reloader-app.js:196
[  280683ms] [LOG] [Fast Refresh] done in 50ms @ webpack-internal:///(app-pages-browser)/../../node_modules/.pnpm/next@15.5.18_@babel+core@7.29.7_react-dom@19.2.6_react@19.2.6__react@19.2.6/node_modules/next/dist/client/dev/report-hmr-latency.js:13
[  280684ms] [LOG] [Fast Refresh] rebuilding @ webpack-internal:///(app-pages-browser)/../../node_modules/.pnpm/next@15.5.18_@babel+core@7.29.7_react-dom@19.2.6_react@19.2.6__react@19.2.6/node_modules/next/dist/client/dev/hot-reloader/app/hot-reloader-app.js:196
[  280762ms] [LOG] [Fast Refresh] rebuilding @ webpack-internal:///(app-pages-browser)/../../node_modules/.pnpm/next@15.5.18_@babel+core@7.29.7_react-dom@19.2.6_react@19.2.6__react@19.2.6/node_modules/next/dist/client/dev/hot-reloader/app/hot-reloader-app.js:196
[  280765ms] [LOG] [Fast Refresh] done in 3ms @ webpack-internal:///(app-pages-browser)/../../node_modules/.pnpm/next@15.5.18_@babel+core@7.29.7_react-dom@19.2.6_react@19.2.6__react@19.2.6/node_modules/next/dist/client/dev/report-hmr-latency.js:13
[  280806ms] [LOG] [Fast Refresh] rebuilding @ webpack-internal:///(app-pages-browser)/../../node_modules/.pnpm/next@15.5.18_@babel+core@7.29.7_react-dom@19.2.6_react@19.2.6__react@19.2.6/node_modules/next/dist/client/dev/hot-reloader/app/hot-reloader-app.js:196
[  280809ms] [LOG] [Fast Refresh] done in 2ms @ webpack-internal:///(app-pages-browser)/../../node_modules/.pnpm/next@15.5.18_@babel+core@7.29.7_react-dom@19.2.6_react@19.2.6__react@19.2.6/node_modules/next/dist/client/dev/report-hmr-latency.js:13
[  280849ms] [LOG] [Fast Refresh] rebuilding @ webpack-internal:///(app-pages-browser)/../../node_modules/.pnpm/next@15.5.18_@babel+core@7.29.7_react-dom@19.2.6_react@19.2.6__react@19.2.6/node_modules/next/dist/client/dev/hot-reloader/app/hot-reloader-app.js:196
[  280852ms] [LOG] [Fast Refresh] done in 3ms @ webpack-internal:///(app-pages-browser)/../../node_modules/.pnpm/next@15.5.18_@babel+core@7.29.7_react-dom@19.2.6_react@19.2.6__react@19.2.6/node_modules/next/dist/client/dev/report-hmr-latency.js:13
[  280894ms] [LOG] [Fast Refresh] rebuilding @ webpack-internal:///(app-pages-browser)/../../node_modules/.pnpm/next@15.5.18_@babel+core@7.29.7_react-dom@19.2.6_react@19.2.6__react@19.2.6/node_modules/next/dist/client/dev/hot-reloader/app/hot-reloader-app.js:196
[  280897ms] [LOG] [Fast Refresh] done in 2ms @ webpack-internal:///(app-pages-browser)/../../node_modules/.pnpm/next@15.5.18_@babel+core@7.29.7_react-dom@19.2.6_react@19.2.6__react@19.2.6/node_modules/next/dist/client/dev/report-hmr-latency.js:13
[  280938ms] [LOG] [Fast Refresh] rebuilding @ webpack-internal:///(app-pages-browser)/../../node_modules/.pnpm/next@15.5.18_@babel+core@7.29.7_react-dom@19.2.6_react@19.2.6__react@19.2.6/node_modules/next/dist/client/dev/hot-reloader/app/hot-reloader-app.js:196
[  280940ms] [LOG] [Fast Refresh] done in 2ms @ webpack-internal:///(app-pages-browser)/../../node_modules/.pnpm/next@15.5.18_@babel+core@7.29.7_react-dom@19.2.6_react@19.2.6__react@19.2.6/node_modules/next/dist/client/dev/report-hmr-latency.js:13
[  280982ms] [LOG] [Fast Refresh] done in 44ms @ webpack-internal:///(app-pages-browser)/../../node_modules/.pnpm/next@15.5.18_@babel+core@7.29.7_react-dom@19.2.6_react@19.2.6__react@19.2.6/node_modules/next/dist/client/dev/report-hmr-latency.js:13
[  280987ms] [LOG] [Fast Refresh] rebuilding @ webpack-internal:///(app-pages-browser)/../../node_modules/.pnpm/next@15.5.18_@babel+core@7.29.7_react-dom@19.2.6_react@19.2.6__react@19.2.6/node_modules/next/dist/client/dev/hot-reloader/app/hot-reloader-app.js:196
[  281031ms] [LOG] [Fast Refresh] done in 45ms @ webpack-internal:///(app-pages-browser)/../../node_modules/.pnpm/next@15.5.18_@babel+core@7.29.7_react-dom@19.2.6_react@19.2.6__react@19.2.6/node_modules/next/dist/client/dev/report-hmr-latency.js:13
[  281036ms] [LOG] [Fast Refresh] rebuilding @ webpack-internal:///(app-pages-browser)/../../node_modules/.pnpm/next@15.5.18_@babel+core@7.29.7_react-dom@19.2.6_react@19.2.6__react@19.2.6/node_modules/next/dist/client/dev/hot-reloader/app/hot-reloader-app.js:196
[  281081ms] [LOG] [Fast Refresh] done in 45ms @ webpack-internal:///(app-pages-browser)/../../node_modules/.pnpm/next@15.5.18_@babel+core@7.29.7_react-dom@19.2.6_react@19.2.6__react@19.2.6/node_modules/next/dist/client/dev/report-hmr-latency.js:13
[  281087ms] [LOG] [Fast Refresh] rebuilding @ webpack-internal:///(app-pages-browser)/../../node_modules/.pnpm/next@15.5.18_@babel+core@7.29.7_react-dom@19.2.6_react@19.2.6__react@19.2.6/node_modules/next/dist/client/dev/hot-reloader/app/hot-reloader-app.js:196
[  281129ms] [LOG] [Fast Refresh] done in 42ms @ webpack-internal:///(app-pages-browser)/../../node_modules/.pnpm/next@15.5.18_@babel+core@7.29.7_react-dom@19.2.6_react@19.2.6__react@19.2.6/node_modules/next/dist/client/dev/report-hmr-latency.js:13
[  281137ms] [LOG] [Fast Refresh] rebuilding @ webpack-internal:///(app-pages-browser)/../../node_modules/.pnpm/next@15.5.18_@babel+core@7.29.7_react-dom@19.2.6_react@19.2.6__react@19.2.6/node_modules/next/dist/client/dev/hot-reloader/app/hot-reloader-app.js:196
[  281182ms] [LOG] [Fast Refresh] done in 45ms @ webpack-internal:///(app-pages-browser)/../../node_modules/.pnpm/next@15.5.18_@babel+core@7.29.7_react-dom@19.2.6_react@19.2.6__react@19.2.6/node_modules/next/dist/client/dev/report-hmr-latency.js:13
[  281188ms] [LOG] [Fast Refresh] rebuilding @ webpack-internal:///(app-pages-browser)/../../node_modules/.pnpm/next@15.5.18_@babel+core@7.29.7_react-dom@19.2.6_react@19.2.6__react@19.2.6/node_modules/next/dist/client/dev/hot-reloader/app/hot-reloader-app.js:196
[  281238ms] [LOG] [Fast Refresh] rebuilding @ webpack-internal:///(app-pages-browser)/../../node_modules/.pnpm/next@15.5.18_@babel+core@7.29.7_react-dom@19.2.6_react@19.2.6__react@19.2.6/node_modules/next/dist/client/dev/hot-reloader/app/hot-reloader-app.js:196
[  281239ms] [LOG] [Fast Refresh] done in 2ms @ webpack-internal:///(app-pages-browser)/../../node_modules/.pnpm/next@15.5.18_@babel+core@7.29.7_react-dom@19.2.6_react@19.2.6__react@19.2.6/node_modules/next/dist/client/dev/report-hmr-latency.js:13
[  281284ms] [LOG] [Fast Refresh] done in 46ms @ webpack-internal:///(app-pages-browser)/../../node_modules/.pnpm/next@15.5.18_@babel+core@7.29.7_react-dom@19.2.6_react@19.2.6__react@19.2.6/node_modules/next/dist/client/dev/report-hmr-latency.js:13
[  281288ms] [LOG] [Fast Refresh] rebuilding @ webpack-internal:///(app-pages-browser)/../../node_modules/.pnpm/next@15.5.18_@babel+core@7.29.7_react-dom@19.2.6_react@19.2.6__react@19.2.6/node_modules/next/dist/client/dev/hot-reloader/app/hot-reloader-app.js:196
[  281335ms] [LOG] [Fast Refresh] done in 46ms @ webpack-internal:///(app-pages-browser)/../../node_modules/.pnpm/next@15.5.18_@babel+core@7.29.7_react-dom@19.2.6_react@19.2.6__react@19.2.6/node_modules/next/dist/client/dev/report-hmr-latency.js:13
[  281339ms] [LOG] [Fast Refresh] rebuilding @ webpack-internal:///(app-pages-browser)/../../node_modules/.pnpm/next@15.5.18_@babel+core@7.29.7_react-dom@19.2.6_react@19.2.6__react@19.2.6/node_modules/next/dist/client/dev/hot-reloader/app/hot-reloader-app.js:196
[  281385ms] [LOG] [Fast Refresh] done in 47ms @ webpack-internal:///(app-pages-browser)/../../node_modules/.pnpm/next@15.5.18_@babel+core@7.29.7_react-dom@19.2.6_react@19.2.6__react@19.2.6/node_modules/next/dist/client/dev/report-hmr-latency.js:13
[  281389ms] [LOG] [Fast Refresh] rebuilding @ webpack-internal:///(app-pages-browser)/../../node_modules/.pnpm/next@15.5.18_@babel+core@7.29.7_react-dom@19.2.6_react@19.2.6__react@19.2.6/node_modules/next/dist/client/dev/hot-reloader/app/hot-reloader-app.js:196
[  281433ms] [LOG] [Fast Refresh] done in 43ms @ webpack-internal:///(app-pages-browser)/../../node_modules/.pnpm/next@15.5.18_@babel+core@7.29.7_react-dom@19.2.6_react@19.2.6__react@19.2.6/node_modules/next/dist/client/dev/report-hmr-latency.js:13
[  281439ms] [LOG] [Fast Refresh] rebuilding @ webpack-internal:///(app-pages-browser)/../../node_modules/.pnpm/next@15.5.18_@babel+core@7.29.7_react-dom@19.2.6_react@19.2.6__react@19.2.6/node_modules/next/dist/client/dev/hot-reloader/app/hot-reloader-app.js:196
[  281487ms] [LOG] [Fast Refresh] done in 48ms @ webpack-internal:///(app-pages-browser)/../../node_modules/.pnpm/next@15.5.18_@babel+core@7.29.7_react-dom@19.2.6_react@19.2.6__react@19.2.6/node_modules/next/dist/client/dev/report-hmr-latency.js:13
[  281490ms] [LOG] [Fast Refresh] rebuilding @ webpack-internal:///(app-pages-browser)/../../node_modules/.pnpm/next@15.5.18_@babel+core@7.29.7_react-dom@19.2.6_react@19.2.6__react@19.2.6/node_modules/next/dist/client/dev/hot-reloader/app/hot-reloader-app.js:196
[  281535ms] [LOG] [Fast Refresh] done in 45ms @ webpack-internal:///(app-pages-browser)/../../node_modules/.pnpm/next@15.5.18_@babel+core@7.29.7_react-dom@19.2.6_react@19.2.6__react@19.2.6/node_modules/next/dist/client/dev/report-hmr-latency.js:13
[  281540ms] [LOG] [Fast Refresh] rebuilding @ webpack-internal:///(app-pages-browser)/../../node_modules/.pnpm/next@15.5.18_@babel+core@7.29.7_react-dom@19.2.6_react@19.2.6__react@19.2.6/node_modules/next/dist/client/dev/hot-reloader/app/hot-reloader-app.js:196
[  281585ms] [LOG] [Fast Refresh] done in 45ms @ webpack-internal:///(app-pages-browser)/../../node_modules/.pnpm/next@15.5.18_@babel+core@7.29.7_react-dom@19.2.6_react@19.2.6__react@19.2.6/node_modules/next/dist/client/dev/report-hmr-latency.js:13
[  281592ms] [LOG] [Fast Refresh] rebuilding @ webpack-internal:///(app-pages-browser)/../../node_modules/.pnpm/next@15.5.18_@babel+core@7.29.7_react-dom@19.2.6_react@19.2.6__react@19.2.6/node_modules/next/dist/client/dev/hot-reloader/app/hot-reloader-app.js:196
[  281639ms] [LOG] [Fast Refresh] done in 46ms @ webpack-internal:///(app-pages-browser)/../../node_modules/.pnpm/next@15.5.18_@babel+core@7.29.7_react-dom@19.2.6_react@19.2.6__react@19.2.6/node_modules/next/dist/client/dev/report-hmr-latency.js:13
[  281640ms] [LOG] [Fast Refresh] rebuilding @ webpack-internal:///(app-pages-browser)/../../node_modules/.pnpm/next@15.5.18_@babel+core@7.29.7_react-dom@19.2.6_react@19.2.6__react@19.2.6/node_modules/next/dist/client/dev/hot-reloader/app/hot-reloader-app.js:196
[  281686ms] [LOG] [Fast Refresh] done in 46ms @ webpack-internal:///(app-pages-browser)/../../node_modules/.pnpm/next@15.5.18_@babel+core@7.29.7_react-dom@19.2.6_react@19.2.6__react@19.2.6/node_modules/next/dist/client/dev/report-hmr-latency.js:13
[  281690ms] [LOG] [Fast Refresh] rebuilding @ webpack-internal:///(app-pages-browser)/../../node_modules/.pnpm/next@15.5.18_@babel+core@7.29.7_react-dom@19.2.6_react@19.2.6__react@19.2.6/node_modules/next/dist/client/dev/hot-reloader/app/hot-reloader-app.js:196
[  281737ms] [LOG] [Fast Refresh] done in 46ms @ webpack-internal:///(app-pages-browser)/../../node_modules/.pnpm/next@15.5.18_@babel+core@7.29.7_react-dom@19.2.6_react@19.2.6__react@19.2.6/node_modules/next/dist/client/dev/report-hmr-latency.js:13
[  281741ms] [LOG] [Fast Refresh] rebuilding @ webpack-internal:///(app-pages-browser)/../../node_modules/.pnpm/next@15.5.18_@babel+core@7.29.7_react-dom@19.2.6_react@19.2.6__react@19.2.6/node_modules/next/dist/client/dev/hot-reloader/app/hot-reloader-app.js:196
[  281788ms] [LOG] [Fast Refresh] done in 47ms @ webpack-internal:///(app-pages-browser)/../../node_modules/.pnpm/next@15.5.18_@babel+core@7.29.7_react-dom@19.2.6_react@19.2.6__react@19.2.6/node_modules/next/dist/client/dev/report-hmr-latency.js:13
[  281791ms] [LOG] [Fast Refresh] rebuilding @ webpack-internal:///(app-pages-browser)/../../node_modules/.pnpm/next@15.5.18_@babel+core@7.29.7_react-dom@19.2.6_react@19.2.6__react@19.2.6/node_modules/next/dist/client/dev/hot-reloader/app/hot-reloader-app.js:196
[  281839ms] [LOG] [Fast Refresh] done in 48ms @ webpack-internal:///(app-pages-browser)/../../node_modules/.pnpm/next@15.5.18_@babel+core@7.29.7_react-dom@19.2.6_react@19.2.6__react@19.2.6/node_modules/next/dist/client/dev/report-hmr-latency.js:13
[  281841ms] [LOG] [Fast Refresh] rebuilding @ webpack-internal:///(app-pages-browser)/../../node_modules/.pnpm/next@15.5.18_@babel+core@7.29.7_react-dom@19.2.6_react@19.2.6__react@19.2.6/node_modules/next/dist/client/dev/hot-reloader/app/hot-reloader-app.js:196
[  281912ms] [LOG] [Fast Refresh] rebuilding @ webpack-internal:///(app-pages-browser)/../../node_modules/.pnpm/next@15.5.18_@babel+core@7.29.7_react-dom@19.2.6_react@19.2.6__react@19.2.6/node_modules/next/dist/client/dev/hot-reloader/app/hot-reloader-app.js:196
[  281914ms] [LOG] [Fast Refresh] done in 3ms @ webpack-internal:///(app-pages-browser)/../../node_modules/.pnpm/next@15.5.18_@babel+core@7.29.7_react-dom@19.2.6_react@19.2.6__react@19.2.6/node_modules/next/dist/client/dev/report-hmr-latency.js:13
[  281955ms] [LOG] [Fast Refresh] rebuilding @ webpack-internal:///(app-pages-browser)/../../node_modules/.pnpm/next@15.5.18_@babel+core@7.29.7_react-dom@19.2.6_react@19.2.6__react@19.2.6/node_modules/next/dist/client/dev/hot-reloader/app/hot-reloader-app.js:196
[  281957ms] [LOG] [Fast Refresh] done in 2ms @ webpack-internal:///(app-pages-browser)/../../node_modules/.pnpm/next@15.5.18_@babel+core@7.29.7_react-dom@19.2.6_react@19.2.6__react@19.2.6/node_modules/next/dist/client/dev/report-hmr-latency.js:13
[  282000ms] [LOG] [Fast Refresh] rebuilding @ webpack-internal:///(app-pages-browser)/../../node_modules/.pnpm/next@15.5.18_@babel+core@7.29.7_react-dom@19.2.6_react@19.2.6__react@19.2.6/node_modules/next/dist/client/dev/hot-reloader/app/hot-reloader-app.js:196
[  282002ms] [LOG] [Fast Refresh] done in 3ms @ webpack-internal:///(app-pages-browser)/../../node_modules/.pnpm/next@15.5.18_@babel+core@7.29.7_react-dom@19.2.6_react@19.2.6__react@19.2.6/node_modules/next/dist/client/dev/report-hmr-latency.js:13
[  282046ms] [LOG] [Fast Refresh] rebuilding @ webpack-internal:///(app-pages-browser)/../../node_modules/.pnpm/next@15.5.18_@babel+core@7.29.7_react-dom@19.2.6_react@19.2.6__react@19.2.6/node_modules/next/dist/client/dev/hot-reloader/app/hot-reloader-app.js:196
[  282048ms] [LOG] [Fast Refresh] done in 2ms @ webpack-internal:///(app-pages-browser)/../../node_modules/.pnpm/next@15.5.18_@babel+core@7.29.7_react-dom@19.2.6_react@19.2.6__react@19.2.6/node_modules/next/dist/client/dev/report-hmr-latency.js:13
[  282088ms] [LOG] [Fast Refresh] done in 42ms @ webpack-internal:///(app-pages-browser)/../../node_modules/.pnpm/next@15.5.18_@babel+core@7.29.7_react-dom@19.2.6_react@19.2.6__react@19.2.6/node_modules/next/dist/client/dev/report-hmr-latency.js:13
[  282094ms] [LOG] [Fast Refresh] rebuilding @ webpack-internal:///(app-pages-browser)/../../node_modules/.pnpm/next@15.5.18_@babel+core@7.29.7_react-dom@19.2.6_react@19.2.6__react@19.2.6/node_modules/next/dist/client/dev/hot-reloader/app/hot-reloader-app.js:196
[  282138ms] [LOG] [Fast Refresh] done in 45ms @ webpack-internal:///(app-pages-browser)/../../node_modules/.pnpm/next@15.5.18_@babel+core@7.29.7_react-dom@19.2.6_react@19.2.6__react@19.2.6/node_modules/next/dist/client/dev/report-hmr-latency.js:13
[  282144ms] [LOG] [Fast Refresh] rebuilding @ webpack-internal:///(app-pages-browser)/../../node_modules/.pnpm/next@15.5.18_@babel+core@7.29.7_react-dom@19.2.6_react@19.2.6__react@19.2.6/node_modules/next/dist/client/dev/hot-reloader/app/hot-reloader-app.js:196
[  282192ms] [LOG] [Fast Refresh] done in 49ms @ webpack-internal:///(app-pages-browser)/../../node_modules/.pnpm/next@15.5.18_@babel+core@7.29.7_react-dom@19.2.6_react@19.2.6__react@19.2.6/node_modules/next/dist/client/dev/report-hmr-latency.js:13
[  282193ms] [LOG] [Fast Refresh] rebuilding @ webpack-internal:///(app-pages-browser)/../../node_modules/.pnpm/next@15.5.18_@babel+core@7.29.7_react-dom@19.2.6_react@19.2.6__react@19.2.6/node_modules/next/dist/client/dev/hot-reloader/app/hot-reloader-app.js:196
[  282243ms] [LOG] [Fast Refresh] done in 49ms @ webpack-internal:///(app-pages-browser)/../../node_modules/.pnpm/next@15.5.18_@babel+core@7.29.7_react-dom@19.2.6_react@19.2.6__react@19.2.6/node_modules/next/dist/client/dev/report-hmr-latency.js:13
[  282243ms] [LOG] [Fast Refresh] rebuilding @ webpack-internal:///(app-pages-browser)/../../node_modules/.pnpm/next@15.5.18_@babel+core@7.29.7_react-dom@19.2.6_react@19.2.6__react@19.2.6/node_modules/next/dist/client/dev/hot-reloader/app/hot-reloader-app.js:196
[  282288ms] [LOG] [Fast Refresh] done in 44ms @ webpack-internal:///(app-pages-browser)/../../node_modules/.pnpm/next@15.5.18_@babel+core@7.29.7_react-dom@19.2.6_react@19.2.6__react@19.2.6/node_modules/next/dist/client/dev/report-hmr-latency.js:13
[  282294ms] [LOG] [Fast Refresh] rebuilding @ webpack-internal:///(app-pages-browser)/../../node_modules/.pnpm/next@15.5.18_@babel+core@7.29.7_react-dom@19.2.6_react@19.2.6__react@19.2.6/node_modules/next/dist/client/dev/hot-reloader/app/hot-reloader-app.js:196
[  282340ms] [LOG] [Fast Refresh] done in 47ms @ webpack-internal:///(app-pages-browser)/../../node_modules/.pnpm/next@15.5.18_@babel+core@7.29.7_react-dom@19.2.6_react@19.2.6__react@19.2.6/node_modules/next/dist/client/dev/report-hmr-latency.js:13
[  282344ms] [LOG] [Fast Refresh] rebuilding @ webpack-internal:///(app-pages-browser)/../../node_modules/.pnpm/next@15.5.18_@babel+core@7.29.7_react-dom@19.2.6_react@19.2.6__react@19.2.6/node_modules/next/dist/client/dev/hot-reloader/app/hot-reloader-app.js:196
[  282392ms] [LOG] [Fast Refresh] done in 47ms @ webpack-internal:///(app-pages-browser)/../../node_modules/.pnpm/next@15.5.18_@babel+core@7.29.7_react-dom@19.2.6_react@19.2.6__react@19.2.6/node_modules/next/dist/client/dev/report-hmr-latency.js:13
[  282395ms] [LOG] [Fast Refresh] rebuilding @ webpack-internal:///(app-pages-browser)/../../node_modules/.pnpm/next@15.5.18_@babel+core@7.29.7_react-dom@19.2.6_react@19.2.6__react@19.2.6/node_modules/next/dist/client/dev/hot-reloader/app/hot-reloader-app.js:196
[  282439ms] [LOG] [Fast Refresh] done in 45ms @ webpack-internal:///(app-pages-browser)/../../node_modules/.pnpm/next@15.5.18_@babel+core@7.29.7_react-dom@19.2.6_react@19.2.6__react@19.2.6/node_modules/next/dist/client/dev/report-hmr-latency.js:13
[  282445ms] [LOG] [Fast Refresh] rebuilding @ webpack-internal:///(app-pages-browser)/../../node_modules/.pnpm/next@15.5.18_@babel+core@7.29.7_react-dom@19.2.6_react@19.2.6__react@19.2.6/node_modules/next/dist/client/dev/hot-reloader/app/hot-reloader-app.js:196
[  282488ms] [LOG] [Fast Refresh] done in 42ms @ webpack-internal:///(app-pages-browser)/../../node_modules/.pnpm/next@15.5.18_@babel+core@7.29.7_react-dom@19.2.6_react@19.2.6__react@19.2.6/node_modules/next/dist/client/dev/report-hmr-latency.js:13
[  282495ms] [LOG] [Fast Refresh] rebuilding @ webpack-internal:///(app-pages-browser)/../../node_modules/.pnpm/next@15.5.18_@babel+core@7.29.7_react-dom@19.2.6_react@19.2.6__react@19.2.6/node_modules/next/dist/client/dev/hot-reloader/app/hot-reloader-app.js:196
[  282539ms] [LOG] [Fast Refresh] done in 44ms @ webpack-internal:///(app-pages-browser)/../../node_modules/.pnpm/next@15.5.18_@babel+core@7.29.7_react-dom@19.2.6_react@19.2.6__react@19.2.6/node_modules/next/dist/client/dev/report-hmr-latency.js:13
[  282545ms] [LOG] [Fast Refresh] rebuilding @ webpack-internal:///(app-pages-browser)/../../node_modules/.pnpm/next@15.5.18_@babel+core@7.29.7_react-dom@19.2.6_react@19.2.6__react@19.2.6/node_modules/next/dist/client/dev/hot-reloader/app/hot-reloader-app.js:196
[  282591ms] [LOG] [Fast Refresh] done in 45ms @ webpack-internal:///(app-pages-browser)/../../node_modules/.pnpm/next@15.5.18_@babel+core@7.29.7_react-dom@19.2.6_react@19.2.6__react@19.2.6/node_modules/next/dist/client/dev/report-hmr-latency.js:13
[  282595ms] [LOG] [Fast Refresh] rebuilding @ webpack-internal:///(app-pages-browser)/../../node_modules/.pnpm/next@15.5.18_@babel+core@7.29.7_react-dom@19.2.6_react@19.2.6__react@19.2.6/node_modules/next/dist/client/dev/hot-reloader/app/hot-reloader-app.js:196
[  282639ms] [LOG] [Fast Refresh] done in 44ms @ webpack-internal:///(app-pages-browser)/../../node_modules/.pnpm/next@15.5.18_@babel+core@7.29.7_react-dom@19.2.6_react@19.2.6__react@19.2.6/node_modules/next/dist/client/dev/report-hmr-latency.js:13
[  282646ms] [LOG] [Fast Refresh] rebuilding @ webpack-internal:///(app-pages-browser)/../../node_modules/.pnpm/next@15.5.18_@babel+core@7.29.7_react-dom@19.2.6_react@19.2.6__react@19.2.6/node_modules/next/dist/client/dev/hot-reloader/app/hot-reloader-app.js:196
[  282692ms] [LOG] [Fast Refresh] done in 46ms @ webpack-internal:///(app-pages-browser)/../../node_modules/.pnpm/next@15.5.18_@babel+core@7.29.7_react-dom@19.2.6_react@19.2.6__react@19.2.6/node_modules/next/dist/client/dev/report-hmr-latency.js:13
[  282696ms] [LOG] [Fast Refresh] rebuilding @ webpack-internal:///(app-pages-browser)/../../node_modules/.pnpm/next@15.5.18_@babel+core@7.29.7_react-dom@19.2.6_react@19.2.6__react@19.2.6/node_modules/next/dist/client/dev/hot-reloader/app/hot-reloader-app.js:196
[  282739ms] [LOG] [Fast Refresh] done in 43ms @ webpack-internal:///(app-pages-browser)/../../node_modules/.pnpm/next@15.5.18_@babel+core@7.29.7_react-dom@19.2.6_react@19.2.6__react@19.2.6/node_modules/next/dist/client/dev/report-hmr-latency.js:13
[  282746ms] [LOG] [Fast Refresh] rebuilding @ webpack-internal:///(app-pages-browser)/../../node_modules/.pnpm/next@15.5.18_@babel+core@7.29.7_react-dom@19.2.6_react@19.2.6__react@19.2.6/node_modules/next/dist/client/dev/hot-reloader/app/hot-reloader-app.js:196
[  282790ms] [LOG] [Fast Refresh] done in 43ms @ webpack-internal:///(app-pages-browser)/../../node_modules/.pnpm/next@15.5.18_@babel+core@7.29.7_react-dom@19.2.6_react@19.2.6__react@19.2.6/node_modules/next/dist/client/dev/report-hmr-latency.js:13
[  282796ms] [LOG] [Fast Refresh] rebuilding @ webpack-internal:///(app-pages-browser)/../../node_modules/.pnpm/next@15.5.18_@babel+core@7.29.7_react-dom@19.2.6_react@19.2.6__react@19.2.6/node_modules/next/dist/client/dev/hot-reloader/app/hot-reloader-app.js:196
[  282840ms] [LOG] [Fast Refresh] done in 43ms @ webpack-internal:///(app-pages-browser)/../../node_modules/.pnpm/next@15.5.18_@babel+core@7.29.7_react-dom@19.2.6_react@19.2.6__react@19.2.6/node_modules/next/dist/client/dev/report-hmr-latency.js:13
[  282847ms] [LOG] [Fast Refresh] rebuilding @ webpack-internal:///(app-pages-browser)/../../node_modules/.pnpm/next@15.5.18_@babel+core@7.29.7_react-dom@19.2.6_react@19.2.6__react@19.2.6/node_modules/next/dist/client/dev/hot-reloader/app/hot-reloader-app.js:196
[  282889ms] [LOG] [Fast Refresh] done in 43ms @ webpack-internal:///(app-pages-browser)/../../node_modules/.pnpm/next@15.5.18_@babel+core@7.29.7_react-dom@19.2.6_react@19.2.6__react@19.2.6/node_modules/next/dist/client/dev/report-hmr-latency.js:13
[  282897ms] [LOG] [Fast Refresh] rebuilding @ webpack-internal:///(app-pages-browser)/../../node_modules/.pnpm/next@15.5.18_@babel+core@7.29.7_react-dom@19.2.6_react@19.2.6__react@19.2.6/node_modules/next/dist/client/dev/hot-reloader/app/hot-reloader-app.js:196
[  282945ms] [LOG] [Fast Refresh] done in 48ms @ webpack-internal:///(app-pages-browser)/../../node_modules/.pnpm/next@15.5.18_@babel+core@7.29.7_react-dom@19.2.6_react@19.2.6__react@19.2.6/node_modules/next/dist/client/dev/report-hmr-latency.js:13
[  282947ms] [LOG] [Fast Refresh] rebuilding @ webpack-internal:///(app-pages-browser)/../../node_modules/.pnpm/next@15.5.18_@babel+core@7.29.7_react-dom@19.2.6_react@19.2.6__react@19.2.6/node_modules/next/dist/client/dev/hot-reloader/app/hot-reloader-app.js:196
[  282996ms] [LOG] [Fast Refresh] done in 50ms @ webpack-internal:///(app-pages-browser)/../../node_modules/.pnpm/next@15.5.18_@babel+core@7.29.7_react-dom@19.2.6_react@19.2.6__react@19.2.6/node_modules/next/dist/client/dev/report-hmr-latency.js:13
[  282997ms] [LOG] [Fast Refresh] rebuilding @ webpack-internal:///(app-pages-browser)/../../node_modules/.pnpm/next@15.5.18_@babel+core@7.29.7_react-dom@19.2.6_react@19.2.6__react@19.2.6/node_modules/next/dist/client/dev/hot-reloader/app/hot-reloader-app.js:196
[  283063ms] [LOG] [Fast Refresh] rebuilding @ webpack-internal:///(app-pages-browser)/../../node_modules/.pnpm/next@15.5.18_@babel+core@7.29.7_react-dom@19.2.6_react@19.2.6__react@19.2.6/node_modules/next/dist/client/dev/hot-reloader/app/hot-reloader-app.js:196
[  283067ms] [LOG] [Fast Refresh] done in 3ms @ webpack-internal:///(app-pages-browser)/../../node_modules/.pnpm/next@15.5.18_@babel+core@7.29.7_react-dom@19.2.6_react@19.2.6__react@19.2.6/node_modules/next/dist/client/dev/report-hmr-latency.js:13
[  283105ms] [LOG] [Fast Refresh] rebuilding @ webpack-internal:///(app-pages-browser)/../../node_modules/.pnpm/next@15.5.18_@babel+core@7.29.7_react-dom@19.2.6_react@19.2.6__react@19.2.6/node_modules/next/dist/client/dev/hot-reloader/app/hot-reloader-app.js:196
[  283107ms] [LOG] [Fast Refresh] done in 2ms @ webpack-internal:///(app-pages-browser)/../../node_modules/.pnpm/next@15.5.18_@babel+core@7.29.7_react-dom@19.2.6_react@19.2.6__react@19.2.6/node_modules/next/dist/client/dev/report-hmr-latency.js:13
[  283148ms] [LOG] [Fast Refresh] done in 43ms @ webpack-internal:///(app-pages-browser)/../../node_modules/.pnpm/next@15.5.18_@babel+core@7.29.7_react-dom@19.2.6_react@19.2.6__react@19.2.6/node_modules/next/dist/client/dev/report-hmr-latency.js:13
[  283149ms] [LOG] [Fast Refresh] rebuilding @ webpack-internal:///(app-pages-browser)/../../node_modules/.pnpm/next@15.5.18_@babel+core@7.29.7_react-dom@19.2.6_react@19.2.6__react@19.2.6/node_modules/next/dist/client/dev/hot-reloader/app/hot-reloader-app.js:196
[  283197ms] [LOG] [Fast Refresh] done in 49ms @ webpack-internal:///(app-pages-browser)/../../node_modules/.pnpm/next@15.5.18_@babel+core@7.29.7_react-dom@19.2.6_react@19.2.6__react@19.2.6/node_modules/next/dist/client/dev/report-hmr-latency.js:13
[  283199ms] [LOG] [Fast Refresh] rebuilding @ webpack-internal:///(app-pages-browser)/../../node_modules/.pnpm/next@15.5.18_@babel+core@7.29.7_react-dom@19.2.6_react@19.2.6__react@19.2.6/node_modules/next/dist/client/dev/hot-reloader/app/hot-reloader-app.js:196
[  283245ms] [LOG] [Fast Refresh] done in 46ms @ webpack-internal:///(app-pages-browser)/../../node_modules/.pnpm/next@15.5.18_@babel+core@7.29.7_react-dom@19.2.6_react@19.2.6__react@19.2.6/node_modules/next/dist/client/dev/report-hmr-latency.js:13
[  283249ms] [LOG] [Fast Refresh] rebuilding @ webpack-internal:///(app-pages-browser)/../../node_modules/.pnpm/next@15.5.18_@babel+core@7.29.7_react-dom@19.2.6_react@19.2.6__react@19.2.6/node_modules/next/dist/client/dev/hot-reloader/app/hot-reloader-app.js:196
[  283294ms] [LOG] [Fast Refresh] done in 44ms @ webpack-internal:///(app-pages-browser)/../../node_modules/.pnpm/next@15.5.18_@babel+core@7.29.7_react-dom@19.2.6_react@19.2.6__react@19.2.6/node_modules/next/dist/client/dev/report-hmr-latency.js:13
[  283300ms] [LOG] [Fast Refresh] rebuilding @ webpack-internal:///(app-pages-browser)/../../node_modules/.pnpm/next@15.5.18_@babel+core@7.29.7_react-dom@19.2.6_react@19.2.6__react@19.2.6/node_modules/next/dist/client/dev/hot-reloader/app/hot-reloader-app.js:196
[  283345ms] [LOG] [Fast Refresh] done in 45ms @ webpack-internal:///(app-pages-browser)/../../node_modules/.pnpm/next@15.5.18_@babel+core@7.29.7_react-dom@19.2.6_react@19.2.6__react@19.2.6/node_modules/next/dist/client/dev/report-hmr-latency.js:13
[  283350ms] [LOG] [Fast Refresh] rebuilding @ webpack-internal:///(app-pages-browser)/../../node_modules/.pnpm/next@15.5.18_@babel+core@7.29.7_react-dom@19.2.6_react@19.2.6__react@19.2.6/node_modules/next/dist/client/dev/hot-reloader/app/hot-reloader-app.js:196
[  283394ms] [LOG] [Fast Refresh] done in 45ms @ webpack-internal:///(app-pages-browser)/../../node_modules/.pnpm/next@15.5.18_@babel+core@7.29.7_react-dom@19.2.6_react@19.2.6__react@19.2.6/node_modules/next/dist/client/dev/report-hmr-latency.js:13
[  283400ms] [LOG] [Fast Refresh] rebuilding @ webpack-internal:///(app-pages-browser)/../../node_modules/.pnpm/next@15.5.18_@babel+core@7.29.7_react-dom@19.2.6_react@19.2.6__react@19.2.6/node_modules/next/dist/client/dev/hot-reloader/app/hot-reloader-app.js:196
[  283443ms] [LOG] [Fast Refresh] done in 42ms @ webpack-internal:///(app-pages-browser)/../../node_modules/.pnpm/next@15.5.18_@babel+core@7.29.7_react-dom@19.2.6_react@19.2.6__react@19.2.6/node_modules/next/dist/client/dev/report-hmr-latency.js:13
[  283450ms] [LOG] [Fast Refresh] rebuilding @ webpack-internal:///(app-pages-browser)/../../node_modules/.pnpm/next@15.5.18_@babel+core@7.29.7_react-dom@19.2.6_react@19.2.6__react@19.2.6/node_modules/next/dist/client/dev/hot-reloader/app/hot-reloader-app.js:196
[  283496ms] [LOG] [Fast Refresh] done in 46ms @ webpack-internal:///(app-pages-browser)/../../node_modules/.pnpm/next@15.5.18_@babel+core@7.29.7_react-dom@19.2.6_react@19.2.6__react@19.2.6/node_modules/next/dist/client/dev/report-hmr-latency.js:13
[  283501ms] [LOG] [Fast Refresh] rebuilding @ webpack-internal:///(app-pages-browser)/../../node_modules/.pnpm/next@15.5.18_@babel+core@7.29.7_react-dom@19.2.6_react@19.2.6__react@19.2.6/node_modules/next/dist/client/dev/hot-reloader/app/hot-reloader-app.js:196
[  283548ms] [LOG] [Fast Refresh] done in 47ms @ webpack-internal:///(app-pages-browser)/../../node_modules/.pnpm/next@15.5.18_@babel+core@7.29.7_react-dom@19.2.6_react@19.2.6__react@19.2.6/node_modules/next/dist/client/dev/report-hmr-latency.js:13
[  283551ms] [LOG] [Fast Refresh] rebuilding @ webpack-internal:///(app-pages-browser)/../../node_modules/.pnpm/next@15.5.18_@babel+core@7.29.7_react-dom@19.2.6_react@19.2.6__react@19.2.6/node_modules/next/dist/client/dev/hot-reloader/app/hot-reloader-app.js:196
[  283598ms] [LOG] [Fast Refresh] done in 46ms @ webpack-internal:///(app-pages-browser)/../../node_modules/.pnpm/next@15.5.18_@babel+core@7.29.7_react-dom@19.2.6_react@19.2.6__react@19.2.6/node_modules/next/dist/client/dev/report-hmr-latency.js:13
[  283601ms] [LOG] [Fast Refresh] rebuilding @ webpack-internal:///(app-pages-browser)/../../node_modules/.pnpm/next@15.5.18_@babel+core@7.29.7_react-dom@19.2.6_react@19.2.6__react@19.2.6/node_modules/next/dist/client/dev/hot-reloader/app/hot-reloader-app.js:196
[  283648ms] [LOG] [Fast Refresh] done in 47ms @ webpack-internal:///(app-pages-browser)/../../node_modules/.pnpm/next@15.5.18_@babel+core@7.29.7_react-dom@19.2.6_react@19.2.6__react@19.2.6/node_modules/next/dist/client/dev/report-hmr-latency.js:13
[  283652ms] [LOG] [Fast Refresh] rebuilding @ webpack-internal:///(app-pages-browser)/../../node_modules/.pnpm/next@15.5.18_@babel+core@7.29.7_react-dom@19.2.6_react@19.2.6__react@19.2.6/node_modules/next/dist/client/dev/hot-reloader/app/hot-reloader-app.js:196
[  283698ms] [LOG] [Fast Refresh] done in 47ms @ webpack-internal:///(app-pages-browser)/../../node_modules/.pnpm/next@15.5.18_@babel+core@7.29.7_react-dom@19.2.6_react@19.2.6__react@19.2.6/node_modules/next/dist/client/dev/report-hmr-latency.js:13
[  283702ms] [LOG] [Fast Refresh] rebuilding @ webpack-internal:///(app-pages-browser)/../../node_modules/.pnpm/next@15.5.18_@babel+core@7.29.7_react-dom@19.2.6_react@19.2.6__react@19.2.6/node_modules/next/dist/client/dev/hot-reloader/app/hot-reloader-app.js:196
[  283748ms] [LOG] [Fast Refresh] done in 46ms @ webpack-internal:///(app-pages-browser)/../../node_modules/.pnpm/next@15.5.18_@babel+core@7.29.7_react-dom@19.2.6_react@19.2.6__react@19.2.6/node_modules/next/dist/client/dev/report-hmr-latency.js:13
[  283752ms] [LOG] [Fast Refresh] rebuilding @ webpack-internal:///(app-pages-browser)/../../node_modules/.pnpm/next@15.5.18_@babel+core@7.29.7_react-dom@19.2.6_react@19.2.6__react@19.2.6/node_modules/next/dist/client/dev/hot-reloader/app/hot-reloader-app.js:196
[  283797ms] [LOG] [Fast Refresh] done in 44ms @ webpack-internal:///(app-pages-browser)/../../node_modules/.pnpm/next@15.5.18_@babel+core@7.29.7_react-dom@19.2.6_react@19.2.6__react@19.2.6/node_modules/next/dist/client/dev/report-hmr-latency.js:13
[  283803ms] [LOG] [Fast Refresh] rebuilding @ webpack-internal:///(app-pages-browser)/../../node_modules/.pnpm/next@15.5.18_@babel+core@7.29.7_react-dom@19.2.6_react@19.2.6__react@19.2.6/node_modules/next/dist/client/dev/hot-reloader/app/hot-reloader-app.js:196
[  283846ms] [LOG] [Fast Refresh] done in 43ms @ webpack-internal:///(app-pages-browser)/../../node_modules/.pnpm/next@15.5.18_@babel+core@7.29.7_react-dom@19.2.6_react@19.2.6__react@19.2.6/node_modules/next/dist/client/dev/report-hmr-latency.js:13
[  283853ms] [LOG] [Fast Refresh] rebuilding @ webpack-internal:///(app-pages-browser)/../../node_modules/.pnpm/next@15.5.18_@babel+core@7.29.7_react-dom@19.2.6_react@19.2.6__react@19.2.6/node_modules/next/dist/client/dev/hot-reloader/app/hot-reloader-app.js:196
[  283898ms] [LOG] [Fast Refresh] done in 45ms @ webpack-internal:///(app-pages-browser)/../../node_modules/.pnpm/next@15.5.18_@babel+core@7.29.7_react-dom@19.2.6_react@19.2.6__react@19.2.6/node_modules/next/dist/client/dev/report-hmr-latency.js:13
[  283903ms] [LOG] [Fast Refresh] rebuilding @ webpack-internal:///(app-pages-browser)/../../node_modules/.pnpm/next@15.5.18_@babel+core@7.29.7_react-dom@19.2.6_react@19.2.6__react@19.2.6/node_modules/next/dist/client/dev/hot-reloader/app/hot-reloader-app.js:196
[  283951ms] [LOG] [Fast Refresh] done in 47ms @ webpack-internal:///(app-pages-browser)/../../node_modules/.pnpm/next@15.5.18_@babel+core@7.29.7_react-dom@19.2.6_react@19.2.6__react@19.2.6/node_modules/next/dist/client/dev/report-hmr-latency.js:13
[  283954ms] [LOG] [Fast Refresh] rebuilding @ webpack-internal:///(app-pages-browser)/../../node_modules/.pnpm/next@15.5.18_@babel+core@7.29.7_react-dom@19.2.6_react@19.2.6__react@19.2.6/node_modules/next/dist/client/dev/hot-reloader/app/hot-reloader-app.js:196
[  283997ms] [LOG] [Fast Refresh] done in 44ms @ webpack-internal:///(app-pages-browser)/../../node_modules/.pnpm/next@15.5.18_@babel+core@7.29.7_react-dom@19.2.6_react@19.2.6__react@19.2.6/node_modules/next/dist/client/dev/report-hmr-latency.js:13
[  284004ms] [LOG] [Fast Refresh] rebuilding @ webpack-internal:///(app-pages-browser)/../../node_modules/.pnpm/next@15.5.18_@babel+core@7.29.7_react-dom@19.2.6_react@19.2.6__react@19.2.6/node_modules/next/dist/client/dev/hot-reloader/app/hot-reloader-app.js:196
[  284051ms] [LOG] [Fast Refresh] done in 48ms @ webpack-internal:///(app-pages-browser)/../../node_modules/.pnpm/next@15.5.18_@babel+core@7.29.7_react-dom@19.2.6_react@19.2.6__react@19.2.6/node_modules/next/dist/client/dev/report-hmr-latency.js:13
[  284054ms] [LOG] [Fast Refresh] rebuilding @ webpack-internal:///(app-pages-browser)/../../node_modules/.pnpm/next@15.5.18_@babel+core@7.29.7_react-dom@19.2.6_react@19.2.6__react@19.2.6/node_modules/next/dist/client/dev/hot-reloader/app/hot-reloader-app.js:196
[  284100ms] [LOG] [Fast Refresh] done in 47ms @ webpack-internal:///(app-pages-browser)/../../node_modules/.pnpm/next@15.5.18_@babel+core@7.29.7_react-dom@19.2.6_react@19.2.6__react@19.2.6/node_modules/next/dist/client/dev/report-hmr-latency.js:13
[  284104ms] [LOG] [Fast Refresh] rebuilding @ webpack-internal:///(app-pages-browser)/../../node_modules/.pnpm/next@15.5.18_@babel+core@7.29.7_react-dom@19.2.6_react@19.2.6__react@19.2.6/node_modules/next/dist/client/dev/hot-reloader/app/hot-reloader-app.js:196
[  284153ms] [LOG] [Fast Refresh] done in 49ms @ webpack-internal:///(app-pages-browser)/../../node_modules/.pnpm/next@15.5.18_@babel+core@7.29.7_react-dom@19.2.6_react@19.2.6__react@19.2.6/node_modules/next/dist/client/dev/report-hmr-latency.js:13
[  284154ms] [LOG] [Fast Refresh] rebuilding @ webpack-internal:///(app-pages-browser)/../../node_modules/.pnpm/next@15.5.18_@babel+core@7.29.7_react-dom@19.2.6_react@19.2.6__react@19.2.6/node_modules/next/dist/client/dev/hot-reloader/app/hot-reloader-app.js:196
[  284218ms] [LOG] [Fast Refresh] rebuilding @ webpack-internal:///(app-pages-browser)/../../node_modules/.pnpm/next@15.5.18_@babel+core@7.29.7_react-dom@19.2.6_react@19.2.6__react@19.2.6/node_modules/next/dist/client/dev/hot-reloader/app/hot-reloader-app.js:196
[  284220ms] [LOG] [Fast Refresh] done in 3ms @ webpack-internal:///(app-pages-browser)/../../node_modules/.pnpm/next@15.5.18_@babel+core@7.29.7_react-dom@19.2.6_react@19.2.6__react@19.2.6/node_modules/next/dist/client/dev/report-hmr-latency.js:13
[  284261ms] [LOG] [Fast Refresh] rebuilding @ webpack-internal:///(app-pages-browser)/../../node_modules/.pnpm/next@15.5.18_@babel+core@7.29.7_react-dom@19.2.6_react@19.2.6__react@19.2.6/node_modules/next/dist/client/dev/hot-reloader/app/hot-reloader-app.js:196
[  284264ms] [LOG] [Fast Refresh] done in 2ms @ webpack-internal:///(app-pages-browser)/../../node_modules/.pnpm/next@15.5.18_@babel+core@7.29.7_react-dom@19.2.6_react@19.2.6__react@19.2.6/node_modules/next/dist/client/dev/report-hmr-latency.js:13
[  284308ms] [LOG] [Fast Refresh] rebuilding @ webpack-internal:///(app-pages-browser)/../../node_modules/.pnpm/next@15.5.18_@babel+core@7.29.7_react-dom@19.2.6_react@19.2.6__react@19.2.6/node_modules/next/dist/client/dev/hot-reloader/app/hot-reloader-app.js:196
[  284310ms] [LOG] [Fast Refresh] done in 2ms @ webpack-internal:///(app-pages-browser)/../../node_modules/.pnpm/next@15.5.18_@babel+core@7.29.7_react-dom@19.2.6_react@19.2.6__react@19.2.6/node_modules/next/dist/client/dev/report-hmr-latency.js:13
[  284354ms] [LOG] [Fast Refresh] done in 46ms @ webpack-internal:///(app-pages-browser)/../../node_modules/.pnpm/next@15.5.18_@babel+core@7.29.7_react-dom@19.2.6_react@19.2.6__react@19.2.6/node_modules/next/dist/client/dev/report-hmr-latency.js:13
[  284357ms] [LOG] [Fast Refresh] rebuilding @ webpack-internal:///(app-pages-browser)/../../node_modules/.pnpm/next@15.5.18_@babel+core@7.29.7_react-dom@19.2.6_react@19.2.6__react@19.2.6/node_modules/next/dist/client/dev/hot-reloader/app/hot-reloader-app.js:196
[  284399ms] [LOG] [Fast Refresh] done in 42ms @ webpack-internal:///(app-pages-browser)/../../node_modules/.pnpm/next@15.5.18_@babel+core@7.29.7_react-dom@19.2.6_react@19.2.6__react@19.2.6/node_modules/next/dist/client/dev/report-hmr-latency.js:13
[  284407ms] [LOG] [Fast Refresh] rebuilding @ webpack-internal:///(app-pages-browser)/../../node_modules/.pnpm/next@15.5.18_@babel+core@7.29.7_react-dom@19.2.6_react@19.2.6__react@19.2.6/node_modules/next/dist/client/dev/hot-reloader/app/hot-reloader-app.js:196
[  284452ms] [LOG] [Fast Refresh] done in 44ms @ webpack-internal:///(app-pages-browser)/../../node_modules/.pnpm/next@15.5.18_@babel+core@7.29.7_react-dom@19.2.6_react@19.2.6__react@19.2.6/node_modules/next/dist/client/dev/report-hmr-latency.js:13
[  284457ms] [LOG] [Fast Refresh] rebuilding @ webpack-internal:///(app-pages-browser)/../../node_modules/.pnpm/next@15.5.18_@babel+core@7.29.7_react-dom@19.2.6_react@19.2.6__react@19.2.6/node_modules/next/dist/client/dev/hot-reloader/app/hot-reloader-app.js:196
[  284505ms] [LOG] [Fast Refresh] done in 47ms @ webpack-internal:///(app-pages-browser)/../../node_modules/.pnpm/next@15.5.18_@babel+core@7.29.7_react-dom@19.2.6_react@19.2.6__react@19.2.6/node_modules/next/dist/client/dev/report-hmr-latency.js:13
[  284507ms] [LOG] [Fast Refresh] rebuilding @ webpack-internal:///(app-pages-browser)/../../node_modules/.pnpm/next@15.5.18_@babel+core@7.29.7_react-dom@19.2.6_react@19.2.6__react@19.2.6/node_modules/next/dist/client/dev/hot-reloader/app/hot-reloader-app.js:196
[  284554ms] [LOG] [Fast Refresh] done in 46ms @ webpack-internal:///(app-pages-browser)/../../node_modules/.pnpm/next@15.5.18_@babel+core@7.29.7_react-dom@19.2.6_react@19.2.6__react@19.2.6/node_modules/next/dist/client/dev/report-hmr-latency.js:13
[  284558ms] [LOG] [Fast Refresh] rebuilding @ webpack-internal:///(app-pages-browser)/../../node_modules/.pnpm/next@15.5.18_@babel+core@7.29.7_react-dom@19.2.6_react@19.2.6__react@19.2.6/node_modules/next/dist/client/dev/hot-reloader/app/hot-reloader-app.js:196
[  284604ms] [LOG] [Fast Refresh] done in 46ms @ webpack-internal:///(app-pages-browser)/../../node_modules/.pnpm/next@15.5.18_@babel+core@7.29.7_react-dom@19.2.6_react@19.2.6__react@19.2.6/node_modules/next/dist/client/dev/report-hmr-latency.js:13
[  284608ms] [LOG] [Fast Refresh] rebuilding @ webpack-internal:///(app-pages-browser)/../../node_modules/.pnpm/next@15.5.18_@babel+core@7.29.7_react-dom@19.2.6_react@19.2.6__react@19.2.6/node_modules/next/dist/client/dev/hot-reloader/app/hot-reloader-app.js:196
[  284654ms] [LOG] [Fast Refresh] done in 45ms @ webpack-internal:///(app-pages-browser)/../../node_modules/.pnpm/next@15.5.18_@babel+core@7.29.7_react-dom@19.2.6_react@19.2.6__react@19.2.6/node_modules/next/dist/client/dev/report-hmr-latency.js:13
[  284658ms] [LOG] [Fast Refresh] rebuilding @ webpack-internal:///(app-pages-browser)/../../node_modules/.pnpm/next@15.5.18_@babel+core@7.29.7_react-dom@19.2.6_react@19.2.6__react@19.2.6/node_modules/next/dist/client/dev/hot-reloader/app/hot-reloader-app.js:196
[  284706ms] [LOG] [Fast Refresh] done in 47ms @ webpack-internal:///(app-pages-browser)/../../node_modules/.pnpm/next@15.5.18_@babel+core@7.29.7_react-dom@19.2.6_react@19.2.6__react@19.2.6/node_modules/next/dist/client/dev/report-hmr-latency.js:13
[  284708ms] [LOG] [Fast Refresh] rebuilding @ webpack-internal:///(app-pages-browser)/../../node_modules/.pnpm/next@15.5.18_@babel+core@7.29.7_react-dom@19.2.6_react@19.2.6__react@19.2.6/node_modules/next/dist/client/dev/hot-reloader/app/hot-reloader-app.js:196
[  284754ms] [LOG] [Fast Refresh] done in 46ms @ webpack-internal:///(app-pages-browser)/../../node_modules/.pnpm/next@15.5.18_@babel+core@7.29.7_react-dom@19.2.6_react@19.2.6__react@19.2.6/node_modules/next/dist/client/dev/report-hmr-latency.js:13
[  284759ms] [LOG] [Fast Refresh] rebuilding @ webpack-internal:///(app-pages-browser)/../../node_modules/.pnpm/next@15.5.18_@babel+core@7.29.7_react-dom@19.2.6_react@19.2.6__react@19.2.6/node_modules/next/dist/client/dev/hot-reloader/app/hot-reloader-app.js:196
[  284802ms] [LOG] [Fast Refresh] done in 43ms @ webpack-internal:///(app-pages-browser)/../../node_modules/.pnpm/next@15.5.18_@babel+core@7.29.7_react-dom@19.2.6_react@19.2.6__react@19.2.6/node_modules/next/dist/client/dev/report-hmr-latency.js:13
[  284809ms] [LOG] [Fast Refresh] rebuilding @ webpack-internal:///(app-pages-browser)/../../node_modules/.pnpm/next@15.5.18_@babel+core@7.29.7_react-dom@19.2.6_react@19.2.6__react@19.2.6/node_modules/next/dist/client/dev/hot-reloader/app/hot-reloader-app.js:196
[  284853ms] [LOG] [Fast Refresh] done in 44ms @ webpack-internal:///(app-pages-browser)/../../node_modules/.pnpm/next@15.5.18_@babel+core@7.29.7_react-dom@19.2.6_react@19.2.6__react@19.2.6/node_modules/next/dist/client/dev/report-hmr-latency.js:13
[  284859ms] [LOG] [Fast Refresh] rebuilding @ webpack-internal:///(app-pages-browser)/../../node_modules/.pnpm/next@15.5.18_@babel+core@7.29.7_react-dom@19.2.6_react@19.2.6__react@19.2.6/node_modules/next/dist/client/dev/hot-reloader/app/hot-reloader-app.js:196
[  284903ms] [LOG] [Fast Refresh] done in 43ms @ webpack-internal:///(app-pages-browser)/../../node_modules/.pnpm/next@15.5.18_@babel+core@7.29.7_react-dom@19.2.6_react@19.2.6__react@19.2.6/node_modules/next/dist/client/dev/report-hmr-latency.js:13
[  284909ms] [LOG] [Fast Refresh] rebuilding @ webpack-internal:///(app-pages-browser)/../../node_modules/.pnpm/next@15.5.18_@babel+core@7.29.7_react-dom@19.2.6_react@19.2.6__react@19.2.6/node_modules/next/dist/client/dev/hot-reloader/app/hot-reloader-app.js:196
[  284954ms] [LOG] [Fast Refresh] done in 45ms @ webpack-internal:///(app-pages-browser)/../../node_modules/.pnpm/next@15.5.18_@babel+core@7.29.7_react-dom@19.2.6_react@19.2.6__react@19.2.6/node_modules/next/dist/client/dev/report-hmr-latency.js:13
[  284959ms] [LOG] [Fast Refresh] rebuilding @ webpack-internal:///(app-pages-browser)/../../node_modules/.pnpm/next@15.5.18_@babel+core@7.29.7_react-dom@19.2.6_react@19.2.6__react@19.2.6/node_modules/next/dist/client/dev/hot-reloader/app/hot-reloader-app.js:196
[  285003ms] [LOG] [Fast Refresh] done in 45ms @ webpack-internal:///(app-pages-browser)/../../node_modules/.pnpm/next@15.5.18_@babel+core@7.29.7_react-dom@19.2.6_react@19.2.6__react@19.2.6/node_modules/next/dist/client/dev/report-hmr-latency.js:13
[  285009ms] [LOG] [Fast Refresh] rebuilding @ webpack-internal:///(app-pages-browser)/../../node_modules/.pnpm/next@15.5.18_@babel+core@7.29.7_react-dom@19.2.6_react@19.2.6__react@19.2.6/node_modules/next/dist/client/dev/hot-reloader/app/hot-reloader-app.js:196
[  285055ms] [LOG] [Fast Refresh] done in 47ms @ webpack-internal:///(app-pages-browser)/../../node_modules/.pnpm/next@15.5.18_@babel+core@7.29.7_react-dom@19.2.6_react@19.2.6__react@19.2.6/node_modules/next/dist/client/dev/report-hmr-latency.js:13
[  285060ms] [LOG] [Fast Refresh] rebuilding @ webpack-internal:///(app-pages-browser)/../../node_modules/.pnpm/next@15.5.18_@babel+core@7.29.7_react-dom@19.2.6_react@19.2.6__react@19.2.6/node_modules/next/dist/client/dev/hot-reloader/app/hot-reloader-app.js:196
[  285105ms] [LOG] [Fast Refresh] done in 46ms @ webpack-internal:///(app-pages-browser)/../../node_modules/.pnpm/next@15.5.18_@babel+core@7.29.7_react-dom@19.2.6_react@19.2.6__react@19.2.6/node_modules/next/dist/client/dev/report-hmr-latency.js:13
[  285110ms] [LOG] [Fast Refresh] rebuilding @ webpack-internal:///(app-pages-browser)/../../node_modules/.pnpm/next@15.5.18_@babel+core@7.29.7_react-dom@19.2.6_react@19.2.6__react@19.2.6/node_modules/next/dist/client/dev/hot-reloader/app/hot-reloader-app.js:196
[  285156ms] [LOG] [Fast Refresh] done in 47ms @ webpack-internal:///(app-pages-browser)/../../node_modules/.pnpm/next@15.5.18_@babel+core@7.29.7_react-dom@19.2.6_react@19.2.6__react@19.2.6/node_modules/next/dist/client/dev/report-hmr-latency.js:13
[  285160ms] [LOG] [Fast Refresh] rebuilding @ webpack-internal:///(app-pages-browser)/../../node_modules/.pnpm/next@15.5.18_@babel+core@7.29.7_react-dom@19.2.6_react@19.2.6__react@19.2.6/node_modules/next/dist/client/dev/hot-reloader/app/hot-reloader-app.js:196
[  285204ms] [LOG] [Fast Refresh] done in 45ms @ webpack-internal:///(app-pages-browser)/../../node_modules/.pnpm/next@15.5.18_@babel+core@7.29.7_react-dom@19.2.6_react@19.2.6__react@19.2.6/node_modules/next/dist/client/dev/report-hmr-latency.js:13
[  285210ms] [LOG] [Fast Refresh] rebuilding @ webpack-internal:///(app-pages-browser)/../../node_modules/.pnpm/next@15.5.18_@babel+core@7.29.7_react-dom@19.2.6_react@19.2.6__react@19.2.6/node_modules/next/dist/client/dev/hot-reloader/app/hot-reloader-app.js:196
[  285256ms] [LOG] [Fast Refresh] done in 46ms @ webpack-internal:///(app-pages-browser)/../../node_modules/.pnpm/next@15.5.18_@babel+core@7.29.7_react-dom@19.2.6_react@19.2.6__react@19.2.6/node_modules/next/dist/client/dev/report-hmr-latency.js:13
[  285260ms] [LOG] [Fast Refresh] rebuilding @ webpack-internal:///(app-pages-browser)/../../node_modules/.pnpm/next@15.5.18_@babel+core@7.29.7_react-dom@19.2.6_react@19.2.6__react@19.2.6/node_modules/next/dist/client/dev/hot-reloader/app/hot-reloader-app.js:196
[  285310ms] [LOG] [Fast Refresh] rebuilding @ webpack-internal:///(app-pages-browser)/../../node_modules/.pnpm/next@15.5.18_@babel+core@7.29.7_react-dom@19.2.6_react@19.2.6__react@19.2.6/node_modules/next/dist/client/dev/hot-reloader/app/hot-reloader-app.js:196
[  285312ms] [LOG] [Fast Refresh] done in 2ms @ webpack-internal:///(app-pages-browser)/../../node_modules/.pnpm/next@15.5.18_@babel+core@7.29.7_react-dom@19.2.6_react@19.2.6__react@19.2.6/node_modules/next/dist/client/dev/report-hmr-latency.js:13
[  285380ms] [LOG] [Fast Refresh] rebuilding @ webpack-internal:///(app-pages-browser)/../../node_modules/.pnpm/next@15.5.18_@babel+core@7.29.7_react-dom@19.2.6_react@19.2.6__react@19.2.6/node_modules/next/dist/client/dev/hot-reloader/app/hot-reloader-app.js:196
[  285383ms] [LOG] [Fast Refresh] done in 2ms @ webpack-internal:///(app-pages-browser)/../../node_modules/.pnpm/next@15.5.18_@babel+core@7.29.7_react-dom@19.2.6_react@19.2.6__react@19.2.6/node_modules/next/dist/client/dev/report-hmr-latency.js:13
[  285422ms] [LOG] [Fast Refresh] rebuilding @ webpack-internal:///(app-pages-browser)/../../node_modules/.pnpm/next@15.5.18_@babel+core@7.29.7_react-dom@19.2.6_react@19.2.6__react@19.2.6/node_modules/next/dist/client/dev/hot-reloader/app/hot-reloader-app.js:196
[  285424ms] [LOG] [Fast Refresh] done in 2ms @ webpack-internal:///(app-pages-browser)/../../node_modules/.pnpm/next@15.5.18_@babel+core@7.29.7_react-dom@19.2.6_react@19.2.6__react@19.2.6/node_modules/next/dist/client/dev/report-hmr-latency.js:13
[  285466ms] [LOG] [Fast Refresh] rebuilding @ webpack-internal:///(app-pages-browser)/../../node_modules/.pnpm/next@15.5.18_@babel+core@7.29.7_react-dom@19.2.6_react@19.2.6__react@19.2.6/node_modules/next/dist/client/dev/hot-reloader/app/hot-reloader-app.js:196
[  285469ms] [LOG] [Fast Refresh] done in 2ms @ webpack-internal:///(app-pages-browser)/../../node_modules/.pnpm/next@15.5.18_@babel+core@7.29.7_react-dom@19.2.6_react@19.2.6__react@19.2.6/node_modules/next/dist/client/dev/report-hmr-latency.js:13
[  285510ms] [LOG] [Fast Refresh] done in 43ms @ webpack-internal:///(app-pages-browser)/../../node_modules/.pnpm/next@15.5.18_@babel+core@7.29.7_react-dom@19.2.6_react@19.2.6__react@19.2.6/node_modules/next/dist/client/dev/report-hmr-latency.js:13
[  285514ms] [LOG] [Fast Refresh] rebuilding @ webpack-internal:///(app-pages-browser)/../../node_modules/.pnpm/next@15.5.18_@babel+core@7.29.7_react-dom@19.2.6_react@19.2.6__react@19.2.6/node_modules/next/dist/client/dev/hot-reloader/app/hot-reloader-app.js:196
[  285554ms] [LOG] [Fast Refresh] done in 40ms @ webpack-internal:///(app-pages-browser)/../../node_modules/.pnpm/next@15.5.18_@babel+core@7.29.7_react-dom@19.2.6_react@19.2.6__react@19.2.6/node_modules/next/dist/client/dev/report-hmr-latency.js:13
[  285564ms] [LOG] [Fast Refresh] rebuilding @ webpack-internal:///(app-pages-browser)/../../node_modules/.pnpm/next@15.5.18_@babel+core@7.29.7_react-dom@19.2.6_react@19.2.6__react@19.2.6/node_modules/next/dist/client/dev/hot-reloader/app/hot-reloader-app.js:196
[  285609ms] [LOG] [Fast Refresh] done in 45ms @ webpack-internal:///(app-pages-browser)/../../node_modules/.pnpm/next@15.5.18_@babel+core@7.29.7_react-dom@19.2.6_react@19.2.6__react@19.2.6/node_modules/next/dist/client/dev/report-hmr-latency.js:13
[  285614ms] [LOG] [Fast Refresh] rebuilding @ webpack-internal:///(app-pages-browser)/../../node_modules/.pnpm/next@15.5.18_@babel+core@7.29.7_react-dom@19.2.6_react@19.2.6__react@19.2.6/node_modules/next/dist/client/dev/hot-reloader/app/hot-reloader-app.js:196
[  285659ms] [LOG] [Fast Refresh] done in 45ms @ webpack-internal:///(app-pages-browser)/../../node_modules/.pnpm/next@15.5.18_@babel+core@7.29.7_react-dom@19.2.6_react@19.2.6__react@19.2.6/node_modules/next/dist/client/dev/report-hmr-latency.js:13
[  285665ms] [LOG] [Fast Refresh] rebuilding @ webpack-internal:///(app-pages-browser)/../../node_modules/.pnpm/next@15.5.18_@babel+core@7.29.7_react-dom@19.2.6_react@19.2.6__react@19.2.6/node_modules/next/dist/client/dev/hot-reloader/app/hot-reloader-app.js:196
[  285710ms] [LOG] [Fast Refresh] done in 46ms @ webpack-internal:///(app-pages-browser)/../../node_modules/.pnpm/next@15.5.18_@babel+core@7.29.7_react-dom@19.2.6_react@19.2.6__react@19.2.6/node_modules/next/dist/client/dev/report-hmr-latency.js:13
[  285715ms] [LOG] [Fast Refresh] rebuilding @ webpack-internal:///(app-pages-browser)/../../node_modules/.pnpm/next@15.5.18_@babel+core@7.29.7_react-dom@19.2.6_react@19.2.6__react@19.2.6/node_modules/next/dist/client/dev/hot-reloader/app/hot-reloader-app.js:196
[  285758ms] [LOG] [Fast Refresh] done in 44ms @ webpack-internal:///(app-pages-browser)/../../node_modules/.pnpm/next@15.5.18_@babel+core@7.29.7_react-dom@19.2.6_react@19.2.6__react@19.2.6/node_modules/next/dist/client/dev/report-hmr-latency.js:13
[  285765ms] [LOG] [Fast Refresh] rebuilding @ webpack-internal:///(app-pages-browser)/../../node_modules/.pnpm/next@15.5.18_@babel+core@7.29.7_react-dom@19.2.6_react@19.2.6__react@19.2.6/node_modules/next/dist/client/dev/hot-reloader/app/hot-reloader-app.js:196
[  285810ms] [LOG] [Fast Refresh] done in 45ms @ webpack-internal:///(app-pages-browser)/../../node_modules/.pnpm/next@15.5.18_@babel+core@7.29.7_react-dom@19.2.6_react@19.2.6__react@19.2.6/node_modules/next/dist/client/dev/report-hmr-latency.js:13
[  285816ms] [LOG] [Fast Refresh] rebuilding @ webpack-internal:///(app-pages-browser)/../../node_modules/.pnpm/next@15.5.18_@babel+core@7.29.7_react-dom@19.2.6_react@19.2.6__react@19.2.6/node_modules/next/dist/client/dev/hot-reloader/app/hot-reloader-app.js:196
[  285862ms] [LOG] [Fast Refresh] done in 46ms @ webpack-internal:///(app-pages-browser)/../../node_modules/.pnpm/next@15.5.18_@babel+core@7.29.7_react-dom@19.2.6_react@19.2.6__react@19.2.6/node_modules/next/dist/client/dev/report-hmr-latency.js:13
[  285866ms] [LOG] [Fast Refresh] rebuilding @ webpack-internal:///(app-pages-browser)/../../node_modules/.pnpm/next@15.5.18_@babel+core@7.29.7_react-dom@19.2.6_react@19.2.6__react@19.2.6/node_modules/next/dist/client/dev/hot-reloader/app/hot-reloader-app.js:196
[  285909ms] [LOG] [Fast Refresh] done in 44ms @ webpack-internal:///(app-pages-browser)/../../node_modules/.pnpm/next@15.5.18_@babel+core@7.29.7_react-dom@19.2.6_react@19.2.6__react@19.2.6/node_modules/next/dist/client/dev/report-hmr-latency.js:13
[  285916ms] [LOG] [Fast Refresh] rebuilding @ webpack-internal:///(app-pages-browser)/../../node_modules/.pnpm/next@15.5.18_@babel+core@7.29.7_react-dom@19.2.6_react@19.2.6__react@19.2.6/node_modules/next/dist/client/dev/hot-reloader/app/hot-reloader-app.js:196
[  285958ms] [LOG] [Fast Refresh] done in 42ms @ webpack-internal:///(app-pages-browser)/../../node_modules/.pnpm/next@15.5.18_@babel+core@7.29.7_react-dom@19.2.6_react@19.2.6__react@19.2.6/node_modules/next/dist/client/dev/report-hmr-latency.js:13
[  285966ms] [LOG] [Fast Refresh] rebuilding @ webpack-internal:///(app-pages-browser)/../../node_modules/.pnpm/next@15.5.18_@babel+core@7.29.7_react-dom@19.2.6_react@19.2.6__react@19.2.6/node_modules/next/dist/client/dev/hot-reloader/app/hot-reloader-app.js:196
[  286011ms] [LOG] [Fast Refresh] done in 46ms @ webpack-internal:///(app-pages-browser)/../../node_modules/.pnpm/next@15.5.18_@babel+core@7.29.7_react-dom@19.2.6_react@19.2.6__react@19.2.6/node_modules/next/dist/client/dev/report-hmr-latency.js:13
[  286016ms] [LOG] [Fast Refresh] rebuilding @ webpack-internal:///(app-pages-browser)/../../node_modules/.pnpm/next@15.5.18_@babel+core@7.29.7_react-dom@19.2.6_react@19.2.6__react@19.2.6/node_modules/next/dist/client/dev/hot-reloader/app/hot-reloader-app.js:196
[  286060ms] [LOG] [Fast Refresh] done in 43ms @ webpack-internal:///(app-pages-browser)/../../node_modules/.pnpm/next@15.5.18_@babel+core@7.29.7_react-dom@19.2.6_react@19.2.6__react@19.2.6/node_modules/next/dist/client/dev/report-hmr-latency.js:13
[  286066ms] [LOG] [Fast Refresh] rebuilding @ webpack-internal:///(app-pages-browser)/../../node_modules/.pnpm/next@15.5.18_@babel+core@7.29.7_react-dom@19.2.6_react@19.2.6__react@19.2.6/node_modules/next/dist/client/dev/hot-reloader/app/hot-reloader-app.js:196
[  286111ms] [LOG] [Fast Refresh] done in 44ms @ webpack-internal:///(app-pages-browser)/../../node_modules/.pnpm/next@15.5.18_@babel+core@7.29.7_react-dom@19.2.6_react@19.2.6__react@19.2.6/node_modules/next/dist/client/dev/report-hmr-latency.js:13
[  286116ms] [LOG] [Fast Refresh] rebuilding @ webpack-internal:///(app-pages-browser)/../../node_modules/.pnpm/next@15.5.18_@babel+core@7.29.7_react-dom@19.2.6_react@19.2.6__react@19.2.6/node_modules/next/dist/client/dev/hot-reloader/app/hot-reloader-app.js:196
[  286162ms] [LOG] [Fast Refresh] done in 45ms @ webpack-internal:///(app-pages-browser)/../../node_modules/.pnpm/next@15.5.18_@babel+core@7.29.7_react-dom@19.2.6_react@19.2.6__react@19.2.6/node_modules/next/dist/client/dev/report-hmr-latency.js:13
[  286167ms] [LOG] [Fast Refresh] rebuilding @ webpack-internal:///(app-pages-browser)/../../node_modules/.pnpm/next@15.5.18_@babel+core@7.29.7_react-dom@19.2.6_react@19.2.6__react@19.2.6/node_modules/next/dist/client/dev/hot-reloader/app/hot-reloader-app.js:196
[  286213ms] [LOG] [Fast Refresh] done in 46ms @ webpack-internal:///(app-pages-browser)/../../node_modules/.pnpm/next@15.5.18_@babel+core@7.29.7_react-dom@19.2.6_react@19.2.6__react@19.2.6/node_modules/next/dist/client/dev/report-hmr-latency.js:13
[  286217ms] [LOG] [Fast Refresh] rebuilding @ webpack-internal:///(app-pages-browser)/../../node_modules/.pnpm/next@15.5.18_@babel+core@7.29.7_react-dom@19.2.6_react@19.2.6__react@19.2.6/node_modules/next/dist/client/dev/hot-reloader/app/hot-reloader-app.js:196
[  286261ms] [LOG] [Fast Refresh] done in 44ms @ webpack-internal:///(app-pages-browser)/../../node_modules/.pnpm/next@15.5.18_@babel+core@7.29.7_react-dom@19.2.6_react@19.2.6__react@19.2.6/node_modules/next/dist/client/dev/report-hmr-latency.js:13
[  286268ms] [LOG] [Fast Refresh] rebuilding @ webpack-internal:///(app-pages-browser)/../../node_modules/.pnpm/next@15.5.18_@babel+core@7.29.7_react-dom@19.2.6_react@19.2.6__react@19.2.6/node_modules/next/dist/client/dev/hot-reloader/app/hot-reloader-app.js:196
[  286313ms] [LOG] [Fast Refresh] done in 45ms @ webpack-internal:///(app-pages-browser)/../../node_modules/.pnpm/next@15.5.18_@babel+core@7.29.7_react-dom@19.2.6_react@19.2.6__react@19.2.6/node_modules/next/dist/client/dev/report-hmr-latency.js:13
[  286319ms] [LOG] [Fast Refresh] rebuilding @ webpack-internal:///(app-pages-browser)/../../node_modules/.pnpm/next@15.5.18_@babel+core@7.29.7_react-dom@19.2.6_react@19.2.6__react@19.2.6/node_modules/next/dist/client/dev/hot-reloader/app/hot-reloader-app.js:196
[  286362ms] [LOG] [Fast Refresh] done in 43ms @ webpack-internal:///(app-pages-browser)/../../node_modules/.pnpm/next@15.5.18_@babel+core@7.29.7_react-dom@19.2.6_react@19.2.6__react@19.2.6/node_modules/next/dist/client/dev/report-hmr-latency.js:13
[  286368ms] [LOG] [Fast Refresh] rebuilding @ webpack-internal:///(app-pages-browser)/../../node_modules/.pnpm/next@15.5.18_@babel+core@7.29.7_react-dom@19.2.6_react@19.2.6__react@19.2.6/node_modules/next/dist/client/dev/hot-reloader/app/hot-reloader-app.js:196
[  286415ms] [LOG] [Fast Refresh] done in 47ms @ webpack-internal:///(app-pages-browser)/../../node_modules/.pnpm/next@15.5.18_@babel+core@7.29.7_react-dom@19.2.6_react@19.2.6__react@19.2.6/node_modules/next/dist/client/dev/report-hmr-latency.js:13
[  286418ms] [LOG] [Fast Refresh] rebuilding @ webpack-internal:///(app-pages-browser)/../../node_modules/.pnpm/next@15.5.18_@babel+core@7.29.7_react-dom@19.2.6_react@19.2.6__react@19.2.6/node_modules/next/dist/client/dev/hot-reloader/app/hot-reloader-app.js:196
[  286469ms] [LOG] [Fast Refresh] rebuilding @ webpack-internal:///(app-pages-browser)/../../node_modules/.pnpm/next@15.5.18_@babel+core@7.29.7_react-dom@19.2.6_react@19.2.6__react@19.2.6/node_modules/next/dist/client/dev/hot-reloader/app/hot-reloader-app.js:196
[  286471ms] [LOG] [Fast Refresh] done in 2ms @ webpack-internal:///(app-pages-browser)/../../node_modules/.pnpm/next@15.5.18_@babel+core@7.29.7_react-dom@19.2.6_react@19.2.6__react@19.2.6/node_modules/next/dist/client/dev/report-hmr-latency.js:13
[  286537ms] [LOG] [Fast Refresh] rebuilding @ webpack-internal:///(app-pages-browser)/../../node_modules/.pnpm/next@15.5.18_@babel+core@7.29.7_react-dom@19.2.6_react@19.2.6__react@19.2.6/node_modules/next/dist/client/dev/hot-reloader/app/hot-reloader-app.js:196
[  286540ms] [LOG] [Fast Refresh] done in 3ms @ webpack-internal:///(app-pages-browser)/../../node_modules/.pnpm/next@15.5.18_@babel+core@7.29.7_react-dom@19.2.6_react@19.2.6__react@19.2.6/node_modules/next/dist/client/dev/report-hmr-latency.js:13
[  286579ms] [LOG] [Fast Refresh] rebuilding @ webpack-internal:///(app-pages-browser)/../../node_modules/.pnpm/next@15.5.18_@babel+core@7.29.7_react-dom@19.2.6_react@19.2.6__react@19.2.6/node_modules/next/dist/client/dev/hot-reloader/app/hot-reloader-app.js:196
[  286581ms] [LOG] [Fast Refresh] done in 3ms @ webpack-internal:///(app-pages-browser)/../../node_modules/.pnpm/next@15.5.18_@babel+core@7.29.7_react-dom@19.2.6_react@19.2.6__react@19.2.6/node_modules/next/dist/client/dev/report-hmr-latency.js:13
[  286622ms] [LOG] [Fast Refresh] rebuilding @ webpack-internal:///(app-pages-browser)/../../node_modules/.pnpm/next@15.5.18_@babel+core@7.29.7_react-dom@19.2.6_react@19.2.6__react@19.2.6/node_modules/next/dist/client/dev/hot-reloader/app/hot-reloader-app.js:196
[  286625ms] [LOG] [Fast Refresh] done in 2ms @ webpack-internal:///(app-pages-browser)/../../node_modules/.pnpm/next@15.5.18_@babel+core@7.29.7_react-dom@19.2.6_react@19.2.6__react@19.2.6/node_modules/next/dist/client/dev/report-hmr-latency.js:13
[  286670ms] [LOG] [Fast Refresh] done in 48ms @ webpack-internal:///(app-pages-browser)/../../node_modules/.pnpm/next@15.5.18_@babel+core@7.29.7_react-dom@19.2.6_react@19.2.6__react@19.2.6/node_modules/next/dist/client/dev/report-hmr-latency.js:13
[  286671ms] [LOG] [Fast Refresh] rebuilding @ webpack-internal:///(app-pages-browser)/../../node_modules/.pnpm/next@15.5.18_@babel+core@7.29.7_react-dom@19.2.6_react@19.2.6__react@19.2.6/node_modules/next/dist/client/dev/hot-reloader/app/hot-reloader-app.js:196
[  286719ms] [LOG] [Fast Refresh] done in 49ms @ webpack-internal:///(app-pages-browser)/../../node_modules/.pnpm/next@15.5.18_@babel+core@7.29.7_react-dom@19.2.6_react@19.2.6__react@19.2.6/node_modules/next/dist/client/dev/report-hmr-latency.js:13
[  286721ms] [LOG] [Fast Refresh] rebuilding @ webpack-internal:///(app-pages-browser)/../../node_modules/.pnpm/next@15.5.18_@babel+core@7.29.7_react-dom@19.2.6_react@19.2.6__react@19.2.6/node_modules/next/dist/client/dev/hot-reloader/app/hot-reloader-app.js:196
[  286769ms] [LOG] [Fast Refresh] done in 47ms @ webpack-internal:///(app-pages-browser)/../../node_modules/.pnpm/next@15.5.18_@babel+core@7.29.7_react-dom@19.2.6_react@19.2.6__react@19.2.6/node_modules/next/dist/client/dev/report-hmr-latency.js:13
[  286772ms] [LOG] [Fast Refresh] rebuilding @ webpack-internal:///(app-pages-browser)/../../node_modules/.pnpm/next@15.5.18_@babel+core@7.29.7_react-dom@19.2.6_react@19.2.6__react@19.2.6/node_modules/next/dist/client/dev/hot-reloader/app/hot-reloader-app.js:196
[  286817ms] [LOG] [Fast Refresh] done in 45ms @ webpack-internal:///(app-pages-browser)/../../node_modules/.pnpm/next@15.5.18_@babel+core@7.29.7_react-dom@19.2.6_react@19.2.6__react@19.2.6/node_modules/next/dist/client/dev/report-hmr-latency.js:13
[  286822ms] [LOG] [Fast Refresh] rebuilding @ webpack-internal:///(app-pages-browser)/../../node_modules/.pnpm/next@15.5.18_@babel+core@7.29.7_react-dom@19.2.6_react@19.2.6__react@19.2.6/node_modules/next/dist/client/dev/hot-reloader/app/hot-reloader-app.js:196
[  286867ms] [LOG] [Fast Refresh] done in 46ms @ webpack-internal:///(app-pages-browser)/../../node_modules/.pnpm/next@15.5.18_@babel+core@7.29.7_react-dom@19.2.6_react@19.2.6__react@19.2.6/node_modules/next/dist/client/dev/report-hmr-latency.js:13
[  286872ms] [LOG] [Fast Refresh] rebuilding @ webpack-internal:///(app-pages-browser)/../../node_modules/.pnpm/next@15.5.18_@babel+core@7.29.7_react-dom@19.2.6_react@19.2.6__react@19.2.6/node_modules/next/dist/client/dev/hot-reloader/app/hot-reloader-app.js:196
[  286915ms] [LOG] [Fast Refresh] done in 43ms @ webpack-internal:///(app-pages-browser)/../../node_modules/.pnpm/next@15.5.18_@babel+core@7.29.7_react-dom@19.2.6_react@19.2.6__react@19.2.6/node_modules/next/dist/client/dev/report-hmr-latency.js:13
[  286922ms] [LOG] [Fast Refresh] rebuilding @ webpack-internal:///(app-pages-browser)/../../node_modules/.pnpm/next@15.5.18_@babel+core@7.29.7_react-dom@19.2.6_react@19.2.6__react@19.2.6/node_modules/next/dist/client/dev/hot-reloader/app/hot-reloader-app.js:196
[  286968ms] [LOG] [Fast Refresh] done in 46ms @ webpack-internal:///(app-pages-browser)/../../node_modules/.pnpm/next@15.5.18_@babel+core@7.29.7_react-dom@19.2.6_react@19.2.6__react@19.2.6/node_modules/next/dist/client/dev/report-hmr-latency.js:13
[  286972ms] [LOG] [Fast Refresh] rebuilding @ webpack-internal:///(app-pages-browser)/../../node_modules/.pnpm/next@15.5.18_@babel+core@7.29.7_react-dom@19.2.6_react@19.2.6__react@19.2.6/node_modules/next/dist/client/dev/hot-reloader/app/hot-reloader-app.js:196
[  287018ms] [LOG] [Fast Refresh] done in 47ms @ webpack-internal:///(app-pages-browser)/../../node_modules/.pnpm/next@15.5.18_@babel+core@7.29.7_react-dom@19.2.6_react@19.2.6__react@19.2.6/node_modules/next/dist/client/dev/report-hmr-latency.js:13
[  287022ms] [LOG] [Fast Refresh] rebuilding @ webpack-internal:///(app-pages-browser)/../../node_modules/.pnpm/next@15.5.18_@babel+core@7.29.7_react-dom@19.2.6_react@19.2.6__react@19.2.6/node_modules/next/dist/client/dev/hot-reloader/app/hot-reloader-app.js:196
[  287069ms] [LOG] [Fast Refresh] done in 46ms @ webpack-internal:///(app-pages-browser)/../../node_modules/.pnpm/next@15.5.18_@babel+core@7.29.7_react-dom@19.2.6_react@19.2.6__react@19.2.6/node_modules/next/dist/client/dev/report-hmr-latency.js:13
[  287073ms] [LOG] [Fast Refresh] rebuilding @ webpack-internal:///(app-pages-browser)/../../node_modules/.pnpm/next@15.5.18_@babel+core@7.29.7_react-dom@19.2.6_react@19.2.6__react@19.2.6/node_modules/next/dist/client/dev/hot-reloader/app/hot-reloader-app.js:196
[  287118ms] [LOG] [Fast Refresh] done in 45ms @ webpack-internal:///(app-pages-browser)/../../node_modules/.pnpm/next@15.5.18_@babel+core@7.29.7_react-dom@19.2.6_react@19.2.6__react@19.2.6/node_modules/next/dist/client/dev/report-hmr-latency.js:13
[  287124ms] [LOG] [Fast Refresh] rebuilding @ webpack-internal:///(app-pages-browser)/../../node_modules/.pnpm/next@15.5.18_@babel+core@7.29.7_react-dom@19.2.6_react@19.2.6__react@19.2.6/node_modules/next/dist/client/dev/hot-reloader/app/hot-reloader-app.js:196
[  287170ms] [LOG] [Fast Refresh] done in 47ms @ webpack-internal:///(app-pages-browser)/../../node_modules/.pnpm/next@15.5.18_@babel+core@7.29.7_react-dom@19.2.6_react@19.2.6__react@19.2.6/node_modules/next/dist/client/dev/report-hmr-latency.js:13
[  287174ms] [LOG] [Fast Refresh] rebuilding @ webpack-internal:///(app-pages-browser)/../../node_modules/.pnpm/next@15.5.18_@babel+core@7.29.7_react-dom@19.2.6_react@19.2.6__react@19.2.6/node_modules/next/dist/client/dev/hot-reloader/app/hot-reloader-app.js:196
[  287220ms] [LOG] [Fast Refresh] done in 46ms @ webpack-internal:///(app-pages-browser)/../../node_modules/.pnpm/next@15.5.18_@babel+core@7.29.7_react-dom@19.2.6_react@19.2.6__react@19.2.6/node_modules/next/dist/client/dev/report-hmr-latency.js:13
[  287224ms] [LOG] [Fast Refresh] rebuilding @ webpack-internal:///(app-pages-browser)/../../node_modules/.pnpm/next@15.5.18_@babel+core@7.29.7_react-dom@19.2.6_react@19.2.6__react@19.2.6/node_modules/next/dist/client/dev/hot-reloader/app/hot-reloader-app.js:196
[  287267ms] [LOG] [Fast Refresh] done in 44ms @ webpack-internal:///(app-pages-browser)/../../node_modules/.pnpm/next@15.5.18_@babel+core@7.29.7_react-dom@19.2.6_react@19.2.6__react@19.2.6/node_modules/next/dist/client/dev/report-hmr-latency.js:13
[  287275ms] [LOG] [Fast Refresh] rebuilding @ webpack-internal:///(app-pages-browser)/../../node_modules/.pnpm/next@15.5.18_@babel+core@7.29.7_react-dom@19.2.6_react@19.2.6__react@19.2.6/node_modules/next/dist/client/dev/hot-reloader/app/hot-reloader-app.js:196
[  287316ms] [LOG] [Fast Refresh] done in 42ms @ webpack-internal:///(app-pages-browser)/../../node_modules/.pnpm/next@15.5.18_@babel+core@7.29.7_react-dom@19.2.6_react@19.2.6__react@19.2.6/node_modules/next/dist/client/dev/report-hmr-latency.js:13
[  287325ms] [LOG] [Fast Refresh] rebuilding @ webpack-internal:///(app-pages-browser)/../../node_modules/.pnpm/next@15.5.18_@babel+core@7.29.7_react-dom@19.2.6_react@19.2.6__react@19.2.6/node_modules/next/dist/client/dev/hot-reloader/app/hot-reloader-app.js:196
[  287372ms] [LOG] [Fast Refresh] done in 48ms @ webpack-internal:///(app-pages-browser)/../../node_modules/.pnpm/next@15.5.18_@babel+core@7.29.7_react-dom@19.2.6_react@19.2.6__react@19.2.6/node_modules/next/dist/client/dev/report-hmr-latency.js:13
[  287375ms] [LOG] [Fast Refresh] rebuilding @ webpack-internal:///(app-pages-browser)/../../node_modules/.pnpm/next@15.5.18_@babel+core@7.29.7_react-dom@19.2.6_react@19.2.6__react@19.2.6/node_modules/next/dist/client/dev/hot-reloader/app/hot-reloader-app.js:196
[  287422ms] [LOG] [Fast Refresh] done in 48ms @ webpack-internal:///(app-pages-browser)/../../node_modules/.pnpm/next@15.5.18_@babel+core@7.29.7_react-dom@19.2.6_react@19.2.6__react@19.2.6/node_modules/next/dist/client/dev/report-hmr-latency.js:13
[  287424ms] [LOG] [Fast Refresh] rebuilding @ webpack-internal:///(app-pages-browser)/../../node_modules/.pnpm/next@15.5.18_@babel+core@7.29.7_react-dom@19.2.6_react@19.2.6__react@19.2.6/node_modules/next/dist/client/dev/hot-reloader/app/hot-reloader-app.js:196
[  287471ms] [LOG] [Fast Refresh] done in 46ms @ webpack-internal:///(app-pages-browser)/../../node_modules/.pnpm/next@15.5.18_@babel+core@7.29.7_react-dom@19.2.6_react@19.2.6__react@19.2.6/node_modules/next/dist/client/dev/report-hmr-latency.js:13
[  287475ms] [LOG] [Fast Refresh] rebuilding @ webpack-internal:///(app-pages-browser)/../../node_modules/.pnpm/next@15.5.18_@babel+core@7.29.7_react-dom@19.2.6_react@19.2.6__react@19.2.6/node_modules/next/dist/client/dev/hot-reloader/app/hot-reloader-app.js:196
[  287523ms] [LOG] [Fast Refresh] done in 48ms @ webpack-internal:///(app-pages-browser)/../../node_modules/.pnpm/next@15.5.18_@babel+core@7.29.7_react-dom@19.2.6_react@19.2.6__react@19.2.6/node_modules/next/dist/client/dev/report-hmr-latency.js:13
[  287525ms] [LOG] [Fast Refresh] rebuilding @ webpack-internal:///(app-pages-browser)/../../node_modules/.pnpm/next@15.5.18_@babel+core@7.29.7_react-dom@19.2.6_react@19.2.6__react@19.2.6/node_modules/next/dist/client/dev/hot-reloader/app/hot-reloader-app.js:196
[  287571ms] [LOG] [Fast Refresh] done in 46ms @ webpack-internal:///(app-pages-browser)/../../node_modules/.pnpm/next@15.5.18_@babel+core@7.29.7_react-dom@19.2.6_react@19.2.6__react@19.2.6/node_modules/next/dist/client/dev/report-hmr-latency.js:13
[  287575ms] [LOG] [Fast Refresh] rebuilding @ webpack-internal:///(app-pages-browser)/../../node_modules/.pnpm/next@15.5.18_@babel+core@7.29.7_react-dom@19.2.6_react@19.2.6__react@19.2.6/node_modules/next/dist/client/dev/hot-reloader/app/hot-reloader-app.js:196
[  287622ms] [LOG] [Fast Refresh] done in 47ms @ webpack-internal:///(app-pages-browser)/../../node_modules/.pnpm/next@15.5.18_@babel+core@7.29.7_react-dom@19.2.6_react@19.2.6__react@19.2.6/node_modules/next/dist/client/dev/report-hmr-latency.js:13
[  287626ms] [LOG] [Fast Refresh] rebuilding @ webpack-internal:///(app-pages-browser)/../../node_modules/.pnpm/next@15.5.18_@babel+core@7.29.7_react-dom@19.2.6_react@19.2.6__react@19.2.6/node_modules/next/dist/client/dev/hot-reloader/app/hot-reloader-app.js:196
[  287695ms] [LOG] [Fast Refresh] rebuilding @ webpack-internal:///(app-pages-browser)/../../node_modules/.pnpm/next@15.5.18_@babel+core@7.29.7_react-dom@19.2.6_react@19.2.6__react@19.2.6/node_modules/next/dist/client/dev/hot-reloader/app/hot-reloader-app.js:196
[  287698ms] [LOG] [Fast Refresh] done in 2ms @ webpack-internal:///(app-pages-browser)/../../node_modules/.pnpm/next@15.5.18_@babel+core@7.29.7_react-dom@19.2.6_react@19.2.6__react@19.2.6/node_modules/next/dist/client/dev/report-hmr-latency.js:13
[  287739ms] [LOG] [Fast Refresh] rebuilding @ webpack-internal:///(app-pages-browser)/../../node_modules/.pnpm/next@15.5.18_@babel+core@7.29.7_react-dom@19.2.6_react@19.2.6__react@19.2.6/node_modules/next/dist/client/dev/hot-reloader/app/hot-reloader-app.js:196
[  287742ms] [LOG] [Fast Refresh] done in 2ms @ webpack-internal:///(app-pages-browser)/../../node_modules/.pnpm/next@15.5.18_@babel+core@7.29.7_react-dom@19.2.6_react@19.2.6__react@19.2.6/node_modules/next/dist/client/dev/report-hmr-latency.js:13
[  287788ms] [LOG] [Fast Refresh] rebuilding @ webpack-internal:///(app-pages-browser)/../../node_modules/.pnpm/next@15.5.18_@babel+core@7.29.7_react-dom@19.2.6_react@19.2.6__react@19.2.6/node_modules/next/dist/client/dev/hot-reloader/app/hot-reloader-app.js:196
[  287790ms] [LOG] [Fast Refresh] done in 2ms @ webpack-internal:///(app-pages-browser)/../../node_modules/.pnpm/next@15.5.18_@babel+core@7.29.7_react-dom@19.2.6_react@19.2.6__react@19.2.6/node_modules/next/dist/client/dev/report-hmr-latency.js:13
[  287830ms] [LOG] [Fast Refresh] rebuilding @ webpack-internal:///(app-pages-browser)/../../node_modules/.pnpm/next@15.5.18_@babel+core@7.29.7_react-dom@19.2.6_react@19.2.6__react@19.2.6/node_modules/next/dist/client/dev/hot-reloader/app/hot-reloader-app.js:196
[  287833ms] [LOG] [Fast Refresh] done in 3ms @ webpack-internal:///(app-pages-browser)/../../node_modules/.pnpm/next@15.5.18_@babel+core@7.29.7_react-dom@19.2.6_react@19.2.6__react@19.2.6/node_modules/next/dist/client/dev/report-hmr-latency.js:13
[  287875ms] [LOG] [Fast Refresh] done in 44ms @ webpack-internal:///(app-pages-browser)/../../node_modules/.pnpm/next@15.5.18_@babel+core@7.29.7_react-dom@19.2.6_react@19.2.6__react@19.2.6/node_modules/next/dist/client/dev/report-hmr-latency.js:13
[  287878ms] [LOG] [Fast Refresh] rebuilding @ webpack-internal:///(app-pages-browser)/../../node_modules/.pnpm/next@15.5.18_@babel+core@7.29.7_react-dom@19.2.6_react@19.2.6__react@19.2.6/node_modules/next/dist/client/dev/hot-reloader/app/hot-reloader-app.js:196
[  287923ms] [LOG] [Fast Refresh] done in 45ms @ webpack-internal:///(app-pages-browser)/../../node_modules/.pnpm/next@15.5.18_@babel+core@7.29.7_react-dom@19.2.6_react@19.2.6__react@19.2.6/node_modules/next/dist/client/dev/report-hmr-latency.js:13
[  287928ms] [LOG] [Fast Refresh] rebuilding @ webpack-internal:///(app-pages-browser)/../../node_modules/.pnpm/next@15.5.18_@babel+core@7.29.7_react-dom@19.2.6_react@19.2.6__react@19.2.6/node_modules/next/dist/client/dev/hot-reloader/app/hot-reloader-app.js:196
[  287974ms] [LOG] [Fast Refresh] done in 46ms @ webpack-internal:///(app-pages-browser)/../../node_modules/.pnpm/next@15.5.18_@babel+core@7.29.7_react-dom@19.2.6_react@19.2.6__react@19.2.6/node_modules/next/dist/client/dev/report-hmr-latency.js:13
[  287979ms] [LOG] [Fast Refresh] rebuilding @ webpack-internal:///(app-pages-browser)/../../node_modules/.pnpm/next@15.5.18_@babel+core@7.29.7_react-dom@19.2.6_react@19.2.6__react@19.2.6/node_modules/next/dist/client/dev/hot-reloader/app/hot-reloader-app.js:196
[  288023ms] [LOG] [Fast Refresh] done in 44ms @ webpack-internal:///(app-pages-browser)/../../node_modules/.pnpm/next@15.5.18_@babel+core@7.29.7_react-dom@19.2.6_react@19.2.6__react@19.2.6/node_modules/next/dist/client/dev/report-hmr-latency.js:13
[  288029ms] [LOG] [Fast Refresh] rebuilding @ webpack-internal:///(app-pages-browser)/../../node_modules/.pnpm/next@15.5.18_@babel+core@7.29.7_react-dom@19.2.6_react@19.2.6__react@19.2.6/node_modules/next/dist/client/dev/hot-reloader/app/hot-reloader-app.js:196
[  288076ms] [LOG] [Fast Refresh] done in 46ms @ webpack-internal:///(app-pages-browser)/../../node_modules/.pnpm/next@15.5.18_@babel+core@7.29.7_react-dom@19.2.6_react@19.2.6__react@19.2.6/node_modules/next/dist/client/dev/report-hmr-latency.js:13
[  288079ms] [LOG] [Fast Refresh] rebuilding @ webpack-internal:///(app-pages-browser)/../../node_modules/.pnpm/next@15.5.18_@babel+core@7.29.7_react-dom@19.2.6_react@19.2.6__react@19.2.6/node_modules/next/dist/client/dev/hot-reloader/app/hot-reloader-app.js:196
[  288124ms] [LOG] [Fast Refresh] done in 45ms @ webpack-internal:///(app-pages-browser)/../../node_modules/.pnpm/next@15.5.18_@babel+core@7.29.7_react-dom@19.2.6_react@19.2.6__react@19.2.6/node_modules/next/dist/client/dev/report-hmr-latency.js:13
[  288129ms] [LOG] [Fast Refresh] rebuilding @ webpack-internal:///(app-pages-browser)/../../node_modules/.pnpm/next@15.5.18_@babel+core@7.29.7_react-dom@19.2.6_react@19.2.6__react@19.2.6/node_modules/next/dist/client/dev/hot-reloader/app/hot-reloader-app.js:196
[  288176ms] [LOG] [Fast Refresh] done in 46ms @ webpack-internal:///(app-pages-browser)/../../node_modules/.pnpm/next@15.5.18_@babel+core@7.29.7_react-dom@19.2.6_react@19.2.6__react@19.2.6/node_modules/next/dist/client/dev/report-hmr-latency.js:13
[  288180ms] [LOG] [Fast Refresh] rebuilding @ webpack-internal:///(app-pages-browser)/../../node_modules/.pnpm/next@15.5.18_@babel+core@7.29.7_react-dom@19.2.6_react@19.2.6__react@19.2.6/node_modules/next/dist/client/dev/hot-reloader/app/hot-reloader-app.js:196
[  288222ms] [LOG] [Fast Refresh] done in 42ms @ webpack-internal:///(app-pages-browser)/../../node_modules/.pnpm/next@15.5.18_@babel+core@7.29.7_react-dom@19.2.6_react@19.2.6__react@19.2.6/node_modules/next/dist/client/dev/report-hmr-latency.js:13
[  288230ms] [LOG] [Fast Refresh] rebuilding @ webpack-internal:///(app-pages-browser)/../../node_modules/.pnpm/next@15.5.18_@babel+core@7.29.7_react-dom@19.2.6_react@19.2.6__react@19.2.6/node_modules/next/dist/client/dev/hot-reloader/app/hot-reloader-app.js:196
[  288275ms] [LOG] [Fast Refresh] done in 44ms @ webpack-internal:///(app-pages-browser)/../../node_modules/.pnpm/next@15.5.18_@babel+core@7.29.7_react-dom@19.2.6_react@19.2.6__react@19.2.6/node_modules/next/dist/client/dev/report-hmr-latency.js:13
[  288281ms] [LOG] [Fast Refresh] rebuilding @ webpack-internal:///(app-pages-browser)/../../node_modules/.pnpm/next@15.5.18_@babel+core@7.29.7_react-dom@19.2.6_react@19.2.6__react@19.2.6/node_modules/next/dist/client/dev/hot-reloader/app/hot-reloader-app.js:196
[  288327ms] [LOG] [Fast Refresh] done in 47ms @ webpack-internal:///(app-pages-browser)/../../node_modules/.pnpm/next@15.5.18_@babel+core@7.29.7_react-dom@19.2.6_react@19.2.6__react@19.2.6/node_modules/next/dist/client/dev/report-hmr-latency.js:13
[  288331ms] [LOG] [Fast Refresh] rebuilding @ webpack-internal:///(app-pages-browser)/../../node_modules/.pnpm/next@15.5.18_@babel+core@7.29.7_react-dom@19.2.6_react@19.2.6__react@19.2.6/node_modules/next/dist/client/dev/hot-reloader/app/hot-reloader-app.js:196
[  288375ms] [LOG] [Fast Refresh] done in 44ms @ webpack-internal:///(app-pages-browser)/../../node_modules/.pnpm/next@15.5.18_@babel+core@7.29.7_react-dom@19.2.6_react@19.2.6__react@19.2.6/node_modules/next/dist/client/dev/report-hmr-latency.js:13
[  288382ms] [LOG] [Fast Refresh] rebuilding @ webpack-internal:///(app-pages-browser)/../../node_modules/.pnpm/next@15.5.18_@babel+core@7.29.7_react-dom@19.2.6_react@19.2.6__react@19.2.6/node_modules/next/dist/client/dev/hot-reloader/app/hot-reloader-app.js:196
[  288424ms] [LOG] [Fast Refresh] done in 43ms @ webpack-internal:///(app-pages-browser)/../../node_modules/.pnpm/next@15.5.18_@babel+core@7.29.7_react-dom@19.2.6_react@19.2.6__react@19.2.6/node_modules/next/dist/client/dev/report-hmr-latency.js:13
[  288432ms] [LOG] [Fast Refresh] rebuilding @ webpack-internal:///(app-pages-browser)/../../node_modules/.pnpm/next@15.5.18_@babel+core@7.29.7_react-dom@19.2.6_react@19.2.6__react@19.2.6/node_modules/next/dist/client/dev/hot-reloader/app/hot-reloader-app.js:196
[  288477ms] [LOG] [Fast Refresh] done in 44ms @ webpack-internal:///(app-pages-browser)/../../node_modules/.pnpm/next@15.5.18_@babel+core@7.29.7_react-dom@19.2.6_react@19.2.6__react@19.2.6/node_modules/next/dist/client/dev/report-hmr-latency.js:13
[  288483ms] [LOG] [Fast Refresh] rebuilding @ webpack-internal:///(app-pages-browser)/../../node_modules/.pnpm/next@15.5.18_@babel+core@7.29.7_react-dom@19.2.6_react@19.2.6__react@19.2.6/node_modules/next/dist/client/dev/hot-reloader/app/hot-reloader-app.js:196
[  288527ms] [LOG] [Fast Refresh] done in 44ms @ webpack-internal:///(app-pages-browser)/../../node_modules/.pnpm/next@15.5.18_@babel+core@7.29.7_react-dom@19.2.6_react@19.2.6__react@19.2.6/node_modules/next/dist/client/dev/report-hmr-latency.js:13
[  288533ms] [LOG] [Fast Refresh] rebuilding @ webpack-internal:///(app-pages-browser)/../../node_modules/.pnpm/next@15.5.18_@babel+core@7.29.7_react-dom@19.2.6_react@19.2.6__react@19.2.6/node_modules/next/dist/client/dev/hot-reloader/app/hot-reloader-app.js:196
[  288576ms] [LOG] [Fast Refresh] done in 44ms @ webpack-internal:///(app-pages-browser)/../../node_modules/.pnpm/next@15.5.18_@babel+core@7.29.7_react-dom@19.2.6_react@19.2.6__react@19.2.6/node_modules/next/dist/client/dev/report-hmr-latency.js:13
[  288583ms] [LOG] [Fast Refresh] rebuilding @ webpack-internal:///(app-pages-browser)/../../node_modules/.pnpm/next@15.5.18_@babel+core@7.29.7_react-dom@19.2.6_react@19.2.6__react@19.2.6/node_modules/next/dist/client/dev/hot-reloader/app/hot-reloader-app.js:196
[  288623ms] [LOG] [Fast Refresh] done in 40ms @ webpack-internal:///(app-pages-browser)/../../node_modules/.pnpm/next@15.5.18_@babel+core@7.29.7_react-dom@19.2.6_react@19.2.6__react@19.2.6/node_modules/next/dist/client/dev/report-hmr-latency.js:13
[  288633ms] [LOG] [Fast Refresh] rebuilding @ webpack-internal:///(app-pages-browser)/../../node_modules/.pnpm/next@15.5.18_@babel+core@7.29.7_react-dom@19.2.6_react@19.2.6__react@19.2.6/node_modules/next/dist/client/dev/hot-reloader/app/hot-reloader-app.js:196
[  288680ms] [LOG] [Fast Refresh] done in 47ms @ webpack-internal:///(app-pages-browser)/../../node_modules/.pnpm/next@15.5.18_@babel+core@7.29.7_react-dom@19.2.6_react@19.2.6__react@19.2.6/node_modules/next/dist/client/dev/report-hmr-latency.js:13
[  288684ms] [LOG] [Fast Refresh] rebuilding @ webpack-internal:///(app-pages-browser)/../../node_modules/.pnpm/next@15.5.18_@babel+core@7.29.7_react-dom@19.2.6_react@19.2.6__react@19.2.6/node_modules/next/dist/client/dev/hot-reloader/app/hot-reloader-app.js:196
[  288731ms] [LOG] [Fast Refresh] done in 47ms @ webpack-internal:///(app-pages-browser)/../../node_modules/.pnpm/next@15.5.18_@babel+core@7.29.7_react-dom@19.2.6_react@19.2.6__react@19.2.6/node_modules/next/dist/client/dev/report-hmr-latency.js:13
[  288734ms] [LOG] [Fast Refresh] rebuilding @ webpack-internal:///(app-pages-browser)/../../node_modules/.pnpm/next@15.5.18_@babel+core@7.29.7_react-dom@19.2.6_react@19.2.6__react@19.2.6/node_modules/next/dist/client/dev/hot-reloader/app/hot-reloader-app.js:196
[  288785ms] [LOG] [Fast Refresh] rebuilding @ webpack-internal:///(app-pages-browser)/../../node_modules/.pnpm/next@15.5.18_@babel+core@7.29.7_react-dom@19.2.6_react@19.2.6__react@19.2.6/node_modules/next/dist/client/dev/hot-reloader/app/hot-reloader-app.js:196
[  288785ms] [LOG] [Fast Refresh] done in 0ms @ webpack-internal:///(app-pages-browser)/../../node_modules/.pnpm/next@15.5.18_@babel+core@7.29.7_react-dom@19.2.6_react@19.2.6__react@19.2.6/node_modules/next/dist/client/dev/report-hmr-latency.js:13
[  288852ms] [LOG] [Fast Refresh] rebuilding @ webpack-internal:///(app-pages-browser)/../../node_modules/.pnpm/next@15.5.18_@babel+core@7.29.7_react-dom@19.2.6_react@19.2.6__react@19.2.6/node_modules/next/dist/client/dev/hot-reloader/app/hot-reloader-app.js:196
[  288855ms] [LOG] [Fast Refresh] done in 2ms @ webpack-internal:///(app-pages-browser)/../../node_modules/.pnpm/next@15.5.18_@babel+core@7.29.7_react-dom@19.2.6_react@19.2.6__react@19.2.6/node_modules/next/dist/client/dev/report-hmr-latency.js:13
[  288895ms] [LOG] [Fast Refresh] rebuilding @ webpack-internal:///(app-pages-browser)/../../node_modules/.pnpm/next@15.5.18_@babel+core@7.29.7_react-dom@19.2.6_react@19.2.6__react@19.2.6/node_modules/next/dist/client/dev/hot-reloader/app/hot-reloader-app.js:196
[  288897ms] [LOG] [Fast Refresh] done in 3ms @ webpack-internal:///(app-pages-browser)/../../node_modules/.pnpm/next@15.5.18_@babel+core@7.29.7_react-dom@19.2.6_react@19.2.6__react@19.2.6/node_modules/next/dist/client/dev/report-hmr-latency.js:13
[  288938ms] [LOG] [Fast Refresh] rebuilding @ webpack-internal:///(app-pages-browser)/../../node_modules/.pnpm/next@15.5.18_@babel+core@7.29.7_react-dom@19.2.6_react@19.2.6__react@19.2.6/node_modules/next/dist/client/dev/hot-reloader/app/hot-reloader-app.js:196
[  288941ms] [LOG] [Fast Refresh] done in 2ms @ webpack-internal:///(app-pages-browser)/../../node_modules/.pnpm/next@15.5.18_@babel+core@7.29.7_react-dom@19.2.6_react@19.2.6__react@19.2.6/node_modules/next/dist/client/dev/report-hmr-latency.js:13
[  288985ms] [LOG] [Fast Refresh] done in 46ms @ webpack-internal:///(app-pages-browser)/../../node_modules/.pnpm/next@15.5.18_@babel+core@7.29.7_react-dom@19.2.6_react@19.2.6__react@19.2.6/node_modules/next/dist/client/dev/report-hmr-latency.js:13
[  288986ms] [LOG] [Fast Refresh] rebuilding @ webpack-internal:///(app-pages-browser)/../../node_modules/.pnpm/next@15.5.18_@babel+core@7.29.7_react-dom@19.2.6_react@19.2.6__react@19.2.6/node_modules/next/dist/client/dev/hot-reloader/app/hot-reloader-app.js:196
[  289027ms] [LOG] [Fast Refresh] done in 41ms @ webpack-internal:///(app-pages-browser)/../../node_modules/.pnpm/next@15.5.18_@babel+core@7.29.7_react-dom@19.2.6_react@19.2.6__react@19.2.6/node_modules/next/dist/client/dev/report-hmr-latency.js:13
[  289037ms] [LOG] [Fast Refresh] rebuilding @ webpack-internal:///(app-pages-browser)/../../node_modules/.pnpm/next@15.5.18_@babel+core@7.29.7_react-dom@19.2.6_react@19.2.6__react@19.2.6/node_modules/next/dist/client/dev/hot-reloader/app/hot-reloader-app.js:196
[  289083ms] [LOG] [Fast Refresh] done in 46ms @ webpack-internal:///(app-pages-browser)/../../node_modules/.pnpm/next@15.5.18_@babel+core@7.29.7_react-dom@19.2.6_react@19.2.6__react@19.2.6/node_modules/next/dist/client/dev/report-hmr-latency.js:13
[  289087ms] [LOG] [Fast Refresh] rebuilding @ webpack-internal:///(app-pages-browser)/../../node_modules/.pnpm/next@15.5.18_@babel+core@7.29.7_react-dom@19.2.6_react@19.2.6__react@19.2.6/node_modules/next/dist/client/dev/hot-reloader/app/hot-reloader-app.js:196
[  289134ms] [LOG] [Fast Refresh] done in 47ms @ webpack-internal:///(app-pages-browser)/../../node_modules/.pnpm/next@15.5.18_@babel+core@7.29.7_react-dom@19.2.6_react@19.2.6__react@19.2.6/node_modules/next/dist/client/dev/report-hmr-latency.js:13
[  289137ms] [LOG] [Fast Refresh] rebuilding @ webpack-internal:///(app-pages-browser)/../../node_modules/.pnpm/next@15.5.18_@babel+core@7.29.7_react-dom@19.2.6_react@19.2.6__react@19.2.6/node_modules/next/dist/client/dev/hot-reloader/app/hot-reloader-app.js:196
[  289184ms] [LOG] [Fast Refresh] done in 46ms @ webpack-internal:///(app-pages-browser)/../../node_modules/.pnpm/next@15.5.18_@babel+core@7.29.7_react-dom@19.2.6_react@19.2.6__react@19.2.6/node_modules/next/dist/client/dev/report-hmr-latency.js:13
[  289188ms] [LOG] [Fast Refresh] rebuilding @ webpack-internal:///(app-pages-browser)/../../node_modules/.pnpm/next@15.5.18_@babel+core@7.29.7_react-dom@19.2.6_react@19.2.6__react@19.2.6/node_modules/next/dist/client/dev/hot-reloader/app/hot-reloader-app.js:196
[  289234ms] [LOG] [Fast Refresh] done in 47ms @ webpack-internal:///(app-pages-browser)/../../node_modules/.pnpm/next@15.5.18_@babel+core@7.29.7_react-dom@19.2.6_react@19.2.6__react@19.2.6/node_modules/next/dist/client/dev/report-hmr-latency.js:13
[  289238ms] [LOG] [Fast Refresh] rebuilding @ webpack-internal:///(app-pages-browser)/../../node_modules/.pnpm/next@15.5.18_@babel+core@7.29.7_react-dom@19.2.6_react@19.2.6__react@19.2.6/node_modules/next/dist/client/dev/hot-reloader/app/hot-reloader-app.js:196
[  289283ms] [LOG] [Fast Refresh] done in 46ms @ webpack-internal:///(app-pages-browser)/../../node_modules/.pnpm/next@15.5.18_@babel+core@7.29.7_react-dom@19.2.6_react@19.2.6__react@19.2.6/node_modules/next/dist/client/dev/report-hmr-latency.js:13
[  289288ms] [LOG] [Fast Refresh] rebuilding @ webpack-internal:///(app-pages-browser)/../../node_modules/.pnpm/next@15.5.18_@babel+core@7.29.7_react-dom@19.2.6_react@19.2.6__react@19.2.6/node_modules/next/dist/client/dev/hot-reloader/app/hot-reloader-app.js:196
[  289335ms] [LOG] [Fast Refresh] done in 47ms @ webpack-internal:///(app-pages-browser)/../../node_modules/.pnpm/next@15.5.18_@babel+core@7.29.7_react-dom@19.2.6_react@19.2.6__react@19.2.6/node_modules/next/dist/client/dev/report-hmr-latency.js:13
[  289339ms] [LOG] [Fast Refresh] rebuilding @ webpack-internal:///(app-pages-browser)/../../node_modules/.pnpm/next@15.5.18_@babel+core@7.29.7_react-dom@19.2.6_react@19.2.6__react@19.2.6/node_modules/next/dist/client/dev/hot-reloader/app/hot-reloader-app.js:196
[  289385ms] [LOG] [Fast Refresh] done in 47ms @ webpack-internal:///(app-pages-browser)/../../node_modules/.pnpm/next@15.5.18_@babel+core@7.29.7_react-dom@19.2.6_react@19.2.6__react@19.2.6/node_modules/next/dist/client/dev/report-hmr-latency.js:13
[  289389ms] [LOG] [Fast Refresh] rebuilding @ webpack-internal:///(app-pages-browser)/../../node_modules/.pnpm/next@15.5.18_@babel+core@7.29.7_react-dom@19.2.6_react@19.2.6__react@19.2.6/node_modules/next/dist/client/dev/hot-reloader/app/hot-reloader-app.js:196
[  289432ms] [LOG] [Fast Refresh] done in 42ms @ webpack-internal:///(app-pages-browser)/../../node_modules/.pnpm/next@15.5.18_@babel+core@7.29.7_react-dom@19.2.6_react@19.2.6__react@19.2.6/node_modules/next/dist/client/dev/report-hmr-latency.js:13
[  289439ms] [LOG] [Fast Refresh] rebuilding @ webpack-internal:///(app-pages-browser)/../../node_modules/.pnpm/next@15.5.18_@babel+core@7.29.7_react-dom@19.2.6_react@19.2.6__react@19.2.6/node_modules/next/dist/client/dev/hot-reloader/app/hot-reloader-app.js:196
[  289485ms] [LOG] [Fast Refresh] done in 45ms @ webpack-internal:///(app-pages-browser)/../../node_modules/.pnpm/next@15.5.18_@babel+core@7.29.7_react-dom@19.2.6_react@19.2.6__react@19.2.6/node_modules/next/dist/client/dev/report-hmr-latency.js:13
[  289489ms] [LOG] [Fast Refresh] rebuilding @ webpack-internal:///(app-pages-browser)/../../node_modules/.pnpm/next@15.5.18_@babel+core@7.29.7_react-dom@19.2.6_react@19.2.6__react@19.2.6/node_modules/next/dist/client/dev/hot-reloader/app/hot-reloader-app.js:196
[  289534ms] [LOG] [Fast Refresh] done in 45ms @ webpack-internal:///(app-pages-browser)/../../node_modules/.pnpm/next@15.5.18_@babel+core@7.29.7_react-dom@19.2.6_react@19.2.6__react@19.2.6/node_modules/next/dist/client/dev/report-hmr-latency.js:13
[  289540ms] [LOG] [Fast Refresh] rebuilding @ webpack-internal:///(app-pages-browser)/../../node_modules/.pnpm/next@15.5.18_@babel+core@7.29.7_react-dom@19.2.6_react@19.2.6__react@19.2.6/node_modules/next/dist/client/dev/hot-reloader/app/hot-reloader-app.js:196
[  289584ms] [LOG] [Fast Refresh] done in 45ms @ webpack-internal:///(app-pages-browser)/../../node_modules/.pnpm/next@15.5.18_@babel+core@7.29.7_react-dom@19.2.6_react@19.2.6__react@19.2.6/node_modules/next/dist/client/dev/report-hmr-latency.js:13
[  289589ms] [LOG] [Fast Refresh] rebuilding @ webpack-internal:///(app-pages-browser)/../../node_modules/.pnpm/next@15.5.18_@babel+core@7.29.7_react-dom@19.2.6_react@19.2.6__react@19.2.6/node_modules/next/dist/client/dev/hot-reloader/app/hot-reloader-app.js:196
[  289633ms] [LOG] [Fast Refresh] done in 45ms @ webpack-internal:///(app-pages-browser)/../../node_modules/.pnpm/next@15.5.18_@babel+core@7.29.7_react-dom@19.2.6_react@19.2.6__react@19.2.6/node_modules/next/dist/client/dev/report-hmr-latency.js:13
[  289639ms] [LOG] [Fast Refresh] rebuilding @ webpack-internal:///(app-pages-browser)/../../node_modules/.pnpm/next@15.5.18_@babel+core@7.29.7_react-dom@19.2.6_react@19.2.6__react@19.2.6/node_modules/next/dist/client/dev/hot-reloader/app/hot-reloader-app.js:196
[  289686ms] [LOG] [Fast Refresh] done in 46ms @ webpack-internal:///(app-pages-browser)/../../node_modules/.pnpm/next@15.5.18_@babel+core@7.29.7_react-dom@19.2.6_react@19.2.6__react@19.2.6/node_modules/next/dist/client/dev/report-hmr-latency.js:13
[  289690ms] [LOG] [Fast Refresh] rebuilding @ webpack-internal:///(app-pages-browser)/../../node_modules/.pnpm/next@15.5.18_@babel+core@7.29.7_react-dom@19.2.6_react@19.2.6__react@19.2.6/node_modules/next/dist/client/dev/hot-reloader/app/hot-reloader-app.js:196
[  289737ms] [LOG] [Fast Refresh] done in 48ms @ webpack-internal:///(app-pages-browser)/../../node_modules/.pnpm/next@15.5.18_@babel+core@7.29.7_react-dom@19.2.6_react@19.2.6__react@19.2.6/node_modules/next/dist/client/dev/report-hmr-latency.js:13
[  289740ms] [LOG] [Fast Refresh] rebuilding @ webpack-internal:///(app-pages-browser)/../../node_modules/.pnpm/next@15.5.18_@babel+core@7.29.7_react-dom@19.2.6_react@19.2.6__react@19.2.6/node_modules/next/dist/client/dev/hot-reloader/app/hot-reloader-app.js:196
[  289785ms] [LOG] [Fast Refresh] done in 45ms @ webpack-internal:///(app-pages-browser)/../../node_modules/.pnpm/next@15.5.18_@babel+core@7.29.7_react-dom@19.2.6_react@19.2.6__react@19.2.6/node_modules/next/dist/client/dev/report-hmr-latency.js:13
[  289790ms] [LOG] [Fast Refresh] rebuilding @ webpack-internal:///(app-pages-browser)/../../node_modules/.pnpm/next@15.5.18_@babel+core@7.29.7_react-dom@19.2.6_react@19.2.6__react@19.2.6/node_modules/next/dist/client/dev/hot-reloader/app/hot-reloader-app.js:196
[  289832ms] [LOG] [Fast Refresh] done in 41ms @ webpack-internal:///(app-pages-browser)/../../node_modules/.pnpm/next@15.5.18_@babel+core@7.29.7_react-dom@19.2.6_react@19.2.6__react@19.2.6/node_modules/next/dist/client/dev/report-hmr-latency.js:13
[  289840ms] [LOG] [Fast Refresh] rebuilding @ webpack-internal:///(app-pages-browser)/../../node_modules/.pnpm/next@15.5.18_@babel+core@7.29.7_react-dom@19.2.6_react@19.2.6__react@19.2.6/node_modules/next/dist/client/dev/hot-reloader/app/hot-reloader-app.js:196
[  289886ms] [LOG] [Fast Refresh] done in 46ms @ webpack-internal:///(app-pages-browser)/../../node_modules/.pnpm/next@15.5.18_@babel+core@7.29.7_react-dom@19.2.6_react@19.2.6__react@19.2.6/node_modules/next/dist/client/dev/report-hmr-latency.js:13
[  289891ms] [LOG] [Fast Refresh] rebuilding @ webpack-internal:///(app-pages-browser)/../../node_modules/.pnpm/next@15.5.18_@babel+core@7.29.7_react-dom@19.2.6_react@19.2.6__react@19.2.6/node_modules/next/dist/client/dev/hot-reloader/app/hot-reloader-app.js:196
[  289940ms] [LOG] [Fast Refresh] done in 49ms @ webpack-internal:///(app-pages-browser)/../../node_modules/.pnpm/next@15.5.18_@babel+core@7.29.7_react-dom@19.2.6_react@19.2.6__react@19.2.6/node_modules/next/dist/client/dev/report-hmr-latency.js:13
[  289941ms] [LOG] [Fast Refresh] rebuilding @ webpack-internal:///(app-pages-browser)/../../node_modules/.pnpm/next@15.5.18_@babel+core@7.29.7_react-dom@19.2.6_react@19.2.6__react@19.2.6/node_modules/next/dist/client/dev/hot-reloader/app/hot-reloader-app.js:196
[  290004ms] [LOG] [Fast Refresh] rebuilding @ webpack-internal:///(app-pages-browser)/../../node_modules/.pnpm/next@15.5.18_@babel+core@7.29.7_react-dom@19.2.6_react@19.2.6__react@19.2.6/node_modules/next/dist/client/dev/hot-reloader/app/hot-reloader-app.js:196
[  290007ms] [LOG] [Fast Refresh] done in 3ms @ webpack-internal:///(app-pages-browser)/../../node_modules/.pnpm/next@15.5.18_@babel+core@7.29.7_react-dom@19.2.6_react@19.2.6__react@19.2.6/node_modules/next/dist/client/dev/report-hmr-latency.js:13
[  290045ms] [LOG] [Fast Refresh] rebuilding @ webpack-internal:///(app-pages-browser)/../../node_modules/.pnpm/next@15.5.18_@babel+core@7.29.7_react-dom@19.2.6_react@19.2.6__react@19.2.6/node_modules/next/dist/client/dev/hot-reloader/app/hot-reloader-app.js:196
[  290047ms] [LOG] [Fast Refresh] done in 2ms @ webpack-internal:///(app-pages-browser)/../../node_modules/.pnpm/next@15.5.18_@babel+core@7.29.7_react-dom@19.2.6_react@19.2.6__react@19.2.6/node_modules/next/dist/client/dev/report-hmr-latency.js:13
[  290089ms] [LOG] [Fast Refresh] done in 44ms @ webpack-internal:///(app-pages-browser)/../../node_modules/.pnpm/next@15.5.18_@babel+core@7.29.7_react-dom@19.2.6_react@19.2.6__react@19.2.6/node_modules/next/dist/client/dev/report-hmr-latency.js:13
[  290092ms] [LOG] [Fast Refresh] rebuilding @ webpack-internal:///(app-pages-browser)/../../node_modules/.pnpm/next@15.5.18_@babel+core@7.29.7_react-dom@19.2.6_react@19.2.6__react@19.2.6/node_modules/next/dist/client/dev/hot-reloader/app/hot-reloader-app.js:196
[  290138ms] [LOG] [Fast Refresh] done in 45ms @ webpack-internal:///(app-pages-browser)/../../node_modules/.pnpm/next@15.5.18_@babel+core@7.29.7_react-dom@19.2.6_react@19.2.6__react@19.2.6/node_modules/next/dist/client/dev/report-hmr-latency.js:13
[  290143ms] [LOG] [Fast Refresh] rebuilding @ webpack-internal:///(app-pages-browser)/../../node_modules/.pnpm/next@15.5.18_@babel+core@7.29.7_react-dom@19.2.6_react@19.2.6__react@19.2.6/node_modules/next/dist/client/dev/hot-reloader/app/hot-reloader-app.js:196
[  290189ms] [LOG] [Fast Refresh] done in 47ms @ webpack-internal:///(app-pages-browser)/../../node_modules/.pnpm/next@15.5.18_@babel+core@7.29.7_react-dom@19.2.6_react@19.2.6__react@19.2.6/node_modules/next/dist/client/dev/report-hmr-latency.js:13
[  290194ms] [LOG] [Fast Refresh] rebuilding @ webpack-internal:///(app-pages-browser)/../../node_modules/.pnpm/next@15.5.18_@babel+core@7.29.7_react-dom@19.2.6_react@19.2.6__react@19.2.6/node_modules/next/dist/client/dev/hot-reloader/app/hot-reloader-app.js:196
[  290237ms] [LOG] [Fast Refresh] done in 43ms @ webpack-internal:///(app-pages-browser)/../../node_modules/.pnpm/next@15.5.18_@babel+core@7.29.7_react-dom@19.2.6_react@19.2.6__react@19.2.6/node_modules/next/dist/client/dev/report-hmr-latency.js:13
[  290243ms] [LOG] [Fast Refresh] rebuilding @ webpack-internal:///(app-pages-browser)/../../node_modules/.pnpm/next@15.5.18_@babel+core@7.29.7_react-dom@19.2.6_react@19.2.6__react@19.2.6/node_modules/next/dist/client/dev/hot-reloader/app/hot-reloader-app.js:196
[  290288ms] [LOG] [Fast Refresh] done in 44ms @ webpack-internal:///(app-pages-browser)/../../node_modules/.pnpm/next@15.5.18_@babel+core@7.29.7_react-dom@19.2.6_react@19.2.6__react@19.2.6/node_modules/next/dist/client/dev/report-hmr-latency.js:13
[  290293ms] [LOG] [Fast Refresh] rebuilding @ webpack-internal:///(app-pages-browser)/../../node_modules/.pnpm/next@15.5.18_@babel+core@7.29.7_react-dom@19.2.6_react@19.2.6__react@19.2.6/node_modules/next/dist/client/dev/hot-reloader/app/hot-reloader-app.js:196
[  290338ms] [LOG] [Fast Refresh] done in 44ms @ webpack-internal:///(app-pages-browser)/../../node_modules/.pnpm/next@15.5.18_@babel+core@7.29.7_react-dom@19.2.6_react@19.2.6__react@19.2.6/node_modules/next/dist/client/dev/report-hmr-latency.js:13
[  290344ms] [LOG] [Fast Refresh] rebuilding @ webpack-internal:///(app-pages-browser)/../../node_modules/.pnpm/next@15.5.18_@babel+core@7.29.7_react-dom@19.2.6_react@19.2.6__react@19.2.6/node_modules/next/dist/client/dev/hot-reloader/app/hot-reloader-app.js:196
[  290388ms] [LOG] [Fast Refresh] done in 45ms @ webpack-internal:///(app-pages-browser)/../../node_modules/.pnpm/next@15.5.18_@babel+core@7.29.7_react-dom@19.2.6_react@19.2.6__react@19.2.6/node_modules/next/dist/client/dev/report-hmr-latency.js:13
[  290394ms] [LOG] [Fast Refresh] rebuilding @ webpack-internal:///(app-pages-browser)/../../node_modules/.pnpm/next@15.5.18_@babel+core@7.29.7_react-dom@19.2.6_react@19.2.6__react@19.2.6/node_modules/next/dist/client/dev/hot-reloader/app/hot-reloader-app.js:196
[  290440ms] [LOG] [Fast Refresh] done in 46ms @ webpack-internal:///(app-pages-browser)/../../node_modules/.pnpm/next@15.5.18_@babel+core@7.29.7_react-dom@19.2.6_react@19.2.6__react@19.2.6/node_modules/next/dist/client/dev/report-hmr-latency.js:13
[  290444ms] [LOG] [Fast Refresh] rebuilding @ webpack-internal:///(app-pages-browser)/../../node_modules/.pnpm/next@15.5.18_@babel+core@7.29.7_react-dom@19.2.6_react@19.2.6__react@19.2.6/node_modules/next/dist/client/dev/hot-reloader/app/hot-reloader-app.js:196
[  290489ms] [LOG] [Fast Refresh] done in 44ms @ webpack-internal:///(app-pages-browser)/../../node_modules/.pnpm/next@15.5.18_@babel+core@7.29.7_react-dom@19.2.6_react@19.2.6__react@19.2.6/node_modules/next/dist/client/dev/report-hmr-latency.js:13
[  290494ms] [LOG] [Fast Refresh] rebuilding @ webpack-internal:///(app-pages-browser)/../../node_modules/.pnpm/next@15.5.18_@babel+core@7.29.7_react-dom@19.2.6_react@19.2.6__react@19.2.6/node_modules/next/dist/client/dev/hot-reloader/app/hot-reloader-app.js:196
[  290537ms] [LOG] [Fast Refresh] done in 43ms @ webpack-internal:///(app-pages-browser)/../../node_modules/.pnpm/next@15.5.18_@babel+core@7.29.7_react-dom@19.2.6_react@19.2.6__react@19.2.6/node_modules/next/dist/client/dev/report-hmr-latency.js:13
[  290544ms] [LOG] [Fast Refresh] rebuilding @ webpack-internal:///(app-pages-browser)/../../node_modules/.pnpm/next@15.5.18_@babel+core@7.29.7_react-dom@19.2.6_react@19.2.6__react@19.2.6/node_modules/next/dist/client/dev/hot-reloader/app/hot-reloader-app.js:196
[  290591ms] [LOG] [Fast Refresh] done in 46ms @ webpack-internal:///(app-pages-browser)/../../node_modules/.pnpm/next@15.5.18_@babel+core@7.29.7_react-dom@19.2.6_react@19.2.6__react@19.2.6/node_modules/next/dist/client/dev/report-hmr-latency.js:13
[  290595ms] [LOG] [Fast Refresh] rebuilding @ webpack-internal:///(app-pages-browser)/../../node_modules/.pnpm/next@15.5.18_@babel+core@7.29.7_react-dom@19.2.6_react@19.2.6__react@19.2.6/node_modules/next/dist/client/dev/hot-reloader/app/hot-reloader-app.js:196
[  290641ms] [LOG] [Fast Refresh] done in 46ms @ webpack-internal:///(app-pages-browser)/../../node_modules/.pnpm/next@15.5.18_@babel+core@7.29.7_react-dom@19.2.6_react@19.2.6__react@19.2.6/node_modules/next/dist/client/dev/report-hmr-latency.js:13
[  290645ms] [LOG] [Fast Refresh] rebuilding @ webpack-internal:///(app-pages-browser)/../../node_modules/.pnpm/next@15.5.18_@babel+core@7.29.7_react-dom@19.2.6_react@19.2.6__react@19.2.6/node_modules/next/dist/client/dev/hot-reloader/app/hot-reloader-app.js:196
[  290691ms] [LOG] [Fast Refresh] done in 46ms @ webpack-internal:///(app-pages-browser)/../../node_modules/.pnpm/next@15.5.18_@babel+core@7.29.7_react-dom@19.2.6_react@19.2.6__react@19.2.6/node_modules/next/dist/client/dev/report-hmr-latency.js:13
[  290696ms] [LOG] [Fast Refresh] rebuilding @ webpack-internal:///(app-pages-browser)/../../node_modules/.pnpm/next@15.5.18_@babel+core@7.29.7_react-dom@19.2.6_react@19.2.6__react@19.2.6/node_modules/next/dist/client/dev/hot-reloader/app/hot-reloader-app.js:196
[  290742ms] [LOG] [Fast Refresh] done in 46ms @ webpack-internal:///(app-pages-browser)/../../node_modules/.pnpm/next@15.5.18_@babel+core@7.29.7_react-dom@19.2.6_react@19.2.6__react@19.2.6/node_modules/next/dist/client/dev/report-hmr-latency.js:13
[  290746ms] [LOG] [Fast Refresh] rebuilding @ webpack-internal:///(app-pages-browser)/../../node_modules/.pnpm/next@15.5.18_@babel+core@7.29.7_react-dom@19.2.6_react@19.2.6__react@19.2.6/node_modules/next/dist/client/dev/hot-reloader/app/hot-reloader-app.js:196
[  290789ms] [LOG] [Fast Refresh] done in 44ms @ webpack-internal:///(app-pages-browser)/../../node_modules/.pnpm/next@15.5.18_@babel+core@7.29.7_react-dom@19.2.6_react@19.2.6__react@19.2.6/node_modules/next/dist/client/dev/report-hmr-latency.js:13
[  290796ms] [LOG] [Fast Refresh] rebuilding @ webpack-internal:///(app-pages-browser)/../../node_modules/.pnpm/next@15.5.18_@babel+core@7.29.7_react-dom@19.2.6_react@19.2.6__react@19.2.6/node_modules/next/dist/client/dev/hot-reloader/app/hot-reloader-app.js:196
[  290841ms] [LOG] [Fast Refresh] done in 44ms @ webpack-internal:///(app-pages-browser)/../../node_modules/.pnpm/next@15.5.18_@babel+core@7.29.7_react-dom@19.2.6_react@19.2.6__react@19.2.6/node_modules/next/dist/client/dev/report-hmr-latency.js:13
[  290847ms] [LOG] [Fast Refresh] rebuilding @ webpack-internal:///(app-pages-browser)/../../node_modules/.pnpm/next@15.5.18_@babel+core@7.29.7_react-dom@19.2.6_react@19.2.6__react@19.2.6/node_modules/next/dist/client/dev/hot-reloader/app/hot-reloader-app.js:196
[  290892ms] [LOG] [Fast Refresh] done in 46ms @ webpack-internal:///(app-pages-browser)/../../node_modules/.pnpm/next@15.5.18_@babel+core@7.29.7_react-dom@19.2.6_react@19.2.6__react@19.2.6/node_modules/next/dist/client/dev/report-hmr-latency.js:13
[  290897ms] [LOG] [Fast Refresh] rebuilding @ webpack-internal:///(app-pages-browser)/../../node_modules/.pnpm/next@15.5.18_@babel+core@7.29.7_react-dom@19.2.6_react@19.2.6__react@19.2.6/node_modules/next/dist/client/dev/hot-reloader/app/hot-reloader-app.js:196
[  290941ms] [LOG] [Fast Refresh] done in 45ms @ webpack-internal:///(app-pages-browser)/../../node_modules/.pnpm/next@15.5.18_@babel+core@7.29.7_react-dom@19.2.6_react@19.2.6__react@19.2.6/node_modules/next/dist/client/dev/report-hmr-latency.js:13
[  290947ms] [LOG] [Fast Refresh] rebuilding @ webpack-internal:///(app-pages-browser)/../../node_modules/.pnpm/next@15.5.18_@babel+core@7.29.7_react-dom@19.2.6_react@19.2.6__react@19.2.6/node_modules/next/dist/client/dev/hot-reloader/app/hot-reloader-app.js:196
[  290990ms] [LOG] [Fast Refresh] done in 42ms @ webpack-internal:///(app-pages-browser)/../../node_modules/.pnpm/next@15.5.18_@babel+core@7.29.7_react-dom@19.2.6_react@19.2.6__react@19.2.6/node_modules/next/dist/client/dev/report-hmr-latency.js:13
[  290998ms] [LOG] [Fast Refresh] rebuilding @ webpack-internal:///(app-pages-browser)/../../node_modules/.pnpm/next@15.5.18_@babel+core@7.29.7_react-dom@19.2.6_react@19.2.6__react@19.2.6/node_modules/next/dist/client/dev/hot-reloader/app/hot-reloader-app.js:196
[  291043ms] [LOG] [Fast Refresh] done in 46ms @ webpack-internal:///(app-pages-browser)/../../node_modules/.pnpm/next@15.5.18_@babel+core@7.29.7_react-dom@19.2.6_react@19.2.6__react@19.2.6/node_modules/next/dist/client/dev/report-hmr-latency.js:13
[  291048ms] [LOG] [Fast Refresh] rebuilding @ webpack-internal:///(app-pages-browser)/../../node_modules/.pnpm/next@15.5.18_@babel+core@7.29.7_react-dom@19.2.6_react@19.2.6__react@19.2.6/node_modules/next/dist/client/dev/hot-reloader/app/hot-reloader-app.js:196
[  291093ms] [LOG] [Fast Refresh] done in 44ms @ webpack-internal:///(app-pages-browser)/../../node_modules/.pnpm/next@15.5.18_@babel+core@7.29.7_react-dom@19.2.6_react@19.2.6__react@19.2.6/node_modules/next/dist/client/dev/report-hmr-latency.js:13
[  291098ms] [LOG] [Fast Refresh] rebuilding @ webpack-internal:///(app-pages-browser)/../../node_modules/.pnpm/next@15.5.18_@babel+core@7.29.7_react-dom@19.2.6_react@19.2.6__react@19.2.6/node_modules/next/dist/client/dev/hot-reloader/app/hot-reloader-app.js:196
[  291167ms] [LOG] [Fast Refresh] rebuilding @ webpack-internal:///(app-pages-browser)/../../node_modules/.pnpm/next@15.5.18_@babel+core@7.29.7_react-dom@19.2.6_react@19.2.6__react@19.2.6/node_modules/next/dist/client/dev/hot-reloader/app/hot-reloader-app.js:196
[  291170ms] [LOG] [Fast Refresh] done in 2ms @ webpack-internal:///(app-pages-browser)/../../node_modules/.pnpm/next@15.5.18_@babel+core@7.29.7_react-dom@19.2.6_react@19.2.6__react@19.2.6/node_modules/next/dist/client/dev/report-hmr-latency.js:13
[  291211ms] [LOG] [Fast Refresh] rebuilding @ webpack-internal:///(app-pages-browser)/../../node_modules/.pnpm/next@15.5.18_@babel+core@7.29.7_react-dom@19.2.6_react@19.2.6__react@19.2.6/node_modules/next/dist/client/dev/hot-reloader/app/hot-reloader-app.js:196
[  291213ms] [LOG] [Fast Refresh] done in 2ms @ webpack-internal:///(app-pages-browser)/../../node_modules/.pnpm/next@15.5.18_@babel+core@7.29.7_react-dom@19.2.6_react@19.2.6__react@19.2.6/node_modules/next/dist/client/dev/report-hmr-latency.js:13
[  291254ms] [LOG] [Fast Refresh] rebuilding @ webpack-internal:///(app-pages-browser)/../../node_modules/.pnpm/next@15.5.18_@babel+core@7.29.7_react-dom@19.2.6_react@19.2.6__react@19.2.6/node_modules/next/dist/client/dev/hot-reloader/app/hot-reloader-app.js:196
[  291257ms] [LOG] [Fast Refresh] done in 2ms @ webpack-internal:///(app-pages-browser)/../../node_modules/.pnpm/next@15.5.18_@babel+core@7.29.7_react-dom@19.2.6_react@19.2.6__react@19.2.6/node_modules/next/dist/client/dev/report-hmr-latency.js:13
[  291299ms] [LOG] [Fast Refresh] done in 44ms @ webpack-internal:///(app-pages-browser)/../../node_modules/.pnpm/next@15.5.18_@babel+core@7.29.7_react-dom@19.2.6_react@19.2.6__react@19.2.6/node_modules/next/dist/client/dev/report-hmr-latency.js:13
[  291301ms] [LOG] [Fast Refresh] rebuilding @ webpack-internal:///(app-pages-browser)/../../node_modules/.pnpm/next@15.5.18_@babel+core@7.29.7_react-dom@19.2.6_react@19.2.6__react@19.2.6/node_modules/next/dist/client/dev/hot-reloader/app/hot-reloader-app.js:196
[  291343ms] [LOG] [Fast Refresh] done in 43ms @ webpack-internal:///(app-pages-browser)/../../node_modules/.pnpm/next@15.5.18_@babel+core@7.29.7_react-dom@19.2.6_react@19.2.6__react@19.2.6/node_modules/next/dist/client/dev/report-hmr-latency.js:13
[  291351ms] [LOG] [Fast Refresh] rebuilding @ webpack-internal:///(app-pages-browser)/../../node_modules/.pnpm/next@15.5.18_@babel+core@7.29.7_react-dom@19.2.6_react@19.2.6__react@19.2.6/node_modules/next/dist/client/dev/hot-reloader/app/hot-reloader-app.js:196
[  291402ms] [LOG] [Fast Refresh] rebuilding @ webpack-internal:///(app-pages-browser)/../../node_modules/.pnpm/next@15.5.18_@babel+core@7.29.7_react-dom@19.2.6_react@19.2.6__react@19.2.6/node_modules/next/dist/client/dev/hot-reloader/app/hot-reloader-app.js:196
[  291403ms] [LOG] [Fast Refresh] done in 2ms @ webpack-internal:///(app-pages-browser)/../../node_modules/.pnpm/next@15.5.18_@babel+core@7.29.7_react-dom@19.2.6_react@19.2.6__react@19.2.6/node_modules/next/dist/client/dev/report-hmr-latency.js:13
[  291449ms] [LOG] [Fast Refresh] done in 48ms @ webpack-internal:///(app-pages-browser)/../../node_modules/.pnpm/next@15.5.18_@babel+core@7.29.7_react-dom@19.2.6_react@19.2.6__react@19.2.6/node_modules/next/dist/client/dev/report-hmr-latency.js:13
[  291452ms] [LOG] [Fast Refresh] rebuilding @ webpack-internal:///(app-pages-browser)/../../node_modules/.pnpm/next@15.5.18_@babel+core@7.29.7_react-dom@19.2.6_react@19.2.6__react@19.2.6/node_modules/next/dist/client/dev/hot-reloader/app/hot-reloader-app.js:196
[  291497ms] [LOG] [Fast Refresh] done in 44ms @ webpack-internal:///(app-pages-browser)/../../node_modules/.pnpm/next@15.5.18_@babel+core@7.29.7_react-dom@19.2.6_react@19.2.6__react@19.2.6/node_modules/next/dist/client/dev/report-hmr-latency.js:13
[  291503ms] [LOG] [Fast Refresh] rebuilding @ webpack-internal:///(app-pages-browser)/../../node_modules/.pnpm/next@15.5.18_@babel+core@7.29.7_react-dom@19.2.6_react@19.2.6__react@19.2.6/node_modules/next/dist/client/dev/hot-reloader/app/hot-reloader-app.js:196
[  291546ms] [LOG] [Fast Refresh] done in 44ms @ webpack-internal:///(app-pages-browser)/../../node_modules/.pnpm/next@15.5.18_@babel+core@7.29.7_react-dom@19.2.6_react@19.2.6__react@19.2.6/node_modules/next/dist/client/dev/report-hmr-latency.js:13
[  291552ms] [LOG] [Fast Refresh] rebuilding @ webpack-internal:///(app-pages-browser)/../../node_modules/.pnpm/next@15.5.18_@babel+core@7.29.7_react-dom@19.2.6_react@19.2.6__react@19.2.6/node_modules/next/dist/client/dev/hot-reloader/app/hot-reloader-app.js:196
[  291598ms] [LOG] [Fast Refresh] done in 45ms @ webpack-internal:///(app-pages-browser)/../../node_modules/.pnpm/next@15.5.18_@babel+core@7.29.7_react-dom@19.2.6_react@19.2.6__react@19.2.6/node_modules/next/dist/client/dev/report-hmr-latency.js:13
[  291603ms] [LOG] [Fast Refresh] rebuilding @ webpack-internal:///(app-pages-browser)/../../node_modules/.pnpm/next@15.5.18_@babel+core@7.29.7_react-dom@19.2.6_react@19.2.6__react@19.2.6/node_modules/next/dist/client/dev/hot-reloader/app/hot-reloader-app.js:196
[  291649ms] [LOG] [Fast Refresh] done in 47ms @ webpack-internal:///(app-pages-browser)/../../node_modules/.pnpm/next@15.5.18_@babel+core@7.29.7_react-dom@19.2.6_react@19.2.6__react@19.2.6/node_modules/next/dist/client/dev/report-hmr-latency.js:13
[  291653ms] [LOG] [Fast Refresh] rebuilding @ webpack-internal:///(app-pages-browser)/../../node_modules/.pnpm/next@15.5.18_@babel+core@7.29.7_react-dom@19.2.6_react@19.2.6__react@19.2.6/node_modules/next/dist/client/dev/hot-reloader/app/hot-reloader-app.js:196
[  291702ms] [LOG] [Fast Refresh] done in 49ms @ webpack-internal:///(app-pages-browser)/../../node_modules/.pnpm/next@15.5.18_@babel+core@7.29.7_react-dom@19.2.6_react@19.2.6__react@19.2.6/node_modules/next/dist/client/dev/report-hmr-latency.js:13
[  291703ms] [LOG] [Fast Refresh] rebuilding @ webpack-internal:///(app-pages-browser)/../../node_modules/.pnpm/next@15.5.18_@babel+core@7.29.7_react-dom@19.2.6_react@19.2.6__react@19.2.6/node_modules/next/dist/client/dev/hot-reloader/app/hot-reloader-app.js:196
[  291745ms] [LOG] [Fast Refresh] done in 43ms @ webpack-internal:///(app-pages-browser)/../../node_modules/.pnpm/next@15.5.18_@babel+core@7.29.7_react-dom@19.2.6_react@19.2.6__react@19.2.6/node_modules/next/dist/client/dev/report-hmr-latency.js:13
[  291753ms] [LOG] [Fast Refresh] rebuilding @ webpack-internal:///(app-pages-browser)/../../node_modules/.pnpm/next@15.5.18_@babel+core@7.29.7_react-dom@19.2.6_react@19.2.6__react@19.2.6/node_modules/next/dist/client/dev/hot-reloader/app/hot-reloader-app.js:196
[  291798ms] [LOG] [Fast Refresh] done in 45ms @ webpack-internal:///(app-pages-browser)/../../node_modules/.pnpm/next@15.5.18_@babel+core@7.29.7_react-dom@19.2.6_react@19.2.6__react@19.2.6/node_modules/next/dist/client/dev/report-hmr-latency.js:13
[  291803ms] [LOG] [Fast Refresh] rebuilding @ webpack-internal:///(app-pages-browser)/../../node_modules/.pnpm/next@15.5.18_@babel+core@7.29.7_react-dom@19.2.6_react@19.2.6__react@19.2.6/node_modules/next/dist/client/dev/hot-reloader/app/hot-reloader-app.js:196
[  291848ms] [LOG] [Fast Refresh] done in 45ms @ webpack-internal:///(app-pages-browser)/../../node_modules/.pnpm/next@15.5.18_@babel+core@7.29.7_react-dom@19.2.6_react@19.2.6__react@19.2.6/node_modules/next/dist/client/dev/report-hmr-latency.js:13
[  291854ms] [LOG] [Fast Refresh] rebuilding @ webpack-internal:///(app-pages-browser)/../../node_modules/.pnpm/next@15.5.18_@babel+core@7.29.7_react-dom@19.2.6_react@19.2.6__react@19.2.6/node_modules/next/dist/client/dev/hot-reloader/app/hot-reloader-app.js:196
[  291901ms] [LOG] [Fast Refresh] done in 46ms @ webpack-internal:///(app-pages-browser)/../../node_modules/.pnpm/next@15.5.18_@babel+core@7.29.7_react-dom@19.2.6_react@19.2.6__react@19.2.6/node_modules/next/dist/client/dev/report-hmr-latency.js:13
[  291904ms] [LOG] [Fast Refresh] rebuilding @ webpack-internal:///(app-pages-browser)/../../node_modules/.pnpm/next@15.5.18_@babel+core@7.29.7_react-dom@19.2.6_react@19.2.6__react@19.2.6/node_modules/next/dist/client/dev/hot-reloader/app/hot-reloader-app.js:196
[  291951ms] [LOG] [Fast Refresh] done in 46ms @ webpack-internal:///(app-pages-browser)/../../node_modules/.pnpm/next@15.5.18_@babel+core@7.29.7_react-dom@19.2.6_react@19.2.6__react@19.2.6/node_modules/next/dist/client/dev/report-hmr-latency.js:13
[  291954ms] [LOG] [Fast Refresh] rebuilding @ webpack-internal:///(app-pages-browser)/../../node_modules/.pnpm/next@15.5.18_@babel+core@7.29.7_react-dom@19.2.6_react@19.2.6__react@19.2.6/node_modules/next/dist/client/dev/hot-reloader/app/hot-reloader-app.js:196
[  291998ms] [LOG] [Fast Refresh] done in 44ms @ webpack-internal:///(app-pages-browser)/../../node_modules/.pnpm/next@15.5.18_@babel+core@7.29.7_react-dom@19.2.6_react@19.2.6__react@19.2.6/node_modules/next/dist/client/dev/report-hmr-latency.js:13
[  292005ms] [LOG] [Fast Refresh] rebuilding @ webpack-internal:///(app-pages-browser)/../../node_modules/.pnpm/next@15.5.18_@babel+core@7.29.7_react-dom@19.2.6_react@19.2.6__react@19.2.6/node_modules/next/dist/client/dev/hot-reloader/app/hot-reloader-app.js:196
[  292050ms] [LOG] [Fast Refresh] done in 46ms @ webpack-internal:///(app-pages-browser)/../../node_modules/.pnpm/next@15.5.18_@babel+core@7.29.7_react-dom@19.2.6_react@19.2.6__react@19.2.6/node_modules/next/dist/client/dev/report-hmr-latency.js:13
[  292055ms] [LOG] [Fast Refresh] rebuilding @ webpack-internal:///(app-pages-browser)/../../node_modules/.pnpm/next@15.5.18_@babel+core@7.29.7_react-dom@19.2.6_react@19.2.6__react@19.2.6/node_modules/next/dist/client/dev/hot-reloader/app/hot-reloader-app.js:196
[  292101ms] [LOG] [Fast Refresh] done in 46ms @ webpack-internal:///(app-pages-browser)/../../node_modules/.pnpm/next@15.5.18_@babel+core@7.29.7_react-dom@19.2.6_react@19.2.6__react@19.2.6/node_modules/next/dist/client/dev/report-hmr-latency.js:13
[  292106ms] [LOG] [Fast Refresh] rebuilding @ webpack-internal:///(app-pages-browser)/../../node_modules/.pnpm/next@15.5.18_@babel+core@7.29.7_react-dom@19.2.6_react@19.2.6__react@19.2.6/node_modules/next/dist/client/dev/hot-reloader/app/hot-reloader-app.js:196
[  292148ms] [LOG] [Fast Refresh] done in 42ms @ webpack-internal:///(app-pages-browser)/../../node_modules/.pnpm/next@15.5.18_@babel+core@7.29.7_react-dom@19.2.6_react@19.2.6__react@19.2.6/node_modules/next/dist/client/dev/report-hmr-latency.js:13
[  292155ms] [LOG] [Fast Refresh] rebuilding @ webpack-internal:///(app-pages-browser)/../../node_modules/.pnpm/next@15.5.18_@babel+core@7.29.7_react-dom@19.2.6_react@19.2.6__react@19.2.6/node_modules/next/dist/client/dev/hot-reloader/app/hot-reloader-app.js:196
[  292204ms] [LOG] [Fast Refresh] done in 48ms @ webpack-internal:///(app-pages-browser)/../../node_modules/.pnpm/next@15.5.18_@babel+core@7.29.7_react-dom@19.2.6_react@19.2.6__react@19.2.6/node_modules/next/dist/client/dev/report-hmr-latency.js:13
[  292205ms] [LOG] [Fast Refresh] rebuilding @ webpack-internal:///(app-pages-browser)/../../node_modules/.pnpm/next@15.5.18_@babel+core@7.29.7_react-dom@19.2.6_react@19.2.6__react@19.2.6/node_modules/next/dist/client/dev/hot-reloader/app/hot-reloader-app.js:196
[  292256ms] [LOG] [Fast Refresh] rebuilding @ webpack-internal:///(app-pages-browser)/../../node_modules/.pnpm/next@15.5.18_@babel+core@7.29.7_react-dom@19.2.6_react@19.2.6__react@19.2.6/node_modules/next/dist/client/dev/hot-reloader/app/hot-reloader-app.js:196
[  292257ms] [LOG] [Fast Refresh] done in 1ms @ webpack-internal:///(app-pages-browser)/../../node_modules/.pnpm/next@15.5.18_@babel+core@7.29.7_react-dom@19.2.6_react@19.2.6__react@19.2.6/node_modules/next/dist/client/dev/report-hmr-latency.js:13
[  292324ms] [LOG] [Fast Refresh] rebuilding @ webpack-internal:///(app-pages-browser)/../../node_modules/.pnpm/next@15.5.18_@babel+core@7.29.7_react-dom@19.2.6_react@19.2.6__react@19.2.6/node_modules/next/dist/client/dev/hot-reloader/app/hot-reloader-app.js:196
[  292327ms] [LOG] [Fast Refresh] done in 2ms @ webpack-internal:///(app-pages-browser)/../../node_modules/.pnpm/next@15.5.18_@babel+core@7.29.7_react-dom@19.2.6_react@19.2.6__react@19.2.6/node_modules/next/dist/client/dev/report-hmr-latency.js:13
[  292370ms] [LOG] [Fast Refresh] rebuilding @ webpack-internal:///(app-pages-browser)/../../node_modules/.pnpm/next@15.5.18_@babel+core@7.29.7_react-dom@19.2.6_react@19.2.6__react@19.2.6/node_modules/next/dist/client/dev/hot-reloader/app/hot-reloader-app.js:196
[  292373ms] [LOG] [Fast Refresh] done in 2ms @ webpack-internal:///(app-pages-browser)/../../node_modules/.pnpm/next@15.5.18_@babel+core@7.29.7_react-dom@19.2.6_react@19.2.6__react@19.2.6/node_modules/next/dist/client/dev/report-hmr-latency.js:13
[  292414ms] [LOG] [Fast Refresh] rebuilding @ webpack-internal:///(app-pages-browser)/../../node_modules/.pnpm/next@15.5.18_@babel+core@7.29.7_react-dom@19.2.6_react@19.2.6__react@19.2.6/node_modules/next/dist/client/dev/hot-reloader/app/hot-reloader-app.js:196
[  292425ms] [LOG] [Fast Refresh] done in 11ms @ webpack-internal:///(app-pages-browser)/../../node_modules/.pnpm/next@15.5.18_@babel+core@7.29.7_react-dom@19.2.6_react@19.2.6__react@19.2.6/node_modules/next/dist/client/dev/report-hmr-latency.js:13
[  292458ms] [LOG] [Fast Refresh] done in 44ms @ webpack-internal:///(app-pages-browser)/../../node_modules/.pnpm/next@15.5.18_@babel+core@7.29.7_react-dom@19.2.6_react@19.2.6__react@19.2.6/node_modules/next/dist/client/dev/report-hmr-latency.js:13
[  292459ms] [LOG] [Fast Refresh] rebuilding @ webpack-internal:///(app-pages-browser)/../../node_modules/.pnpm/next@15.5.18_@babel+core@7.29.7_react-dom@19.2.6_react@19.2.6__react@19.2.6/node_modules/next/dist/client/dev/hot-reloader/app/hot-reloader-app.js:196
[  292506ms] [LOG] [Fast Refresh] done in 46ms @ webpack-internal:///(app-pages-browser)/../../node_modules/.pnpm/next@15.5.18_@babel+core@7.29.7_react-dom@19.2.6_react@19.2.6__react@19.2.6/node_modules/next/dist/client/dev/report-hmr-latency.js:13
[  292510ms] [LOG] [Fast Refresh] rebuilding @ webpack-internal:///(app-pages-browser)/../../node_modules/.pnpm/next@15.5.18_@babel+core@7.29.7_react-dom@19.2.6_react@19.2.6__react@19.2.6/node_modules/next/dist/client/dev/hot-reloader/app/hot-reloader-app.js:196
[  292555ms] [LOG] [Fast Refresh] done in 46ms @ webpack-internal:///(app-pages-browser)/../../node_modules/.pnpm/next@15.5.18_@babel+core@7.29.7_react-dom@19.2.6_react@19.2.6__react@19.2.6/node_modules/next/dist/client/dev/report-hmr-latency.js:13
[  292560ms] [LOG] [Fast Refresh] rebuilding @ webpack-internal:///(app-pages-browser)/../../node_modules/.pnpm/next@15.5.18_@babel+core@7.29.7_react-dom@19.2.6_react@19.2.6__react@19.2.6/node_modules/next/dist/client/dev/hot-reloader/app/hot-reloader-app.js:196
[  292607ms] [LOG] [Fast Refresh] done in 46ms @ webpack-internal:///(app-pages-browser)/../../node_modules/.pnpm/next@15.5.18_@babel+core@7.29.7_react-dom@19.2.6_react@19.2.6__react@19.2.6/node_modules/next/dist/client/dev/report-hmr-latency.js:13
[  292611ms] [LOG] [Fast Refresh] rebuilding @ webpack-internal:///(app-pages-browser)/../../node_modules/.pnpm/next@15.5.18_@babel+core@7.29.7_react-dom@19.2.6_react@19.2.6__react@19.2.6/node_modules/next/dist/client/dev/hot-reloader/app/hot-reloader-app.js:196
[  292655ms] [LOG] [Fast Refresh] done in 45ms @ webpack-internal:///(app-pages-browser)/../../node_modules/.pnpm/next@15.5.18_@babel+core@7.29.7_react-dom@19.2.6_react@19.2.6__react@19.2.6/node_modules/next/dist/client/dev/report-hmr-latency.js:13
[  292661ms] [LOG] [Fast Refresh] rebuilding @ webpack-internal:///(app-pages-browser)/../../node_modules/.pnpm/next@15.5.18_@babel+core@7.29.7_react-dom@19.2.6_react@19.2.6__react@19.2.6/node_modules/next/dist/client/dev/hot-reloader/app/hot-reloader-app.js:196
[  292707ms] [LOG] [Fast Refresh] done in 47ms @ webpack-internal:///(app-pages-browser)/../../node_modules/.pnpm/next@15.5.18_@babel+core@7.29.7_react-dom@19.2.6_react@19.2.6__react@19.2.6/node_modules/next/dist/client/dev/report-hmr-latency.js:13
[  292711ms] [LOG] [Fast Refresh] rebuilding @ webpack-internal:///(app-pages-browser)/../../node_modules/.pnpm/next@15.5.18_@babel+core@7.29.7_react-dom@19.2.6_react@19.2.6__react@19.2.6/node_modules/next/dist/client/dev/hot-reloader/app/hot-reloader-app.js:196
[  292757ms] [LOG] [Fast Refresh] done in 46ms @ webpack-internal:///(app-pages-browser)/../../node_modules/.pnpm/next@15.5.18_@babel+core@7.29.7_react-dom@19.2.6_react@19.2.6__react@19.2.6/node_modules/next/dist/client/dev/report-hmr-latency.js:13
[  292761ms] [LOG] [Fast Refresh] rebuilding @ webpack-internal:///(app-pages-browser)/../../node_modules/.pnpm/next@15.5.18_@babel+core@7.29.7_react-dom@19.2.6_react@19.2.6__react@19.2.6/node_modules/next/dist/client/dev/hot-reloader/app/hot-reloader-app.js:196
[  292808ms] [LOG] [Fast Refresh] done in 48ms @ webpack-internal:///(app-pages-browser)/../../node_modules/.pnpm/next@15.5.18_@babel+core@7.29.7_react-dom@19.2.6_react@19.2.6__react@19.2.6/node_modules/next/dist/client/dev/report-hmr-latency.js:13
[  292812ms] [LOG] [Fast Refresh] rebuilding @ webpack-internal:///(app-pages-browser)/../../node_modules/.pnpm/next@15.5.18_@babel+core@7.29.7_react-dom@19.2.6_react@19.2.6__react@19.2.6/node_modules/next/dist/client/dev/hot-reloader/app/hot-reloader-app.js:196
[  292857ms] [LOG] [Fast Refresh] done in 45ms @ webpack-internal:///(app-pages-browser)/../../node_modules/.pnpm/next@15.5.18_@babel+core@7.29.7_react-dom@19.2.6_react@19.2.6__react@19.2.6/node_modules/next/dist/client/dev/report-hmr-latency.js:13
[  292862ms] [LOG] [Fast Refresh] rebuilding @ webpack-internal:///(app-pages-browser)/../../node_modules/.pnpm/next@15.5.18_@babel+core@7.29.7_react-dom@19.2.6_react@19.2.6__react@19.2.6/node_modules/next/dist/client/dev/hot-reloader/app/hot-reloader-app.js:196
[  292907ms] [LOG] [Fast Refresh] done in 45ms @ webpack-internal:///(app-pages-browser)/../../node_modules/.pnpm/next@15.5.18_@babel+core@7.29.7_react-dom@19.2.6_react@19.2.6__react@19.2.6/node_modules/next/dist/client/dev/report-hmr-latency.js:13
[  292912ms] [LOG] [Fast Refresh] rebuilding @ webpack-internal:///(app-pages-browser)/../../node_modules/.pnpm/next@15.5.18_@babel+core@7.29.7_react-dom@19.2.6_react@19.2.6__react@19.2.6/node_modules/next/dist/client/dev/hot-reloader/app/hot-reloader-app.js:196
[  292958ms] [LOG] [Fast Refresh] done in 46ms @ webpack-internal:///(app-pages-browser)/../../node_modules/.pnpm/next@15.5.18_@babel+core@7.29.7_react-dom@19.2.6_react@19.2.6__react@19.2.6/node_modules/next/dist/client/dev/report-hmr-latency.js:13
[  292963ms] [LOG] [Fast Refresh] rebuilding @ webpack-internal:///(app-pages-browser)/../../node_modules/.pnpm/next@15.5.18_@babel+core@7.29.7_react-dom@19.2.6_react@19.2.6__react@19.2.6/node_modules/next/dist/client/dev/hot-reloader/app/hot-reloader-app.js:196
[  293007ms] [LOG] [Fast Refresh] done in 44ms @ webpack-internal:///(app-pages-browser)/../../node_modules/.pnpm/next@15.5.18_@babel+core@7.29.7_react-dom@19.2.6_react@19.2.6__react@19.2.6/node_modules/next/dist/client/dev/report-hmr-latency.js:13
[  293012ms] [LOG] [Fast Refresh] rebuilding @ webpack-internal:///(app-pages-browser)/../../node_modules/.pnpm/next@15.5.18_@babel+core@7.29.7_react-dom@19.2.6_react@19.2.6__react@19.2.6/node_modules/next/dist/client/dev/hot-reloader/app/hot-reloader-app.js:196
[  293056ms] [LOG] [Fast Refresh] done in 44ms @ webpack-internal:///(app-pages-browser)/../../node_modules/.pnpm/next@15.5.18_@babel+core@7.29.7_react-dom@19.2.6_react@19.2.6__react@19.2.6/node_modules/next/dist/client/dev/report-hmr-latency.js:13
[  293063ms] [LOG] [Fast Refresh] rebuilding @ webpack-internal:///(app-pages-browser)/../../node_modules/.pnpm/next@15.5.18_@babel+core@7.29.7_react-dom@19.2.6_react@19.2.6__react@19.2.6/node_modules/next/dist/client/dev/hot-reloader/app/hot-reloader-app.js:196
[  293108ms] [LOG] [Fast Refresh] done in 45ms @ webpack-internal:///(app-pages-browser)/../../node_modules/.pnpm/next@15.5.18_@babel+core@7.29.7_react-dom@19.2.6_react@19.2.6__react@19.2.6/node_modules/next/dist/client/dev/report-hmr-latency.js:13
[  293113ms] [LOG] [Fast Refresh] rebuilding @ webpack-internal:///(app-pages-browser)/../../node_modules/.pnpm/next@15.5.18_@babel+core@7.29.7_react-dom@19.2.6_react@19.2.6__react@19.2.6/node_modules/next/dist/client/dev/hot-reloader/app/hot-reloader-app.js:196
[  293155ms] [LOG] [Fast Refresh] done in 42ms @ webpack-internal:///(app-pages-browser)/../../node_modules/.pnpm/next@15.5.18_@babel+core@7.29.7_react-dom@19.2.6_react@19.2.6__react@19.2.6/node_modules/next/dist/client/dev/report-hmr-latency.js:13
[  293163ms] [LOG] [Fast Refresh] rebuilding @ webpack-internal:///(app-pages-browser)/../../node_modules/.pnpm/next@15.5.18_@babel+core@7.29.7_react-dom@19.2.6_react@19.2.6__react@19.2.6/node_modules/next/dist/client/dev/hot-reloader/app/hot-reloader-app.js:196
[  293209ms] [LOG] [Fast Refresh] done in 45ms @ webpack-internal:///(app-pages-browser)/../../node_modules/.pnpm/next@15.5.18_@babel+core@7.29.7_react-dom@19.2.6_react@19.2.6__react@19.2.6/node_modules/next/dist/client/dev/report-hmr-latency.js:13
[  293214ms] [LOG] [Fast Refresh] rebuilding @ webpack-internal:///(app-pages-browser)/../../node_modules/.pnpm/next@15.5.18_@babel+core@7.29.7_react-dom@19.2.6_react@19.2.6__react@19.2.6/node_modules/next/dist/client/dev/hot-reloader/app/hot-reloader-app.js:196
[  293253ms] [LOG] [Fast Refresh] done in 40ms @ webpack-internal:///(app-pages-browser)/../../node_modules/.pnpm/next@15.5.18_@babel+core@7.29.7_react-dom@19.2.6_react@19.2.6__react@19.2.6/node_modules/next/dist/client/dev/report-hmr-latency.js:13
[  293264ms] [LOG] [Fast Refresh] rebuilding @ webpack-internal:///(app-pages-browser)/../../node_modules/.pnpm/next@15.5.18_@babel+core@7.29.7_react-dom@19.2.6_react@19.2.6__react@19.2.6/node_modules/next/dist/client/dev/hot-reloader/app/hot-reloader-app.js:196
[  293312ms] [LOG] [Fast Refresh] done in 48ms @ webpack-internal:///(app-pages-browser)/../../node_modules/.pnpm/next@15.5.18_@babel+core@7.29.7_react-dom@19.2.6_react@19.2.6__react@19.2.6/node_modules/next/dist/client/dev/report-hmr-latency.js:13
[  293314ms] [LOG] [Fast Refresh] rebuilding @ webpack-internal:///(app-pages-browser)/../../node_modules/.pnpm/next@15.5.18_@babel+core@7.29.7_react-dom@19.2.6_react@19.2.6__react@19.2.6/node_modules/next/dist/client/dev/hot-reloader/app/hot-reloader-app.js:196
[  293360ms] [LOG] [Fast Refresh] done in 46ms @ webpack-internal:///(app-pages-browser)/../../node_modules/.pnpm/next@15.5.18_@babel+core@7.29.7_react-dom@19.2.6_react@19.2.6__react@19.2.6/node_modules/next/dist/client/dev/report-hmr-latency.js:13
[  293364ms] [LOG] [Fast Refresh] rebuilding @ webpack-internal:///(app-pages-browser)/../../node_modules/.pnpm/next@15.5.18_@babel+core@7.29.7_react-dom@19.2.6_react@19.2.6__react@19.2.6/node_modules/next/dist/client/dev/hot-reloader/app/hot-reloader-app.js:196
[  293410ms] [LOG] [Fast Refresh] done in 46ms @ webpack-internal:///(app-pages-browser)/../../node_modules/.pnpm/next@15.5.18_@babel+core@7.29.7_react-dom@19.2.6_react@19.2.6__react@19.2.6/node_modules/next/dist/client/dev/report-hmr-latency.js:13
[  293414ms] [LOG] [Fast Refresh] rebuilding @ webpack-internal:///(app-pages-browser)/../../node_modules/.pnpm/next@15.5.18_@babel+core@7.29.7_react-dom@19.2.6_react@19.2.6__react@19.2.6/node_modules/next/dist/client/dev/hot-reloader/app/hot-reloader-app.js:196
[  293480ms] [LOG] [Fast Refresh] rebuilding @ webpack-internal:///(app-pages-browser)/../../node_modules/.pnpm/next@15.5.18_@babel+core@7.29.7_react-dom@19.2.6_react@19.2.6__react@19.2.6/node_modules/next/dist/client/dev/hot-reloader/app/hot-reloader-app.js:196
[  293482ms] [LOG] [Fast Refresh] done in 2ms @ webpack-internal:///(app-pages-browser)/../../node_modules/.pnpm/next@15.5.18_@babel+core@7.29.7_react-dom@19.2.6_react@19.2.6__react@19.2.6/node_modules/next/dist/client/dev/report-hmr-latency.js:13
[  293551ms] [LOG] [Fast Refresh] rebuilding @ webpack-internal:///(app-pages-browser)/../../node_modules/.pnpm/next@15.5.18_@babel+core@7.29.7_react-dom@19.2.6_react@19.2.6__react@19.2.6/node_modules/next/dist/client/dev/hot-reloader/app/hot-reloader-app.js:196
[  293554ms] [LOG] [Fast Refresh] done in 2ms @ webpack-internal:///(app-pages-browser)/../../node_modules/.pnpm/next@15.5.18_@babel+core@7.29.7_react-dom@19.2.6_react@19.2.6__react@19.2.6/node_modules/next/dist/client/dev/report-hmr-latency.js:13
[  293596ms] [LOG] [Fast Refresh] rebuilding @ webpack-internal:///(app-pages-browser)/../../node_modules/.pnpm/next@15.5.18_@babel+core@7.29.7_react-dom@19.2.6_react@19.2.6__react@19.2.6/node_modules/next/dist/client/dev/hot-reloader/app/hot-reloader-app.js:196
[  293599ms] [LOG] [Fast Refresh] done in 2ms @ webpack-internal:///(app-pages-browser)/../../node_modules/.pnpm/next@15.5.18_@babel+core@7.29.7_react-dom@19.2.6_react@19.2.6__react@19.2.6/node_modules/next/dist/client/dev/report-hmr-latency.js:13
[  293638ms] [LOG] [Fast Refresh] rebuilding @ webpack-internal:///(app-pages-browser)/../../node_modules/.pnpm/next@15.5.18_@babel+core@7.29.7_react-dom@19.2.6_react@19.2.6__react@19.2.6/node_modules/next/dist/client/dev/hot-reloader/app/hot-reloader-app.js:196
[  293646ms] [LOG] [Fast Refresh] done in 8ms @ webpack-internal:///(app-pages-browser)/../../node_modules/.pnpm/next@15.5.18_@babel+core@7.29.7_react-dom@19.2.6_react@19.2.6__react@19.2.6/node_modules/next/dist/client/dev/report-hmr-latency.js:13
[  293681ms] [LOG] [Fast Refresh] rebuilding @ webpack-internal:///(app-pages-browser)/../../node_modules/.pnpm/next@15.5.18_@babel+core@7.29.7_react-dom@19.2.6_react@19.2.6__react@19.2.6/node_modules/next/dist/client/dev/hot-reloader/app/hot-reloader-app.js:196
[  293683ms] [LOG] [Fast Refresh] done in 3ms @ webpack-internal:///(app-pages-browser)/../../node_modules/.pnpm/next@15.5.18_@babel+core@7.29.7_react-dom@19.2.6_react@19.2.6__react@19.2.6/node_modules/next/dist/client/dev/report-hmr-latency.js:13
[  293725ms] [LOG] [Fast Refresh] rebuilding @ webpack-internal:///(app-pages-browser)/../../node_modules/.pnpm/next@15.5.18_@babel+core@7.29.7_react-dom@19.2.6_react@19.2.6__react@19.2.6/node_modules/next/dist/client/dev/hot-reloader/app/hot-reloader-app.js:196
[  293727ms] [LOG] [Fast Refresh] done in 2ms @ webpack-internal:///(app-pages-browser)/../../node_modules/.pnpm/next@15.5.18_@babel+core@7.29.7_react-dom@19.2.6_react@19.2.6__react@19.2.6/node_modules/next/dist/client/dev/report-hmr-latency.js:13
[  293770ms] [LOG] [Fast Refresh] rebuilding @ webpack-internal:///(app-pages-browser)/../../node_modules/.pnpm/next@15.5.18_@babel+core@7.29.7_react-dom@19.2.6_react@19.2.6__react@19.2.6/node_modules/next/dist/client/dev/hot-reloader/app/hot-reloader-app.js:196
[  293772ms] [LOG] [Fast Refresh] done in 2ms @ webpack-internal:///(app-pages-browser)/../../node_modules/.pnpm/next@15.5.18_@babel+core@7.29.7_react-dom@19.2.6_react@19.2.6__react@19.2.6/node_modules/next/dist/client/dev/report-hmr-latency.js:13
[  293818ms] [LOG] [Fast Refresh] done in 49ms @ webpack-internal:///(app-pages-browser)/../../node_modules/.pnpm/next@15.5.18_@babel+core@7.29.7_react-dom@19.2.6_react@19.2.6__react@19.2.6/node_modules/next/dist/client/dev/report-hmr-latency.js:13
[  293819ms] [LOG] [Fast Refresh] rebuilding @ webpack-internal:///(app-pages-browser)/../../node_modules/.pnpm/next@15.5.18_@babel+core@7.29.7_react-dom@19.2.6_react@19.2.6__react@19.2.6/node_modules/next/dist/client/dev/hot-reloader/app/hot-reloader-app.js:196
[  293863ms] [LOG] [Fast Refresh] done in 44ms @ webpack-internal:///(app-pages-browser)/../../node_modules/.pnpm/next@15.5.18_@babel+core@7.29.7_react-dom@19.2.6_react@19.2.6__react@19.2.6/node_modules/next/dist/client/dev/report-hmr-latency.js:13
[  293870ms] [LOG] [Fast Refresh] rebuilding @ webpack-internal:///(app-pages-browser)/../../node_modules/.pnpm/next@15.5.18_@babel+core@7.29.7_react-dom@19.2.6_react@19.2.6__react@19.2.6/node_modules/next/dist/client/dev/hot-reloader/app/hot-reloader-app.js:196
[  293914ms] [LOG] [Fast Refresh] done in 45ms @ webpack-internal:///(app-pages-browser)/../../node_modules/.pnpm/next@15.5.18_@babel+core@7.29.7_react-dom@19.2.6_react@19.2.6__react@19.2.6/node_modules/next/dist/client/dev/report-hmr-latency.js:13
[  293920ms] [LOG] [Fast Refresh] rebuilding @ webpack-internal:///(app-pages-browser)/../../node_modules/.pnpm/next@15.5.18_@babel+core@7.29.7_react-dom@19.2.6_react@19.2.6__react@19.2.6/node_modules/next/dist/client/dev/hot-reloader/app/hot-reloader-app.js:196
[  293965ms] [LOG] [Fast Refresh] done in 45ms @ webpack-internal:///(app-pages-browser)/../../node_modules/.pnpm/next@15.5.18_@babel+core@7.29.7_react-dom@19.2.6_react@19.2.6__react@19.2.6/node_modules/next/dist/client/dev/report-hmr-latency.js:13
[  293971ms] [LOG] [Fast Refresh] rebuilding @ webpack-internal:///(app-pages-browser)/../../node_modules/.pnpm/next@15.5.18_@babel+core@7.29.7_react-dom@19.2.6_react@19.2.6__react@19.2.6/node_modules/next/dist/client/dev/hot-reloader/app/hot-reloader-app.js:196
[  294017ms] [LOG] [Fast Refresh] done in 47ms @ webpack-internal:///(app-pages-browser)/../../node_modules/.pnpm/next@15.5.18_@babel+core@7.29.7_react-dom@19.2.6_react@19.2.6__react@19.2.6/node_modules/next/dist/client/dev/report-hmr-latency.js:13
[  294021ms] [LOG] [Fast Refresh] rebuilding @ webpack-internal:///(app-pages-browser)/../../node_modules/.pnpm/next@15.5.18_@babel+core@7.29.7_react-dom@19.2.6_react@19.2.6__react@19.2.6/node_modules/next/dist/client/dev/hot-reloader/app/hot-reloader-app.js:196
[  294064ms] [LOG] [Fast Refresh] done in 44ms @ webpack-internal:///(app-pages-browser)/../../node_modules/.pnpm/next@15.5.18_@babel+core@7.29.7_react-dom@19.2.6_react@19.2.6__react@19.2.6/node_modules/next/dist/client/dev/report-hmr-latency.js:13
[  294071ms] [LOG] [Fast Refresh] rebuilding @ webpack-internal:///(app-pages-browser)/../../node_modules/.pnpm/next@15.5.18_@babel+core@7.29.7_react-dom@19.2.6_react@19.2.6__react@19.2.6/node_modules/next/dist/client/dev/hot-reloader/app/hot-reloader-app.js:196
[  294116ms] [LOG] [Fast Refresh] done in 45ms @ webpack-internal:///(app-pages-browser)/../../node_modules/.pnpm/next@15.5.18_@babel+core@7.29.7_react-dom@19.2.6_react@19.2.6__react@19.2.6/node_modules/next/dist/client/dev/report-hmr-latency.js:13
[  294121ms] [LOG] [Fast Refresh] rebuilding @ webpack-internal:///(app-pages-browser)/../../node_modules/.pnpm/next@15.5.18_@babel+core@7.29.7_react-dom@19.2.6_react@19.2.6__react@19.2.6/node_modules/next/dist/client/dev/hot-reloader/app/hot-reloader-app.js:196
[  294167ms] [LOG] [Fast Refresh] done in 46ms @ webpack-internal:///(app-pages-browser)/../../node_modules/.pnpm/next@15.5.18_@babel+core@7.29.7_react-dom@19.2.6_react@19.2.6__react@19.2.6/node_modules/next/dist/client/dev/report-hmr-latency.js:13
[  294171ms] [LOG] [Fast Refresh] rebuilding @ webpack-internal:///(app-pages-browser)/../../node_modules/.pnpm/next@15.5.18_@babel+core@7.29.7_react-dom@19.2.6_react@19.2.6__react@19.2.6/node_modules/next/dist/client/dev/hot-reloader/app/hot-reloader-app.js:196
[  294219ms] [LOG] [Fast Refresh] done in 48ms @ webpack-internal:///(app-pages-browser)/../../node_modules/.pnpm/next@15.5.18_@babel+core@7.29.7_react-dom@19.2.6_react@19.2.6__react@19.2.6/node_modules/next/dist/client/dev/report-hmr-latency.js:13
[  294221ms] [LOG] [Fast Refresh] rebuilding @ webpack-internal:///(app-pages-browser)/../../node_modules/.pnpm/next@15.5.18_@babel+core@7.29.7_react-dom@19.2.6_react@19.2.6__react@19.2.6/node_modules/next/dist/client/dev/hot-reloader/app/hot-reloader-app.js:196
[  294268ms] [LOG] [Fast Refresh] done in 47ms @ webpack-internal:///(app-pages-browser)/../../node_modules/.pnpm/next@15.5.18_@babel+core@7.29.7_react-dom@19.2.6_react@19.2.6__react@19.2.6/node_modules/next/dist/client/dev/report-hmr-latency.js:13
[  294271ms] [LOG] [Fast Refresh] rebuilding @ webpack-internal:///(app-pages-browser)/../../node_modules/.pnpm/next@15.5.18_@babel+core@7.29.7_react-dom@19.2.6_react@19.2.6__react@19.2.6/node_modules/next/dist/client/dev/hot-reloader/app/hot-reloader-app.js:196
[  294316ms] [LOG] [Fast Refresh] done in 44ms @ webpack-internal:///(app-pages-browser)/../../node_modules/.pnpm/next@15.5.18_@babel+core@7.29.7_react-dom@19.2.6_react@19.2.6__react@19.2.6/node_modules/next/dist/client/dev/report-hmr-latency.js:13
[  294322ms] [LOG] [Fast Refresh] rebuilding @ webpack-internal:///(app-pages-browser)/../../node_modules/.pnpm/next@15.5.18_@babel+core@7.29.7_react-dom@19.2.6_react@19.2.6__react@19.2.6/node_modules/next/dist/client/dev/hot-reloader/app/hot-reloader-app.js:196
[  294367ms] [LOG] [Fast Refresh] done in 44ms @ webpack-internal:///(app-pages-browser)/../../node_modules/.pnpm/next@15.5.18_@babel+core@7.29.7_react-dom@19.2.6_react@19.2.6__react@19.2.6/node_modules/next/dist/client/dev/report-hmr-latency.js:13
[  294373ms] [LOG] [Fast Refresh] rebuilding @ webpack-internal:///(app-pages-browser)/../../node_modules/.pnpm/next@15.5.18_@babel+core@7.29.7_react-dom@19.2.6_react@19.2.6__react@19.2.6/node_modules/next/dist/client/dev/hot-reloader/app/hot-reloader-app.js:196
[  294416ms] [LOG] [Fast Refresh] done in 43ms @ webpack-internal:///(app-pages-browser)/../../node_modules/.pnpm/next@15.5.18_@babel+core@7.29.7_react-dom@19.2.6_react@19.2.6__react@19.2.6/node_modules/next/dist/client/dev/report-hmr-latency.js:13
[  294423ms] [LOG] [Fast Refresh] rebuilding @ webpack-internal:///(app-pages-browser)/../../node_modules/.pnpm/next@15.5.18_@babel+core@7.29.7_react-dom@19.2.6_react@19.2.6__react@19.2.6/node_modules/next/dist/client/dev/hot-reloader/app/hot-reloader-app.js:196
[  294466ms] [LOG] [Fast Refresh] done in 44ms @ webpack-internal:///(app-pages-browser)/../../node_modules/.pnpm/next@15.5.18_@babel+core@7.29.7_react-dom@19.2.6_react@19.2.6__react@19.2.6/node_modules/next/dist/client/dev/report-hmr-latency.js:13
[  294473ms] [LOG] [Fast Refresh] rebuilding @ webpack-internal:///(app-pages-browser)/../../node_modules/.pnpm/next@15.5.18_@babel+core@7.29.7_react-dom@19.2.6_react@19.2.6__react@19.2.6/node_modules/next/dist/client/dev/hot-reloader/app/hot-reloader-app.js:196
[  294516ms] [LOG] [Fast Refresh] done in 44ms @ webpack-internal:///(app-pages-browser)/../../node_modules/.pnpm/next@15.5.18_@babel+core@7.29.7_react-dom@19.2.6_react@19.2.6__react@19.2.6/node_modules/next/dist/client/dev/report-hmr-latency.js:13
[  294523ms] [LOG] [Fast Refresh] rebuilding @ webpack-internal:///(app-pages-browser)/../../node_modules/.pnpm/next@15.5.18_@babel+core@7.29.7_react-dom@19.2.6_react@19.2.6__react@19.2.6/node_modules/next/dist/client/dev/hot-reloader/app/hot-reloader-app.js:196
[  294573ms] [LOG] [Fast Refresh] rebuilding @ webpack-internal:///(app-pages-browser)/../../node_modules/.pnpm/next@15.5.18_@babel+core@7.29.7_react-dom@19.2.6_react@19.2.6__react@19.2.6/node_modules/next/dist/client/dev/hot-reloader/app/hot-reloader-app.js:196
[  294574ms] [LOG] [Fast Refresh] done in 1ms @ webpack-internal:///(app-pages-browser)/../../node_modules/.pnpm/next@15.5.18_@babel+core@7.29.7_react-dom@19.2.6_react@19.2.6__react@19.2.6/node_modules/next/dist/client/dev/report-hmr-latency.js:13
[  294639ms] [LOG] [Fast Refresh] rebuilding @ webpack-internal:///(app-pages-browser)/../../node_modules/.pnpm/next@15.5.18_@babel+core@7.29.7_react-dom@19.2.6_react@19.2.6__react@19.2.6/node_modules/next/dist/client/dev/hot-reloader/app/hot-reloader-app.js:196
[  294642ms] [LOG] [Fast Refresh] done in 3ms @ webpack-internal:///(app-pages-browser)/../../node_modules/.pnpm/next@15.5.18_@babel+core@7.29.7_react-dom@19.2.6_react@19.2.6__react@19.2.6/node_modules/next/dist/client/dev/report-hmr-latency.js:13
[  294682ms] [LOG] [Fast Refresh] rebuilding @ webpack-internal:///(app-pages-browser)/../../node_modules/.pnpm/next@15.5.18_@babel+core@7.29.7_react-dom@19.2.6_react@19.2.6__react@19.2.6/node_modules/next/dist/client/dev/hot-reloader/app/hot-reloader-app.js:196
[  294685ms] [LOG] [Fast Refresh] done in 4ms @ webpack-internal:///(app-pages-browser)/../../node_modules/.pnpm/next@15.5.18_@babel+core@7.29.7_react-dom@19.2.6_react@19.2.6__react@19.2.6/node_modules/next/dist/client/dev/report-hmr-latency.js:13
[  294725ms] [LOG] [Fast Refresh] rebuilding @ webpack-internal:///(app-pages-browser)/../../node_modules/.pnpm/next@15.5.18_@babel+core@7.29.7_react-dom@19.2.6_react@19.2.6__react@19.2.6/node_modules/next/dist/client/dev/hot-reloader/app/hot-reloader-app.js:196
[  294727ms] [LOG] [Fast Refresh] done in 2ms @ webpack-internal:///(app-pages-browser)/../../node_modules/.pnpm/next@15.5.18_@babel+core@7.29.7_react-dom@19.2.6_react@19.2.6__react@19.2.6/node_modules/next/dist/client/dev/report-hmr-latency.js:13
[  294772ms] [LOG] [Fast Refresh] done in 47ms @ webpack-internal:///(app-pages-browser)/../../node_modules/.pnpm/next@15.5.18_@babel+core@7.29.7_react-dom@19.2.6_react@19.2.6__react@19.2.6/node_modules/next/dist/client/dev/report-hmr-latency.js:13
[  294775ms] [LOG] [Fast Refresh] rebuilding @ webpack-internal:///(app-pages-browser)/../../node_modules/.pnpm/next@15.5.18_@babel+core@7.29.7_react-dom@19.2.6_react@19.2.6__react@19.2.6/node_modules/next/dist/client/dev/hot-reloader/app/hot-reloader-app.js:196
[  294822ms] [LOG] [Fast Refresh] done in 47ms @ webpack-internal:///(app-pages-browser)/../../node_modules/.pnpm/next@15.5.18_@babel+core@7.29.7_react-dom@19.2.6_react@19.2.6__react@19.2.6/node_modules/next/dist/client/dev/report-hmr-latency.js:13
[  294825ms] [LOG] [Fast Refresh] rebuilding @ webpack-internal:///(app-pages-browser)/../../node_modules/.pnpm/next@15.5.18_@babel+core@7.29.7_react-dom@19.2.6_react@19.2.6__react@19.2.6/node_modules/next/dist/client/dev/hot-reloader/app/hot-reloader-app.js:196
[  294873ms] [LOG] [Fast Refresh] done in 47ms @ webpack-internal:///(app-pages-browser)/../../node_modules/.pnpm/next@15.5.18_@babel+core@7.29.7_react-dom@19.2.6_react@19.2.6__react@19.2.6/node_modules/next/dist/client/dev/report-hmr-latency.js:13
[  294880ms] [LOG] [Fast Refresh] rebuilding @ webpack-internal:///(app-pages-browser)/../../node_modules/.pnpm/next@15.5.18_@babel+core@7.29.7_react-dom@19.2.6_react@19.2.6__react@19.2.6/node_modules/next/dist/client/dev/hot-reloader/app/hot-reloader-app.js:196
[  294926ms] [LOG] [Fast Refresh] rebuilding @ webpack-internal:///(app-pages-browser)/../../node_modules/.pnpm/next@15.5.18_@babel+core@7.29.7_react-dom@19.2.6_react@19.2.6__react@19.2.6/node_modules/next/dist/client/dev/hot-reloader/app/hot-reloader-app.js:196
[  294926ms] [LOG] [Fast Refresh] done in 1ms @ webpack-internal:///(app-pages-browser)/../../node_modules/.pnpm/next@15.5.18_@babel+core@7.29.7_react-dom@19.2.6_react@19.2.6__react@19.2.6/node_modules/next/dist/client/dev/report-hmr-latency.js:13
[  294972ms] [LOG] [Fast Refresh] done in 46ms @ webpack-internal:///(app-pages-browser)/../../node_modules/.pnpm/next@15.5.18_@babel+core@7.29.7_react-dom@19.2.6_react@19.2.6__react@19.2.6/node_modules/next/dist/client/dev/report-hmr-latency.js:13
[  294977ms] [LOG] [Fast Refresh] rebuilding @ webpack-internal:///(app-pages-browser)/../../node_modules/.pnpm/next@15.5.18_@babel+core@7.29.7_react-dom@19.2.6_react@19.2.6__react@19.2.6/node_modules/next/dist/client/dev/hot-reloader/app/hot-reloader-app.js:196
[  295019ms] [LOG] [Fast Refresh] done in 43ms @ webpack-internal:///(app-pages-browser)/../../node_modules/.pnpm/next@15.5.18_@babel+core@7.29.7_react-dom@19.2.6_react@19.2.6__react@19.2.6/node_modules/next/dist/client/dev/report-hmr-latency.js:13
[  295026ms] [LOG] [Fast Refresh] rebuilding @ webpack-internal:///(app-pages-browser)/../../node_modules/.pnpm/next@15.5.18_@babel+core@7.29.7_react-dom@19.2.6_react@19.2.6__react@19.2.6/node_modules/next/dist/client/dev/hot-reloader/app/hot-reloader-app.js:196
[  295072ms] [LOG] [Fast Refresh] done in 45ms @ webpack-internal:///(app-pages-browser)/../../node_modules/.pnpm/next@15.5.18_@babel+core@7.29.7_react-dom@19.2.6_react@19.2.6__react@19.2.6/node_modules/next/dist/client/dev/report-hmr-latency.js:13
[  295077ms] [LOG] [Fast Refresh] rebuilding @ webpack-internal:///(app-pages-browser)/../../node_modules/.pnpm/next@15.5.18_@babel+core@7.29.7_react-dom@19.2.6_react@19.2.6__react@19.2.6/node_modules/next/dist/client/dev/hot-reloader/app/hot-reloader-app.js:196
[  295121ms] [LOG] [Fast Refresh] done in 44ms @ webpack-internal:///(app-pages-browser)/../../node_modules/.pnpm/next@15.5.18_@babel+core@7.29.7_react-dom@19.2.6_react@19.2.6__react@19.2.6/node_modules/next/dist/client/dev/report-hmr-latency.js:13
[  295127ms] [LOG] [Fast Refresh] rebuilding @ webpack-internal:///(app-pages-browser)/../../node_modules/.pnpm/next@15.5.18_@babel+core@7.29.7_react-dom@19.2.6_react@19.2.6__react@19.2.6/node_modules/next/dist/client/dev/hot-reloader/app/hot-reloader-app.js:196
[  295172ms] [LOG] [Fast Refresh] done in 46ms @ webpack-internal:///(app-pages-browser)/../../node_modules/.pnpm/next@15.5.18_@babel+core@7.29.7_react-dom@19.2.6_react@19.2.6__react@19.2.6/node_modules/next/dist/client/dev/report-hmr-latency.js:13
[  295177ms] [LOG] [Fast Refresh] rebuilding @ webpack-internal:///(app-pages-browser)/../../node_modules/.pnpm/next@15.5.18_@babel+core@7.29.7_react-dom@19.2.6_react@19.2.6__react@19.2.6/node_modules/next/dist/client/dev/hot-reloader/app/hot-reloader-app.js:196
[  295223ms] [LOG] [Fast Refresh] done in 46ms @ webpack-internal:///(app-pages-browser)/../../node_modules/.pnpm/next@15.5.18_@babel+core@7.29.7_react-dom@19.2.6_react@19.2.6__react@19.2.6/node_modules/next/dist/client/dev/report-hmr-latency.js:13
[  295228ms] [LOG] [Fast Refresh] rebuilding @ webpack-internal:///(app-pages-browser)/../../node_modules/.pnpm/next@15.5.18_@babel+core@7.29.7_react-dom@19.2.6_react@19.2.6__react@19.2.6/node_modules/next/dist/client/dev/hot-reloader/app/hot-reloader-app.js:196
[  295272ms] [LOG] [Fast Refresh] done in 44ms @ webpack-internal:///(app-pages-browser)/../../node_modules/.pnpm/next@15.5.18_@babel+core@7.29.7_react-dom@19.2.6_react@19.2.6__react@19.2.6/node_modules/next/dist/client/dev/report-hmr-latency.js:13
[  295278ms] [LOG] [Fast Refresh] rebuilding @ webpack-internal:///(app-pages-browser)/../../node_modules/.pnpm/next@15.5.18_@babel+core@7.29.7_react-dom@19.2.6_react@19.2.6__react@19.2.6/node_modules/next/dist/client/dev/hot-reloader/app/hot-reloader-app.js:196
[  295322ms] [LOG] [Fast Refresh] done in 45ms @ webpack-internal:///(app-pages-browser)/../../node_modules/.pnpm/next@15.5.18_@babel+core@7.29.7_react-dom@19.2.6_react@19.2.6__react@19.2.6/node_modules/next/dist/client/dev/report-hmr-latency.js:13
[  295328ms] [LOG] [Fast Refresh] rebuilding @ webpack-internal:///(app-pages-browser)/../../node_modules/.pnpm/next@15.5.18_@babel+core@7.29.7_react-dom@19.2.6_react@19.2.6__react@19.2.6/node_modules/next/dist/client/dev/hot-reloader/app/hot-reloader-app.js:196
[  295372ms] [LOG] [Fast Refresh] done in 44ms @ webpack-internal:///(app-pages-browser)/../../node_modules/.pnpm/next@15.5.18_@babel+core@7.29.7_react-dom@19.2.6_react@19.2.6__react@19.2.6/node_modules/next/dist/client/dev/report-hmr-latency.js:13
[  295378ms] [LOG] [Fast Refresh] rebuilding @ webpack-internal:///(app-pages-browser)/../../node_modules/.pnpm/next@15.5.18_@babel+core@7.29.7_react-dom@19.2.6_react@19.2.6__react@19.2.6/node_modules/next/dist/client/dev/hot-reloader/app/hot-reloader-app.js:196
[  295420ms] [LOG] [Fast Refresh] done in 42ms @ webpack-internal:///(app-pages-browser)/../../node_modules/.pnpm/next@15.5.18_@babel+core@7.29.7_react-dom@19.2.6_react@19.2.6__react@19.2.6/node_modules/next/dist/client/dev/report-hmr-latency.js:13
[  295429ms] [LOG] [Fast Refresh] rebuilding @ webpack-internal:///(app-pages-browser)/../../node_modules/.pnpm/next@15.5.18_@babel+core@7.29.7_react-dom@19.2.6_react@19.2.6__react@19.2.6/node_modules/next/dist/client/dev/hot-reloader/app/hot-reloader-app.js:196
[  295473ms] [LOG] [Fast Refresh] done in 44ms @ webpack-internal:///(app-pages-browser)/../../node_modules/.pnpm/next@15.5.18_@babel+core@7.29.7_react-dom@19.2.6_react@19.2.6__react@19.2.6/node_modules/next/dist/client/dev/report-hmr-latency.js:13
[  295479ms] [LOG] [Fast Refresh] rebuilding @ webpack-internal:///(app-pages-browser)/../../node_modules/.pnpm/next@15.5.18_@babel+core@7.29.7_react-dom@19.2.6_react@19.2.6__react@19.2.6/node_modules/next/dist/client/dev/hot-reloader/app/hot-reloader-app.js:196
[  295523ms] [LOG] [Fast Refresh] done in 44ms @ webpack-internal:///(app-pages-browser)/../../node_modules/.pnpm/next@15.5.18_@babel+core@7.29.7_react-dom@19.2.6_react@19.2.6__react@19.2.6/node_modules/next/dist/client/dev/report-hmr-latency.js:13
[  295529ms] [LOG] [Fast Refresh] rebuilding @ webpack-internal:///(app-pages-browser)/../../node_modules/.pnpm/next@15.5.18_@babel+core@7.29.7_react-dom@19.2.6_react@19.2.6__react@19.2.6/node_modules/next/dist/client/dev/hot-reloader/app/hot-reloader-app.js:196
[  295575ms] [LOG] [Fast Refresh] done in 47ms @ webpack-internal:///(app-pages-browser)/../../node_modules/.pnpm/next@15.5.18_@babel+core@7.29.7_react-dom@19.2.6_react@19.2.6__react@19.2.6/node_modules/next/dist/client/dev/report-hmr-latency.js:13
[  295579ms] [LOG] [Fast Refresh] rebuilding @ webpack-internal:///(app-pages-browser)/../../node_modules/.pnpm/next@15.5.18_@babel+core@7.29.7_react-dom@19.2.6_react@19.2.6__react@19.2.6/node_modules/next/dist/client/dev/hot-reloader/app/hot-reloader-app.js:196
[  295628ms] [LOG] [Fast Refresh] done in 49ms @ webpack-internal:///(app-pages-browser)/../../node_modules/.pnpm/next@15.5.18_@babel+core@7.29.7_react-dom@19.2.6_react@19.2.6__react@19.2.6/node_modules/next/dist/client/dev/report-hmr-latency.js:13
[  295629ms] [LOG] [Fast Refresh] rebuilding @ webpack-internal:///(app-pages-browser)/../../node_modules/.pnpm/next@15.5.18_@babel+core@7.29.7_react-dom@19.2.6_react@19.2.6__react@19.2.6/node_modules/next/dist/client/dev/hot-reloader/app/hot-reloader-app.js:196
[  295677ms] [LOG] [Fast Refresh] done in 47ms @ webpack-internal:///(app-pages-browser)/../../node_modules/.pnpm/next@15.5.18_@babel+core@7.29.7_react-dom@19.2.6_react@19.2.6__react@19.2.6/node_modules/next/dist/client/dev/report-hmr-latency.js:13
[  295680ms] [LOG] [Fast Refresh] rebuilding @ webpack-internal:///(app-pages-browser)/../../node_modules/.pnpm/next@15.5.18_@babel+core@7.29.7_react-dom@19.2.6_react@19.2.6__react@19.2.6/node_modules/next/dist/client/dev/hot-reloader/app/hot-reloader-app.js:196
[  295726ms] [LOG] [Fast Refresh] done in 47ms @ webpack-internal:///(app-pages-browser)/../../node_modules/.pnpm/next@15.5.18_@babel+core@7.29.7_react-dom@19.2.6_react@19.2.6__react@19.2.6/node_modules/next/dist/client/dev/report-hmr-latency.js:13
[  295732ms] [LOG] [Fast Refresh] rebuilding @ webpack-internal:///(app-pages-browser)/../../node_modules/.pnpm/next@15.5.18_@babel+core@7.29.7_react-dom@19.2.6_react@19.2.6__react@19.2.6/node_modules/next/dist/client/dev/hot-reloader/app/hot-reloader-app.js:196
[  295800ms] [LOG] [Fast Refresh] rebuilding @ webpack-internal:///(app-pages-browser)/../../node_modules/.pnpm/next@15.5.18_@babel+core@7.29.7_react-dom@19.2.6_react@19.2.6__react@19.2.6/node_modules/next/dist/client/dev/hot-reloader/app/hot-reloader-app.js:196
[  295803ms] [LOG] [Fast Refresh] done in 4ms @ webpack-internal:///(app-pages-browser)/../../node_modules/.pnpm/next@15.5.18_@babel+core@7.29.7_react-dom@19.2.6_react@19.2.6__react@19.2.6/node_modules/next/dist/client/dev/report-hmr-latency.js:13
[  295842ms] [LOG] [Fast Refresh] rebuilding @ webpack-internal:///(app-pages-browser)/../../node_modules/.pnpm/next@15.5.18_@babel+core@7.29.7_react-dom@19.2.6_react@19.2.6__react@19.2.6/node_modules/next/dist/client/dev/hot-reloader/app/hot-reloader-app.js:196
[  295844ms] [LOG] [Fast Refresh] done in 2ms @ webpack-internal:///(app-pages-browser)/../../node_modules/.pnpm/next@15.5.18_@babel+core@7.29.7_react-dom@19.2.6_react@19.2.6__react@19.2.6/node_modules/next/dist/client/dev/report-hmr-latency.js:13
[  295887ms] [LOG] [Fast Refresh] rebuilding @ webpack-internal:///(app-pages-browser)/../../node_modules/.pnpm/next@15.5.18_@babel+core@7.29.7_react-dom@19.2.6_react@19.2.6__react@19.2.6/node_modules/next/dist/client/dev/hot-reloader/app/hot-reloader-app.js:196
[  295889ms] [LOG] [Fast Refresh] done in 2ms @ webpack-internal:///(app-pages-browser)/../../node_modules/.pnpm/next@15.5.18_@babel+core@7.29.7_react-dom@19.2.6_react@19.2.6__react@19.2.6/node_modules/next/dist/client/dev/report-hmr-latency.js:13
[  295931ms] [LOG] [Fast Refresh] done in 44ms @ webpack-internal:///(app-pages-browser)/../../node_modules/.pnpm/next@15.5.18_@babel+core@7.29.7_react-dom@19.2.6_react@19.2.6__react@19.2.6/node_modules/next/dist/client/dev/report-hmr-latency.js:13
[  295932ms] [LOG] [Fast Refresh] rebuilding @ webpack-internal:///(app-pages-browser)/../../node_modules/.pnpm/next@15.5.18_@babel+core@7.29.7_react-dom@19.2.6_react@19.2.6__react@19.2.6/node_modules/next/dist/client/dev/hot-reloader/app/hot-reloader-app.js:196
[  295979ms] [LOG] [Fast Refresh] done in 47ms @ webpack-internal:///(app-pages-browser)/../../node_modules/.pnpm/next@15.5.18_@babel+core@7.29.7_react-dom@19.2.6_react@19.2.6__react@19.2.6/node_modules/next/dist/client/dev/report-hmr-latency.js:13
[  295982ms] [LOG] [Fast Refresh] rebuilding @ webpack-internal:///(app-pages-browser)/../../node_modules/.pnpm/next@15.5.18_@babel+core@7.29.7_react-dom@19.2.6_react@19.2.6__react@19.2.6/node_modules/next/dist/client/dev/hot-reloader/app/hot-reloader-app.js:196
[  296029ms] [LOG] [Fast Refresh] done in 46ms @ webpack-internal:///(app-pages-browser)/../../node_modules/.pnpm/next@15.5.18_@babel+core@7.29.7_react-dom@19.2.6_react@19.2.6__react@19.2.6/node_modules/next/dist/client/dev/report-hmr-latency.js:13
[  296033ms] [LOG] [Fast Refresh] rebuilding @ webpack-internal:///(app-pages-browser)/../../node_modules/.pnpm/next@15.5.18_@babel+core@7.29.7_react-dom@19.2.6_react@19.2.6__react@19.2.6/node_modules/next/dist/client/dev/hot-reloader/app/hot-reloader-app.js:196
[  296078ms] [LOG] [Fast Refresh] done in 45ms @ webpack-internal:///(app-pages-browser)/../../node_modules/.pnpm/next@15.5.18_@babel+core@7.29.7_react-dom@19.2.6_react@19.2.6__react@19.2.6/node_modules/next/dist/client/dev/report-hmr-latency.js:13
[  296083ms] [LOG] [Fast Refresh] rebuilding @ webpack-internal:///(app-pages-browser)/../../node_modules/.pnpm/next@15.5.18_@babel+core@7.29.7_react-dom@19.2.6_react@19.2.6__react@19.2.6/node_modules/next/dist/client/dev/hot-reloader/app/hot-reloader-app.js:196
[  296130ms] [LOG] [Fast Refresh] done in 47ms @ webpack-internal:///(app-pages-browser)/../../node_modules/.pnpm/next@15.5.18_@babel+core@7.29.7_react-dom@19.2.6_react@19.2.6__react@19.2.6/node_modules/next/dist/client/dev/report-hmr-latency.js:13
[  296133ms] [LOG] [Fast Refresh] rebuilding @ webpack-internal:///(app-pages-browser)/../../node_modules/.pnpm/next@15.5.18_@babel+core@7.29.7_react-dom@19.2.6_react@19.2.6__react@19.2.6/node_modules/next/dist/client/dev/hot-reloader/app/hot-reloader-app.js:196
[  296178ms] [LOG] [Fast Refresh] done in 45ms @ webpack-internal:///(app-pages-browser)/../../node_modules/.pnpm/next@15.5.18_@babel+core@7.29.7_react-dom@19.2.6_react@19.2.6__react@19.2.6/node_modules/next/dist/client/dev/report-hmr-latency.js:13
[  296183ms] [LOG] [Fast Refresh] rebuilding @ webpack-internal:///(app-pages-browser)/../../node_modules/.pnpm/next@15.5.18_@babel+core@7.29.7_react-dom@19.2.6_react@19.2.6__react@19.2.6/node_modules/next/dist/client/dev/hot-reloader/app/hot-reloader-app.js:196
[  296229ms] [LOG] [Fast Refresh] done in 46ms @ webpack-internal:///(app-pages-browser)/../../node_modules/.pnpm/next@15.5.18_@babel+core@7.29.7_react-dom@19.2.6_react@19.2.6__react@19.2.6/node_modules/next/dist/client/dev/report-hmr-latency.js:13
[  296234ms] [LOG] [Fast Refresh] rebuilding @ webpack-internal:///(app-pages-browser)/../../node_modules/.pnpm/next@15.5.18_@babel+core@7.29.7_react-dom@19.2.6_react@19.2.6__react@19.2.6/node_modules/next/dist/client/dev/hot-reloader/app/hot-reloader-app.js:196
[  296278ms] [LOG] [Fast Refresh] done in 45ms @ webpack-internal:///(app-pages-browser)/../../node_modules/.pnpm/next@15.5.18_@babel+core@7.29.7_react-dom@19.2.6_react@19.2.6__react@19.2.6/node_modules/next/dist/client/dev/report-hmr-latency.js:13
[  296284ms] [LOG] [Fast Refresh] rebuilding @ webpack-internal:///(app-pages-browser)/../../node_modules/.pnpm/next@15.5.18_@babel+core@7.29.7_react-dom@19.2.6_react@19.2.6__react@19.2.6/node_modules/next/dist/client/dev/hot-reloader/app/hot-reloader-app.js:196
[  296325ms] [LOG] [Fast Refresh] done in 41ms @ webpack-internal:///(app-pages-browser)/../../node_modules/.pnpm/next@15.5.18_@babel+core@7.29.7_react-dom@19.2.6_react@19.2.6__react@19.2.6/node_modules/next/dist/client/dev/report-hmr-latency.js:13
[  296334ms] [LOG] [Fast Refresh] rebuilding @ webpack-internal:///(app-pages-browser)/../../node_modules/.pnpm/next@15.5.18_@babel+core@7.29.7_react-dom@19.2.6_react@19.2.6__react@19.2.6/node_modules/next/dist/client/dev/hot-reloader/app/hot-reloader-app.js:196
[  296380ms] [LOG] [Fast Refresh] done in 46ms @ webpack-internal:///(app-pages-browser)/../../node_modules/.pnpm/next@15.5.18_@babel+core@7.29.7_react-dom@19.2.6_react@19.2.6__react@19.2.6/node_modules/next/dist/client/dev/report-hmr-latency.js:13
[  296385ms] [LOG] [Fast Refresh] rebuilding @ webpack-internal:///(app-pages-browser)/../../node_modules/.pnpm/next@15.5.18_@babel+core@7.29.7_react-dom@19.2.6_react@19.2.6__react@19.2.6/node_modules/next/dist/client/dev/hot-reloader/app/hot-reloader-app.js:196
[  296435ms] [LOG] [Fast Refresh] rebuilding @ webpack-internal:///(app-pages-browser)/../../node_modules/.pnpm/next@15.5.18_@babel+core@7.29.7_react-dom@19.2.6_react@19.2.6__react@19.2.6/node_modules/next/dist/client/dev/hot-reloader/app/hot-reloader-app.js:196
[  296436ms] [LOG] [Fast Refresh] done in 0ms @ webpack-internal:///(app-pages-browser)/../../node_modules/.pnpm/next@15.5.18_@babel+core@7.29.7_react-dom@19.2.6_react@19.2.6__react@19.2.6/node_modules/next/dist/client/dev/report-hmr-latency.js:13
[  296487ms] [LOG] [Fast Refresh] rebuilding @ webpack-internal:///(app-pages-browser)/../../node_modules/.pnpm/next@15.5.18_@babel+core@7.29.7_react-dom@19.2.6_react@19.2.6__react@19.2.6/node_modules/next/dist/client/dev/hot-reloader/app/hot-reloader-app.js:196
[  296489ms] [LOG] [Fast Refresh] done in 2ms @ webpack-internal:///(app-pages-browser)/../../node_modules/.pnpm/next@15.5.18_@babel+core@7.29.7_react-dom@19.2.6_react@19.2.6__react@19.2.6/node_modules/next/dist/client/dev/report-hmr-latency.js:13
[  296534ms] [LOG] [Fast Refresh] done in 47ms @ webpack-internal:///(app-pages-browser)/../../node_modules/.pnpm/next@15.5.18_@babel+core@7.29.7_react-dom@19.2.6_react@19.2.6__react@19.2.6/node_modules/next/dist/client/dev/report-hmr-latency.js:13
[  296535ms] [LOG] [Fast Refresh] rebuilding @ webpack-internal:///(app-pages-browser)/../../node_modules/.pnpm/next@15.5.18_@babel+core@7.29.7_react-dom@19.2.6_react@19.2.6__react@19.2.6/node_modules/next/dist/client/dev/hot-reloader/app/hot-reloader-app.js:196
[  296579ms] [LOG] [Fast Refresh] done in 44ms @ webpack-internal:///(app-pages-browser)/../../node_modules/.pnpm/next@15.5.18_@babel+core@7.29.7_react-dom@19.2.6_react@19.2.6__react@19.2.6/node_modules/next/dist/client/dev/report-hmr-latency.js:13
[  296586ms] [LOG] [Fast Refresh] rebuilding @ webpack-internal:///(app-pages-browser)/../../node_modules/.pnpm/next@15.5.18_@babel+core@7.29.7_react-dom@19.2.6_react@19.2.6__react@19.2.6/node_modules/next/dist/client/dev/hot-reloader/app/hot-reloader-app.js:196
[  296631ms] [LOG] [Fast Refresh] done in 45ms @ webpack-internal:///(app-pages-browser)/../../node_modules/.pnpm/next@15.5.18_@babel+core@7.29.7_react-dom@19.2.6_react@19.2.6__react@19.2.6/node_modules/next/dist/client/dev/report-hmr-latency.js:13
[  296636ms] [LOG] [Fast Refresh] rebuilding @ webpack-internal:///(app-pages-browser)/../../node_modules/.pnpm/next@15.5.18_@babel+core@7.29.7_react-dom@19.2.6_react@19.2.6__react@19.2.6/node_modules/next/dist/client/dev/hot-reloader/app/hot-reloader-app.js:196
[  296681ms] [LOG] [Fast Refresh] done in 46ms @ webpack-internal:///(app-pages-browser)/../../node_modules/.pnpm/next@15.5.18_@babel+core@7.29.7_react-dom@19.2.6_react@19.2.6__react@19.2.6/node_modules/next/dist/client/dev/report-hmr-latency.js:13
[  296686ms] [LOG] [Fast Refresh] rebuilding @ webpack-internal:///(app-pages-browser)/../../node_modules/.pnpm/next@15.5.18_@babel+core@7.29.7_react-dom@19.2.6_react@19.2.6__react@19.2.6/node_modules/next/dist/client/dev/hot-reloader/app/hot-reloader-app.js:196
[  296728ms] [LOG] [Fast Refresh] done in 42ms @ webpack-internal:///(app-pages-browser)/../../node_modules/.pnpm/next@15.5.18_@babel+core@7.29.7_react-dom@19.2.6_react@19.2.6__react@19.2.6/node_modules/next/dist/client/dev/report-hmr-latency.js:13
[  296736ms] [LOG] [Fast Refresh] rebuilding @ webpack-internal:///(app-pages-browser)/../../node_modules/.pnpm/next@15.5.18_@babel+core@7.29.7_react-dom@19.2.6_react@19.2.6__react@19.2.6/node_modules/next/dist/client/dev/hot-reloader/app/hot-reloader-app.js:196
[  296780ms] [LOG] [Fast Refresh] done in 43ms @ webpack-internal:///(app-pages-browser)/../../node_modules/.pnpm/next@15.5.18_@babel+core@7.29.7_react-dom@19.2.6_react@19.2.6__react@19.2.6/node_modules/next/dist/client/dev/report-hmr-latency.js:13
[  296786ms] [LOG] [Fast Refresh] rebuilding @ webpack-internal:///(app-pages-browser)/../../node_modules/.pnpm/next@15.5.18_@babel+core@7.29.7_react-dom@19.2.6_react@19.2.6__react@19.2.6/node_modules/next/dist/client/dev/hot-reloader/app/hot-reloader-app.js:196
[  296832ms] [LOG] [Fast Refresh] done in 47ms @ webpack-internal:///(app-pages-browser)/../../node_modules/.pnpm/next@15.5.18_@babel+core@7.29.7_react-dom@19.2.6_react@19.2.6__react@19.2.6/node_modules/next/dist/client/dev/report-hmr-latency.js:13
[  296836ms] [LOG] [Fast Refresh] rebuilding @ webpack-internal:///(app-pages-browser)/../../node_modules/.pnpm/next@15.5.18_@babel+core@7.29.7_react-dom@19.2.6_react@19.2.6__react@19.2.6/node_modules/next/dist/client/dev/hot-reloader/app/hot-reloader-app.js:196
[  296886ms] [LOG] [Fast Refresh] done in 49ms @ webpack-internal:///(app-pages-browser)/../../node_modules/.pnpm/next@15.5.18_@babel+core@7.29.7_react-dom@19.2.6_react@19.2.6__react@19.2.6/node_modules/next/dist/client/dev/report-hmr-latency.js:13
[  296886ms] [LOG] [Fast Refresh] rebuilding @ webpack-internal:///(app-pages-browser)/../../node_modules/.pnpm/next@15.5.18_@babel+core@7.29.7_react-dom@19.2.6_react@19.2.6__react@19.2.6/node_modules/next/dist/client/dev/hot-reloader/app/hot-reloader-app.js:196
[  296949ms] [LOG] [Fast Refresh] rebuilding @ webpack-internal:///(app-pages-browser)/../../node_modules/.pnpm/next@15.5.18_@babel+core@7.29.7_react-dom@19.2.6_react@19.2.6__react@19.2.6/node_modules/next/dist/client/dev/hot-reloader/app/hot-reloader-app.js:196
[  296952ms] [LOG] [Fast Refresh] done in 2ms @ webpack-internal:///(app-pages-browser)/../../node_modules/.pnpm/next@15.5.18_@babel+core@7.29.7_react-dom@19.2.6_react@19.2.6__react@19.2.6/node_modules/next/dist/client/dev/report-hmr-latency.js:13
[  296992ms] [LOG] [Fast Refresh] rebuilding @ webpack-internal:///(app-pages-browser)/../../node_modules/.pnpm/next@15.5.18_@babel+core@7.29.7_react-dom@19.2.6_react@19.2.6__react@19.2.6/node_modules/next/dist/client/dev/hot-reloader/app/hot-reloader-app.js:196
[  296994ms] [LOG] [Fast Refresh] done in 3ms @ webpack-internal:///(app-pages-browser)/../../node_modules/.pnpm/next@15.5.18_@babel+core@7.29.7_react-dom@19.2.6_react@19.2.6__react@19.2.6/node_modules/next/dist/client/dev/report-hmr-latency.js:13
[  297038ms] [LOG] [Fast Refresh] rebuilding @ webpack-internal:///(app-pages-browser)/../../node_modules/.pnpm/next@15.5.18_@babel+core@7.29.7_react-dom@19.2.6_react@19.2.6__react@19.2.6/node_modules/next/dist/client/dev/hot-reloader/app/hot-reloader-app.js:196
[  297039ms] [LOG] [Fast Refresh] done in 1ms @ webpack-internal:///(app-pages-browser)/../../node_modules/.pnpm/next@15.5.18_@babel+core@7.29.7_react-dom@19.2.6_react@19.2.6__react@19.2.6/node_modules/next/dist/client/dev/report-hmr-latency.js:13
[  297085ms] [LOG] [Fast Refresh] done in 46ms @ webpack-internal:///(app-pages-browser)/../../node_modules/.pnpm/next@15.5.18_@babel+core@7.29.7_react-dom@19.2.6_react@19.2.6__react@19.2.6/node_modules/next/dist/client/dev/report-hmr-latency.js:13
[  297089ms] [LOG] [Fast Refresh] rebuilding @ webpack-internal:///(app-pages-browser)/../../node_modules/.pnpm/next@15.5.18_@babel+core@7.29.7_react-dom@19.2.6_react@19.2.6__react@19.2.6/node_modules/next/dist/client/dev/hot-reloader/app/hot-reloader-app.js:196
[  297132ms] [LOG] [Fast Refresh] done in 44ms @ webpack-internal:///(app-pages-browser)/../../node_modules/.pnpm/next@15.5.18_@babel+core@7.29.7_react-dom@19.2.6_react@19.2.6__react@19.2.6/node_modules/next/dist/client/dev/report-hmr-latency.js:13
[  297139ms] [LOG] [Fast Refresh] rebuilding @ webpack-internal:///(app-pages-browser)/../../node_modules/.pnpm/next@15.5.18_@babel+core@7.29.7_react-dom@19.2.6_react@19.2.6__react@19.2.6/node_modules/next/dist/client/dev/hot-reloader/app/hot-reloader-app.js:196
[  297186ms] [LOG] [Fast Refresh] done in 47ms @ webpack-internal:///(app-pages-browser)/../../node_modules/.pnpm/next@15.5.18_@babel+core@7.29.7_react-dom@19.2.6_react@19.2.6__react@19.2.6/node_modules/next/dist/client/dev/report-hmr-latency.js:13
[  297189ms] [LOG] [Fast Refresh] rebuilding @ webpack-internal:///(app-pages-browser)/../../node_modules/.pnpm/next@15.5.18_@babel+core@7.29.7_react-dom@19.2.6_react@19.2.6__react@19.2.6/node_modules/next/dist/client/dev/hot-reloader/app/hot-reloader-app.js:196
[  297235ms] [LOG] [Fast Refresh] done in 47ms @ webpack-internal:///(app-pages-browser)/../../node_modules/.pnpm/next@15.5.18_@babel+core@7.29.7_react-dom@19.2.6_react@19.2.6__react@19.2.6/node_modules/next/dist/client/dev/report-hmr-latency.js:13
[  297239ms] [LOG] [Fast Refresh] rebuilding @ webpack-internal:///(app-pages-browser)/../../node_modules/.pnpm/next@15.5.18_@babel+core@7.29.7_react-dom@19.2.6_react@19.2.6__react@19.2.6/node_modules/next/dist/client/dev/hot-reloader/app/hot-reloader-app.js:196
[  297286ms] [LOG] [Fast Refresh] done in 46ms @ webpack-internal:///(app-pages-browser)/../../node_modules/.pnpm/next@15.5.18_@babel+core@7.29.7_react-dom@19.2.6_react@19.2.6__react@19.2.6/node_modules/next/dist/client/dev/report-hmr-latency.js:13
[  297289ms] [LOG] [Fast Refresh] rebuilding @ webpack-internal:///(app-pages-browser)/../../node_modules/.pnpm/next@15.5.18_@babel+core@7.29.7_react-dom@19.2.6_react@19.2.6__react@19.2.6/node_modules/next/dist/client/dev/hot-reloader/app/hot-reloader-app.js:196
[  297335ms] [LOG] [Fast Refresh] done in 45ms @ webpack-internal:///(app-pages-browser)/../../node_modules/.pnpm/next@15.5.18_@babel+core@7.29.7_react-dom@19.2.6_react@19.2.6__react@19.2.6/node_modules/next/dist/client/dev/report-hmr-latency.js:13
[  297340ms] [LOG] [Fast Refresh] rebuilding @ webpack-internal:///(app-pages-browser)/../../node_modules/.pnpm/next@15.5.18_@babel+core@7.29.7_react-dom@19.2.6_react@19.2.6__react@19.2.6/node_modules/next/dist/client/dev/hot-reloader/app/hot-reloader-app.js:196
[  297389ms] [LOG] [Fast Refresh] done in 48ms @ webpack-internal:///(app-pages-browser)/../../node_modules/.pnpm/next@15.5.18_@babel+core@7.29.7_react-dom@19.2.6_react@19.2.6__react@19.2.6/node_modules/next/dist/client/dev/report-hmr-latency.js:13
[  297390ms] [LOG] [Fast Refresh] rebuilding @ webpack-internal:///(app-pages-browser)/../../node_modules/.pnpm/next@15.5.18_@babel+core@7.29.7_react-dom@19.2.6_react@19.2.6__react@19.2.6/node_modules/next/dist/client/dev/hot-reloader/app/hot-reloader-app.js:196
[  297435ms] [LOG] [Fast Refresh] done in 46ms @ webpack-internal:///(app-pages-browser)/../../node_modules/.pnpm/next@15.5.18_@babel+core@7.29.7_react-dom@19.2.6_react@19.2.6__react@19.2.6/node_modules/next/dist/client/dev/report-hmr-latency.js:13
[  297441ms] [LOG] [Fast Refresh] rebuilding @ webpack-internal:///(app-pages-browser)/../../node_modules/.pnpm/next@15.5.18_@babel+core@7.29.7_react-dom@19.2.6_react@19.2.6__react@19.2.6/node_modules/next/dist/client/dev/hot-reloader/app/hot-reloader-app.js:196
[  297487ms] [LOG] [Fast Refresh] done in 46ms @ webpack-internal:///(app-pages-browser)/../../node_modules/.pnpm/next@15.5.18_@babel+core@7.29.7_react-dom@19.2.6_react@19.2.6__react@19.2.6/node_modules/next/dist/client/dev/report-hmr-latency.js:13
[  297491ms] [LOG] [Fast Refresh] rebuilding @ webpack-internal:///(app-pages-browser)/../../node_modules/.pnpm/next@15.5.18_@babel+core@7.29.7_react-dom@19.2.6_react@19.2.6__react@19.2.6/node_modules/next/dist/client/dev/hot-reloader/app/hot-reloader-app.js:196
[  297535ms] [LOG] [Fast Refresh] done in 44ms @ webpack-internal:///(app-pages-browser)/../../node_modules/.pnpm/next@15.5.18_@babel+core@7.29.7_react-dom@19.2.6_react@19.2.6__react@19.2.6/node_modules/next/dist/client/dev/report-hmr-latency.js:13
[  297540ms] [LOG] [Fast Refresh] rebuilding @ webpack-internal:///(app-pages-browser)/../../node_modules/.pnpm/next@15.5.18_@babel+core@7.29.7_react-dom@19.2.6_react@19.2.6__react@19.2.6/node_modules/next/dist/client/dev/hot-reloader/app/hot-reloader-app.js:196
[  297585ms] [LOG] [Fast Refresh] done in 45ms @ webpack-internal:///(app-pages-browser)/../../node_modules/.pnpm/next@15.5.18_@babel+core@7.29.7_react-dom@19.2.6_react@19.2.6__react@19.2.6/node_modules/next/dist/client/dev/report-hmr-latency.js:13
[  297591ms] [LOG] [Fast Refresh] rebuilding @ webpack-internal:///(app-pages-browser)/../../node_modules/.pnpm/next@15.5.18_@babel+core@7.29.7_react-dom@19.2.6_react@19.2.6__react@19.2.6/node_modules/next/dist/client/dev/hot-reloader/app/hot-reloader-app.js:196
[  297636ms] [LOG] [Fast Refresh] done in 44ms @ webpack-internal:///(app-pages-browser)/../../node_modules/.pnpm/next@15.5.18_@babel+core@7.29.7_react-dom@19.2.6_react@19.2.6__react@19.2.6/node_modules/next/dist/client/dev/report-hmr-latency.js:13
[  297641ms] [LOG] [Fast Refresh] rebuilding @ webpack-internal:///(app-pages-browser)/../../node_modules/.pnpm/next@15.5.18_@babel+core@7.29.7_react-dom@19.2.6_react@19.2.6__react@19.2.6/node_modules/next/dist/client/dev/hot-reloader/app/hot-reloader-app.js:196
[  297686ms] [LOG] [Fast Refresh] done in 45ms @ webpack-internal:///(app-pages-browser)/../../node_modules/.pnpm/next@15.5.18_@babel+core@7.29.7_react-dom@19.2.6_react@19.2.6__react@19.2.6/node_modules/next/dist/client/dev/report-hmr-latency.js:13
[  297692ms] [LOG] [Fast Refresh] rebuilding @ webpack-internal:///(app-pages-browser)/../../node_modules/.pnpm/next@15.5.18_@babel+core@7.29.7_react-dom@19.2.6_react@19.2.6__react@19.2.6/node_modules/next/dist/client/dev/hot-reloader/app/hot-reloader-app.js:196
[  297737ms] [LOG] [Fast Refresh] done in 45ms @ webpack-internal:///(app-pages-browser)/../../node_modules/.pnpm/next@15.5.18_@babel+core@7.29.7_react-dom@19.2.6_react@19.2.6__react@19.2.6/node_modules/next/dist/client/dev/report-hmr-latency.js:13
[  297742ms] [LOG] [Fast Refresh] rebuilding @ webpack-internal:///(app-pages-browser)/../../node_modules/.pnpm/next@15.5.18_@babel+core@7.29.7_react-dom@19.2.6_react@19.2.6__react@19.2.6/node_modules/next/dist/client/dev/hot-reloader/app/hot-reloader-app.js:196
[  297786ms] [LOG] [Fast Refresh] done in 45ms @ webpack-internal:///(app-pages-browser)/../../node_modules/.pnpm/next@15.5.18_@babel+core@7.29.7_react-dom@19.2.6_react@19.2.6__react@19.2.6/node_modules/next/dist/client/dev/report-hmr-latency.js:13
[  297792ms] [LOG] [Fast Refresh] rebuilding @ webpack-internal:///(app-pages-browser)/../../node_modules/.pnpm/next@15.5.18_@babel+core@7.29.7_react-dom@19.2.6_react@19.2.6__react@19.2.6/node_modules/next/dist/client/dev/hot-reloader/app/hot-reloader-app.js:196
[  297841ms] [LOG] [Fast Refresh] done in 49ms @ webpack-internal:///(app-pages-browser)/../../node_modules/.pnpm/next@15.5.18_@babel+core@7.29.7_react-dom@19.2.6_react@19.2.6__react@19.2.6/node_modules/next/dist/client/dev/report-hmr-latency.js:13
[  297841ms] [LOG] [Fast Refresh] rebuilding @ webpack-internal:///(app-pages-browser)/../../node_modules/.pnpm/next@15.5.18_@babel+core@7.29.7_react-dom@19.2.6_react@19.2.6__react@19.2.6/node_modules/next/dist/client/dev/hot-reloader/app/hot-reloader-app.js:196
[  297885ms] [LOG] [Fast Refresh] done in 44ms @ webpack-internal:///(app-pages-browser)/../../node_modules/.pnpm/next@15.5.18_@babel+core@7.29.7_react-dom@19.2.6_react@19.2.6__react@19.2.6/node_modules/next/dist/client/dev/report-hmr-latency.js:13
[  297892ms] [LOG] [Fast Refresh] rebuilding @ webpack-internal:///(app-pages-browser)/../../node_modules/.pnpm/next@15.5.18_@babel+core@7.29.7_react-dom@19.2.6_react@19.2.6__react@19.2.6/node_modules/next/dist/client/dev/hot-reloader/app/hot-reloader-app.js:196
[  297936ms] [LOG] [Fast Refresh] done in 43ms @ webpack-internal:///(app-pages-browser)/../../node_modules/.pnpm/next@15.5.18_@babel+core@7.29.7_react-dom@19.2.6_react@19.2.6__react@19.2.6/node_modules/next/dist/client/dev/report-hmr-latency.js:13
[  297942ms] [LOG] [Fast Refresh] rebuilding @ webpack-internal:///(app-pages-browser)/../../node_modules/.pnpm/next@15.5.18_@babel+core@7.29.7_react-dom@19.2.6_react@19.2.6__react@19.2.6/node_modules/next/dist/client/dev/hot-reloader/app/hot-reloader-app.js:196
[  297985ms] [LOG] [Fast Refresh] done in 44ms @ webpack-internal:///(app-pages-browser)/../../node_modules/.pnpm/next@15.5.18_@babel+core@7.29.7_react-dom@19.2.6_react@19.2.6__react@19.2.6/node_modules/next/dist/client/dev/report-hmr-latency.js:13
[  297992ms] [LOG] [Fast Refresh] rebuilding @ webpack-internal:///(app-pages-browser)/../../node_modules/.pnpm/next@15.5.18_@babel+core@7.29.7_react-dom@19.2.6_react@19.2.6__react@19.2.6/node_modules/next/dist/client/dev/hot-reloader/app/hot-reloader-app.js:196
[  298040ms] [LOG] [Fast Refresh] done in 48ms @ webpack-internal:///(app-pages-browser)/../../node_modules/.pnpm/next@15.5.18_@babel+core@7.29.7_react-dom@19.2.6_react@19.2.6__react@19.2.6/node_modules/next/dist/client/dev/report-hmr-latency.js:13
[  298042ms] [LOG] [Fast Refresh] rebuilding @ webpack-internal:///(app-pages-browser)/../../node_modules/.pnpm/next@15.5.18_@babel+core@7.29.7_react-dom@19.2.6_react@19.2.6__react@19.2.6/node_modules/next/dist/client/dev/hot-reloader/app/hot-reloader-app.js:196
[  298119ms] [LOG] [Fast Refresh] rebuilding @ webpack-internal:///(app-pages-browser)/../../node_modules/.pnpm/next@15.5.18_@babel+core@7.29.7_react-dom@19.2.6_react@19.2.6__react@19.2.6/node_modules/next/dist/client/dev/hot-reloader/app/hot-reloader-app.js:196
[  298122ms] [LOG] [Fast Refresh] done in 3ms @ webpack-internal:///(app-pages-browser)/../../node_modules/.pnpm/next@15.5.18_@babel+core@7.29.7_react-dom@19.2.6_react@19.2.6__react@19.2.6/node_modules/next/dist/client/dev/report-hmr-latency.js:13
[  298168ms] [LOG] [Fast Refresh] rebuilding @ webpack-internal:///(app-pages-browser)/../../node_modules/.pnpm/next@15.5.18_@babel+core@7.29.7_react-dom@19.2.6_react@19.2.6__react@19.2.6/node_modules/next/dist/client/dev/hot-reloader/app/hot-reloader-app.js:196
[  298171ms] [LOG] [Fast Refresh] done in 3ms @ webpack-internal:///(app-pages-browser)/../../node_modules/.pnpm/next@15.5.18_@babel+core@7.29.7_react-dom@19.2.6_react@19.2.6__react@19.2.6/node_modules/next/dist/client/dev/report-hmr-latency.js:13
[  298212ms] [LOG] [Fast Refresh] rebuilding @ webpack-internal:///(app-pages-browser)/../../node_modules/.pnpm/next@15.5.18_@babel+core@7.29.7_react-dom@19.2.6_react@19.2.6__react@19.2.6/node_modules/next/dist/client/dev/hot-reloader/app/hot-reloader-app.js:196
[  298223ms] [LOG] [Fast Refresh] done in 12ms @ webpack-internal:///(app-pages-browser)/../../node_modules/.pnpm/next@15.5.18_@babel+core@7.29.7_react-dom@19.2.6_react@19.2.6__react@19.2.6/node_modules/next/dist/client/dev/report-hmr-latency.js:13
[  298255ms] [LOG] [Fast Refresh] rebuilding @ webpack-internal:///(app-pages-browser)/../../node_modules/.pnpm/next@15.5.18_@babel+core@7.29.7_react-dom@19.2.6_react@19.2.6__react@19.2.6/node_modules/next/dist/client/dev/hot-reloader/app/hot-reloader-app.js:196
[  298257ms] [LOG] [Fast Refresh] done in 2ms @ webpack-internal:///(app-pages-browser)/../../node_modules/.pnpm/next@15.5.18_@babel+core@7.29.7_react-dom@19.2.6_react@19.2.6__react@19.2.6/node_modules/next/dist/client/dev/report-hmr-latency.js:13
[  298302ms] [LOG] [Fast Refresh] rebuilding @ webpack-internal:///(app-pages-browser)/../../node_modules/.pnpm/next@15.5.18_@babel+core@7.29.7_react-dom@19.2.6_react@19.2.6__react@19.2.6/node_modules/next/dist/client/dev/hot-reloader/app/hot-reloader-app.js:196
[  298305ms] [LOG] [Fast Refresh] done in 4ms @ webpack-internal:///(app-pages-browser)/../../node_modules/.pnpm/next@15.5.18_@babel+core@7.29.7_react-dom@19.2.6_react@19.2.6__react@19.2.6/node_modules/next/dist/client/dev/report-hmr-latency.js:13
[  298352ms] [LOG] [Fast Refresh] rebuilding @ webpack-internal:///(app-pages-browser)/../../node_modules/.pnpm/next@15.5.18_@babel+core@7.29.7_react-dom@19.2.6_react@19.2.6__react@19.2.6/node_modules/next/dist/client/dev/hot-reloader/app/hot-reloader-app.js:196
[  298354ms] [LOG] [Fast Refresh] done in 3ms @ webpack-internal:///(app-pages-browser)/../../node_modules/.pnpm/next@15.5.18_@babel+core@7.29.7_react-dom@19.2.6_react@19.2.6__react@19.2.6/node_modules/next/dist/client/dev/report-hmr-latency.js:13
[  298398ms] [LOG] [Fast Refresh] done in 46ms @ webpack-internal:///(app-pages-browser)/../../node_modules/.pnpm/next@15.5.18_@babel+core@7.29.7_react-dom@19.2.6_react@19.2.6__react@19.2.6/node_modules/next/dist/client/dev/report-hmr-latency.js:13
[  298398ms] [LOG] [Fast Refresh] rebuilding @ webpack-internal:///(app-pages-browser)/../../node_modules/.pnpm/next@15.5.18_@babel+core@7.29.7_react-dom@19.2.6_react@19.2.6__react@19.2.6/node_modules/next/dist/client/dev/hot-reloader/app/hot-reloader-app.js:196
[  298444ms] [LOG] [Fast Refresh] done in 46ms @ webpack-internal:///(app-pages-browser)/../../node_modules/.pnpm/next@15.5.18_@babel+core@7.29.7_react-dom@19.2.6_react@19.2.6__react@19.2.6/node_modules/next/dist/client/dev/report-hmr-latency.js:13
[  298448ms] [LOG] [Fast Refresh] rebuilding @ webpack-internal:///(app-pages-browser)/../../node_modules/.pnpm/next@15.5.18_@babel+core@7.29.7_react-dom@19.2.6_react@19.2.6__react@19.2.6/node_modules/next/dist/client/dev/hot-reloader/app/hot-reloader-app.js:196
[  298495ms] [LOG] [Fast Refresh] done in 47ms @ webpack-internal:///(app-pages-browser)/../../node_modules/.pnpm/next@15.5.18_@babel+core@7.29.7_react-dom@19.2.6_react@19.2.6__react@19.2.6/node_modules/next/dist/client/dev/report-hmr-latency.js:13
[  298499ms] [LOG] [Fast Refresh] rebuilding @ webpack-internal:///(app-pages-browser)/../../node_modules/.pnpm/next@15.5.18_@babel+core@7.29.7_react-dom@19.2.6_react@19.2.6__react@19.2.6/node_modules/next/dist/client/dev/hot-reloader/app/hot-reloader-app.js:196
[  298543ms] [LOG] [Fast Refresh] done in 44ms @ webpack-internal:///(app-pages-browser)/../../node_modules/.pnpm/next@15.5.18_@babel+core@7.29.7_react-dom@19.2.6_react@19.2.6__react@19.2.6/node_modules/next/dist/client/dev/report-hmr-latency.js:13
[  298549ms] [LOG] [Fast Refresh] rebuilding @ webpack-internal:///(app-pages-browser)/../../node_modules/.pnpm/next@15.5.18_@babel+core@7.29.7_react-dom@19.2.6_react@19.2.6__react@19.2.6/node_modules/next/dist/client/dev/hot-reloader/app/hot-reloader-app.js:196
[  298594ms] [LOG] [Fast Refresh] done in 46ms @ webpack-internal:///(app-pages-browser)/../../node_modules/.pnpm/next@15.5.18_@babel+core@7.29.7_react-dom@19.2.6_react@19.2.6__react@19.2.6/node_modules/next/dist/client/dev/report-hmr-latency.js:13
[  298600ms] [LOG] [Fast Refresh] rebuilding @ webpack-internal:///(app-pages-browser)/../../node_modules/.pnpm/next@15.5.18_@babel+core@7.29.7_react-dom@19.2.6_react@19.2.6__react@19.2.6/node_modules/next/dist/client/dev/hot-reloader/app/hot-reloader-app.js:196
[  298647ms] [LOG] [Fast Refresh] done in 47ms @ webpack-internal:///(app-pages-browser)/../../node_modules/.pnpm/next@15.5.18_@babel+core@7.29.7_react-dom@19.2.6_react@19.2.6__react@19.2.6/node_modules/next/dist/client/dev/report-hmr-latency.js:13
[  298650ms] [LOG] [Fast Refresh] rebuilding @ webpack-internal:///(app-pages-browser)/../../node_modules/.pnpm/next@15.5.18_@babel+core@7.29.7_react-dom@19.2.6_react@19.2.6__react@19.2.6/node_modules/next/dist/client/dev/hot-reloader/app/hot-reloader-app.js:196
[  298698ms] [LOG] [Fast Refresh] done in 48ms @ webpack-internal:///(app-pages-browser)/../../node_modules/.pnpm/next@15.5.18_@babel+core@7.29.7_react-dom@19.2.6_react@19.2.6__react@19.2.6/node_modules/next/dist/client/dev/report-hmr-latency.js:13
[  298700ms] [LOG] [Fast Refresh] rebuilding @ webpack-internal:///(app-pages-browser)/../../node_modules/.pnpm/next@15.5.18_@babel+core@7.29.7_react-dom@19.2.6_react@19.2.6__react@19.2.6/node_modules/next/dist/client/dev/hot-reloader/app/hot-reloader-app.js:196
[  298747ms] [LOG] [Fast Refresh] done in 47ms @ webpack-internal:///(app-pages-browser)/../../node_modules/.pnpm/next@15.5.18_@babel+core@7.29.7_react-dom@19.2.6_react@19.2.6__react@19.2.6/node_modules/next/dist/client/dev/report-hmr-latency.js:13
[  298750ms] [LOG] [Fast Refresh] rebuilding @ webpack-internal:///(app-pages-browser)/../../node_modules/.pnpm/next@15.5.18_@babel+core@7.29.7_react-dom@19.2.6_react@19.2.6__react@19.2.6/node_modules/next/dist/client/dev/hot-reloader/app/hot-reloader-app.js:196
[  298797ms] [LOG] [Fast Refresh] done in 47ms @ webpack-internal:///(app-pages-browser)/../../node_modules/.pnpm/next@15.5.18_@babel+core@7.29.7_react-dom@19.2.6_react@19.2.6__react@19.2.6/node_modules/next/dist/client/dev/report-hmr-latency.js:13
[  298800ms] [LOG] [Fast Refresh] rebuilding @ webpack-internal:///(app-pages-browser)/../../node_modules/.pnpm/next@15.5.18_@babel+core@7.29.7_react-dom@19.2.6_react@19.2.6__react@19.2.6/node_modules/next/dist/client/dev/hot-reloader/app/hot-reloader-app.js:196
[  298846ms] [LOG] [Fast Refresh] done in 46ms @ webpack-internal:///(app-pages-browser)/../../node_modules/.pnpm/next@15.5.18_@babel+core@7.29.7_react-dom@19.2.6_react@19.2.6__react@19.2.6/node_modules/next/dist/client/dev/report-hmr-latency.js:13
[  298850ms] [LOG] [Fast Refresh] rebuilding @ webpack-internal:///(app-pages-browser)/../../node_modules/.pnpm/next@15.5.18_@babel+core@7.29.7_react-dom@19.2.6_react@19.2.6__react@19.2.6/node_modules/next/dist/client/dev/hot-reloader/app/hot-reloader-app.js:196
[  298896ms] [LOG] [Fast Refresh] done in 45ms @ webpack-internal:///(app-pages-browser)/../../node_modules/.pnpm/next@15.5.18_@babel+core@7.29.7_react-dom@19.2.6_react@19.2.6__react@19.2.6/node_modules/next/dist/client/dev/report-hmr-latency.js:13
[  298901ms] [LOG] [Fast Refresh] rebuilding @ webpack-internal:///(app-pages-browser)/../../node_modules/.pnpm/next@15.5.18_@babel+core@7.29.7_react-dom@19.2.6_react@19.2.6__react@19.2.6/node_modules/next/dist/client/dev/hot-reloader/app/hot-reloader-app.js:196
[  298946ms] [LOG] [Fast Refresh] done in 45ms @ webpack-internal:///(app-pages-browser)/../../node_modules/.pnpm/next@15.5.18_@babel+core@7.29.7_react-dom@19.2.6_react@19.2.6__react@19.2.6/node_modules/next/dist/client/dev/report-hmr-latency.js:13
[  298951ms] [LOG] [Fast Refresh] rebuilding @ webpack-internal:///(app-pages-browser)/../../node_modules/.pnpm/next@15.5.18_@babel+core@7.29.7_react-dom@19.2.6_react@19.2.6__react@19.2.6/node_modules/next/dist/client/dev/hot-reloader/app/hot-reloader-app.js:196
[  298995ms] [LOG] [Fast Refresh] done in 44ms @ webpack-internal:///(app-pages-browser)/../../node_modules/.pnpm/next@15.5.18_@babel+core@7.29.7_react-dom@19.2.6_react@19.2.6__react@19.2.6/node_modules/next/dist/client/dev/report-hmr-latency.js:13
[  299001ms] [LOG] [Fast Refresh] rebuilding @ webpack-internal:///(app-pages-browser)/../../node_modules/.pnpm/next@15.5.18_@babel+core@7.29.7_react-dom@19.2.6_react@19.2.6__react@19.2.6/node_modules/next/dist/client/dev/hot-reloader/app/hot-reloader-app.js:196
[  299043ms] [LOG] [Fast Refresh] done in 41ms @ webpack-internal:///(app-pages-browser)/../../node_modules/.pnpm/next@15.5.18_@babel+core@7.29.7_react-dom@19.2.6_react@19.2.6__react@19.2.6/node_modules/next/dist/client/dev/report-hmr-latency.js:13
[  299052ms] [LOG] [Fast Refresh] rebuilding @ webpack-internal:///(app-pages-browser)/../../node_modules/.pnpm/next@15.5.18_@babel+core@7.29.7_react-dom@19.2.6_react@19.2.6__react@19.2.6/node_modules/next/dist/client/dev/hot-reloader/app/hot-reloader-app.js:196
[  299097ms] [LOG] [Fast Refresh] done in 46ms @ webpack-internal:///(app-pages-browser)/../../node_modules/.pnpm/next@15.5.18_@babel+core@7.29.7_react-dom@19.2.6_react@19.2.6__react@19.2.6/node_modules/next/dist/client/dev/report-hmr-latency.js:13
[  299102ms] [LOG] [Fast Refresh] rebuilding @ webpack-internal:///(app-pages-browser)/../../node_modules/.pnpm/next@15.5.18_@babel+core@7.29.7_react-dom@19.2.6_react@19.2.6__react@19.2.6/node_modules/next/dist/client/dev/hot-reloader/app/hot-reloader-app.js:196
[  299148ms] [LOG] [Fast Refresh] done in 45ms @ webpack-internal:///(app-pages-browser)/../../node_modules/.pnpm/next@15.5.18_@babel+core@7.29.7_react-dom@19.2.6_react@19.2.6__react@19.2.6/node_modules/next/dist/client/dev/report-hmr-latency.js:13
[  299153ms] [LOG] [Fast Refresh] rebuilding @ webpack-internal:///(app-pages-browser)/../../node_modules/.pnpm/next@15.5.18_@babel+core@7.29.7_react-dom@19.2.6_react@19.2.6__react@19.2.6/node_modules/next/dist/client/dev/hot-reloader/app/hot-reloader-app.js:196
[  299202ms] [LOG] [Fast Refresh] done in 50ms @ webpack-internal:///(app-pages-browser)/../../node_modules/.pnpm/next@15.5.18_@babel+core@7.29.7_react-dom@19.2.6_react@19.2.6__react@19.2.6/node_modules/next/dist/client/dev/report-hmr-latency.js:13
[  299203ms] [LOG] [Fast Refresh] rebuilding @ webpack-internal:///(app-pages-browser)/../../node_modules/.pnpm/next@15.5.18_@babel+core@7.29.7_react-dom@19.2.6_react@19.2.6__react@19.2.6/node_modules/next/dist/client/dev/hot-reloader/app/hot-reloader-app.js:196
[  299270ms] [LOG] [Fast Refresh] rebuilding @ webpack-internal:///(app-pages-browser)/../../node_modules/.pnpm/next@15.5.18_@babel+core@7.29.7_react-dom@19.2.6_react@19.2.6__react@19.2.6/node_modules/next/dist/client/dev/hot-reloader/app/hot-reloader-app.js:196
[  299272ms] [LOG] [Fast Refresh] done in 3ms @ webpack-internal:///(app-pages-browser)/../../node_modules/.pnpm/next@15.5.18_@babel+core@7.29.7_react-dom@19.2.6_react@19.2.6__react@19.2.6/node_modules/next/dist/client/dev/report-hmr-latency.js:13
[  299314ms] [LOG] [Fast Refresh] rebuilding @ webpack-internal:///(app-pages-browser)/../../node_modules/.pnpm/next@15.5.18_@babel+core@7.29.7_react-dom@19.2.6_react@19.2.6__react@19.2.6/node_modules/next/dist/client/dev/hot-reloader/app/hot-reloader-app.js:196
[  299317ms] [LOG] [Fast Refresh] done in 2ms @ webpack-internal:///(app-pages-browser)/../../node_modules/.pnpm/next@15.5.18_@babel+core@7.29.7_react-dom@19.2.6_react@19.2.6__react@19.2.6/node_modules/next/dist/client/dev/report-hmr-latency.js:13
[  299359ms] [LOG] [Fast Refresh] rebuilding @ webpack-internal:///(app-pages-browser)/../../node_modules/.pnpm/next@15.5.18_@babel+core@7.29.7_react-dom@19.2.6_react@19.2.6__react@19.2.6/node_modules/next/dist/client/dev/hot-reloader/app/hot-reloader-app.js:196
[  299361ms] [LOG] [Fast Refresh] done in 2ms @ webpack-internal:///(app-pages-browser)/../../node_modules/.pnpm/next@15.5.18_@babel+core@7.29.7_react-dom@19.2.6_react@19.2.6__react@19.2.6/node_modules/next/dist/client/dev/report-hmr-latency.js:13
[  299406ms] [LOG] [Fast Refresh] done in 47ms @ webpack-internal:///(app-pages-browser)/../../node_modules/.pnpm/next@15.5.18_@babel+core@7.29.7_react-dom@19.2.6_react@19.2.6__react@19.2.6/node_modules/next/dist/client/dev/report-hmr-latency.js:13
[  299406ms] [LOG] [Fast Refresh] rebuilding @ webpack-internal:///(app-pages-browser)/../../node_modules/.pnpm/next@15.5.18_@babel+core@7.29.7_react-dom@19.2.6_react@19.2.6__react@19.2.6/node_modules/next/dist/client/dev/hot-reloader/app/hot-reloader-app.js:196
[  299449ms] [LOG] [Fast Refresh] done in 43ms @ webpack-internal:///(app-pages-browser)/../../node_modules/.pnpm/next@15.5.18_@babel+core@7.29.7_react-dom@19.2.6_react@19.2.6__react@19.2.6/node_modules/next/dist/client/dev/report-hmr-latency.js:13
[  299457ms] [LOG] [Fast Refresh] rebuilding @ webpack-internal:///(app-pages-browser)/../../node_modules/.pnpm/next@15.5.18_@babel+core@7.29.7_react-dom@19.2.6_react@19.2.6__react@19.2.6/node_modules/next/dist/client/dev/hot-reloader/app/hot-reloader-app.js:196
[  299502ms] [LOG] [Fast Refresh] done in 45ms @ webpack-internal:///(app-pages-browser)/../../node_modules/.pnpm/next@15.5.18_@babel+core@7.29.7_react-dom@19.2.6_react@19.2.6__react@19.2.6/node_modules/next/dist/client/dev/report-hmr-latency.js:13
[  299507ms] [LOG] [Fast Refresh] rebuilding @ webpack-internal:///(app-pages-browser)/../../node_modules/.pnpm/next@15.5.18_@babel+core@7.29.7_react-dom@19.2.6_react@19.2.6__react@19.2.6/node_modules/next/dist/client/dev/hot-reloader/app/hot-reloader-app.js:196
[  299553ms] [LOG] [Fast Refresh] done in 47ms @ webpack-internal:///(app-pages-browser)/../../node_modules/.pnpm/next@15.5.18_@babel+core@7.29.7_react-dom@19.2.6_react@19.2.6__react@19.2.6/node_modules/next/dist/client/dev/report-hmr-latency.js:13
[  299557ms] [LOG] [Fast Refresh] rebuilding @ webpack-internal:///(app-pages-browser)/../../node_modules/.pnpm/next@15.5.18_@babel+core@7.29.7_react-dom@19.2.6_react@19.2.6__react@19.2.6/node_modules/next/dist/client/dev/hot-reloader/app/hot-reloader-app.js:196
[  299603ms] [LOG] [Fast Refresh] done in 45ms @ webpack-internal:///(app-pages-browser)/../../node_modules/.pnpm/next@15.5.18_@babel+core@7.29.7_react-dom@19.2.6_react@19.2.6__react@19.2.6/node_modules/next/dist/client/dev/report-hmr-latency.js:13
[  299607ms] [LOG] [Fast Refresh] rebuilding @ webpack-internal:///(app-pages-browser)/../../node_modules/.pnpm/next@15.5.18_@babel+core@7.29.7_react-dom@19.2.6_react@19.2.6__react@19.2.6/node_modules/next/dist/client/dev/hot-reloader/app/hot-reloader-app.js:196
[  299651ms] [LOG] [Fast Refresh] done in 43ms @ webpack-internal:///(app-pages-browser)/../../node_modules/.pnpm/next@15.5.18_@babel+core@7.29.7_react-dom@19.2.6_react@19.2.6__react@19.2.6/node_modules/next/dist/client/dev/report-hmr-latency.js:13
[  299657ms] [LOG] [Fast Refresh] rebuilding @ webpack-internal:///(app-pages-browser)/../../node_modules/.pnpm/next@15.5.18_@babel+core@7.29.7_react-dom@19.2.6_react@19.2.6__react@19.2.6/node_modules/next/dist/client/dev/hot-reloader/app/hot-reloader-app.js:196
[  299704ms] [LOG] [Fast Refresh] done in 47ms @ webpack-internal:///(app-pages-browser)/../../node_modules/.pnpm/next@15.5.18_@babel+core@7.29.7_react-dom@19.2.6_react@19.2.6__react@19.2.6/node_modules/next/dist/client/dev/report-hmr-latency.js:13
[  299708ms] [LOG] [Fast Refresh] rebuilding @ webpack-internal:///(app-pages-browser)/../../node_modules/.pnpm/next@15.5.18_@babel+core@7.29.7_react-dom@19.2.6_react@19.2.6__react@19.2.6/node_modules/next/dist/client/dev/hot-reloader/app/hot-reloader-app.js:196
[  299755ms] [LOG] [Fast Refresh] done in 48ms @ webpack-internal:///(app-pages-browser)/../../node_modules/.pnpm/next@15.5.18_@babel+core@7.29.7_react-dom@19.2.6_react@19.2.6__react@19.2.6/node_modules/next/dist/client/dev/report-hmr-latency.js:13
[  299758ms] [LOG] [Fast Refresh] rebuilding @ webpack-internal:///(app-pages-browser)/../../node_modules/.pnpm/next@15.5.18_@babel+core@7.29.7_react-dom@19.2.6_react@19.2.6__react@19.2.6/node_modules/next/dist/client/dev/hot-reloader/app/hot-reloader-app.js:196
[  299803ms] [LOG] [Fast Refresh] done in 45ms @ webpack-internal:///(app-pages-browser)/../../node_modules/.pnpm/next@15.5.18_@babel+core@7.29.7_react-dom@19.2.6_react@19.2.6__react@19.2.6/node_modules/next/dist/client/dev/report-hmr-latency.js:13
[  299808ms] [LOG] [Fast Refresh] rebuilding @ webpack-internal:///(app-pages-browser)/../../node_modules/.pnpm/next@15.5.18_@babel+core@7.29.7_react-dom@19.2.6_react@19.2.6__react@19.2.6/node_modules/next/dist/client/dev/hot-reloader/app/hot-reloader-app.js:196
[  299852ms] [LOG] [Fast Refresh] done in 43ms @ webpack-internal:///(app-pages-browser)/../../node_modules/.pnpm/next@15.5.18_@babel+core@7.29.7_react-dom@19.2.6_react@19.2.6__react@19.2.6/node_modules/next/dist/client/dev/report-hmr-latency.js:13
[  299858ms] [LOG] [Fast Refresh] rebuilding @ webpack-internal:///(app-pages-browser)/../../node_modules/.pnpm/next@15.5.18_@babel+core@7.29.7_react-dom@19.2.6_react@19.2.6__react@19.2.6/node_modules/next/dist/client/dev/hot-reloader/app/hot-reloader-app.js:196
[  299902ms] [LOG] [Fast Refresh] done in 44ms @ webpack-internal:///(app-pages-browser)/../../node_modules/.pnpm/next@15.5.18_@babel+core@7.29.7_react-dom@19.2.6_react@19.2.6__react@19.2.6/node_modules/next/dist/client/dev/report-hmr-latency.js:13
[  299908ms] [LOG] [Fast Refresh] rebuilding @ webpack-internal:///(app-pages-browser)/../../node_modules/.pnpm/next@15.5.18_@babel+core@7.29.7_react-dom@19.2.6_react@19.2.6__react@19.2.6/node_modules/next/dist/client/dev/hot-reloader/app/hot-reloader-app.js:196
[  299952ms] [LOG] [Fast Refresh] done in 43ms @ webpack-internal:///(app-pages-browser)/../../node_modules/.pnpm/next@15.5.18_@babel+core@7.29.7_react-dom@19.2.6_react@19.2.6__react@19.2.6/node_modules/next/dist/client/dev/report-hmr-latency.js:13
[  299958ms] [LOG] [Fast Refresh] rebuilding @ webpack-internal:///(app-pages-browser)/../../node_modules/.pnpm/next@15.5.18_@babel+core@7.29.7_react-dom@19.2.6_react@19.2.6__react@19.2.6/node_modules/next/dist/client/dev/hot-reloader/app/hot-reloader-app.js:196
[  300004ms] [LOG] [Fast Refresh] done in 45ms @ webpack-internal:///(app-pages-browser)/../../node_modules/.pnpm/next@15.5.18_@babel+core@7.29.7_react-dom@19.2.6_react@19.2.6__react@19.2.6/node_modules/next/dist/client/dev/report-hmr-latency.js:13
[  300009ms] [LOG] [Fast Refresh] rebuilding @ webpack-internal:///(app-pages-browser)/../../node_modules/.pnpm/next@15.5.18_@babel+core@7.29.7_react-dom@19.2.6_react@19.2.6__react@19.2.6/node_modules/next/dist/client/dev/hot-reloader/app/hot-reloader-app.js:196
[  300055ms] [LOG] [Fast Refresh] done in 46ms @ webpack-internal:///(app-pages-browser)/../../node_modules/.pnpm/next@15.5.18_@babel+core@7.29.7_react-dom@19.2.6_react@19.2.6__react@19.2.6/node_modules/next/dist/client/dev/report-hmr-latency.js:13
[  300059ms] [LOG] [Fast Refresh] rebuilding @ webpack-internal:///(app-pages-browser)/../../node_modules/.pnpm/next@15.5.18_@babel+core@7.29.7_react-dom@19.2.6_react@19.2.6__react@19.2.6/node_modules/next/dist/client/dev/hot-reloader/app/hot-reloader-app.js:196
[  300103ms] [LOG] [Fast Refresh] done in 45ms @ webpack-internal:///(app-pages-browser)/../../node_modules/.pnpm/next@15.5.18_@babel+core@7.29.7_react-dom@19.2.6_react@19.2.6__react@19.2.6/node_modules/next/dist/client/dev/report-hmr-latency.js:13
[  300109ms] [LOG] [Fast Refresh] rebuilding @ webpack-internal:///(app-pages-browser)/../../node_modules/.pnpm/next@15.5.18_@babel+core@7.29.7_react-dom@19.2.6_react@19.2.6__react@19.2.6/node_modules/next/dist/client/dev/hot-reloader/app/hot-reloader-app.js:196
[  300153ms] [LOG] [Fast Refresh] done in 45ms @ webpack-internal:///(app-pages-browser)/../../node_modules/.pnpm/next@15.5.18_@babel+core@7.29.7_react-dom@19.2.6_react@19.2.6__react@19.2.6/node_modules/next/dist/client/dev/report-hmr-latency.js:13
[  300159ms] [LOG] [Fast Refresh] rebuilding @ webpack-internal:///(app-pages-browser)/../../node_modules/.pnpm/next@15.5.18_@babel+core@7.29.7_react-dom@19.2.6_react@19.2.6__react@19.2.6/node_modules/next/dist/client/dev/hot-reloader/app/hot-reloader-app.js:196
[  300205ms] [LOG] [Fast Refresh] done in 46ms @ webpack-internal:///(app-pages-browser)/../../node_modules/.pnpm/next@15.5.18_@babel+core@7.29.7_react-dom@19.2.6_react@19.2.6__react@19.2.6/node_modules/next/dist/client/dev/report-hmr-latency.js:13
[  300209ms] [LOG] [Fast Refresh] rebuilding @ webpack-internal:///(app-pages-browser)/../../node_modules/.pnpm/next@15.5.18_@babel+core@7.29.7_react-dom@19.2.6_react@19.2.6__react@19.2.6/node_modules/next/dist/client/dev/hot-reloader/app/hot-reloader-app.js:196
[  300253ms] [LOG] [Fast Refresh] done in 44ms @ webpack-internal:///(app-pages-browser)/../../node_modules/.pnpm/next@15.5.18_@babel+core@7.29.7_react-dom@19.2.6_react@19.2.6__react@19.2.6/node_modules/next/dist/client/dev/report-hmr-latency.js:13
[  300259ms] [LOG] [Fast Refresh] rebuilding @ webpack-internal:///(app-pages-browser)/../../node_modules/.pnpm/next@15.5.18_@babel+core@7.29.7_react-dom@19.2.6_react@19.2.6__react@19.2.6/node_modules/next/dist/client/dev/hot-reloader/app/hot-reloader-app.js:196
[  300306ms] [LOG] [Fast Refresh] done in 46ms @ webpack-internal:///(app-pages-browser)/../../node_modules/.pnpm/next@15.5.18_@babel+core@7.29.7_react-dom@19.2.6_react@19.2.6__react@19.2.6/node_modules/next/dist/client/dev/report-hmr-latency.js:13
[  300309ms] [LOG] [Fast Refresh] rebuilding @ webpack-internal:///(app-pages-browser)/../../node_modules/.pnpm/next@15.5.18_@babel+core@7.29.7_react-dom@19.2.6_react@19.2.6__react@19.2.6/node_modules/next/dist/client/dev/hot-reloader/app/hot-reloader-app.js:196
[  300358ms] [LOG] [Fast Refresh] done in 49ms @ webpack-internal:///(app-pages-browser)/../../node_modules/.pnpm/next@15.5.18_@babel+core@7.29.7_react-dom@19.2.6_react@19.2.6__react@19.2.6/node_modules/next/dist/client/dev/report-hmr-latency.js:13
[  300359ms] [LOG] [Fast Refresh] rebuilding @ webpack-internal:///(app-pages-browser)/../../node_modules/.pnpm/next@15.5.18_@babel+core@7.29.7_react-dom@19.2.6_react@19.2.6__react@19.2.6/node_modules/next/dist/client/dev/hot-reloader/app/hot-reloader-app.js:196
[  300423ms] [LOG] [Fast Refresh] rebuilding @ webpack-internal:///(app-pages-browser)/../../node_modules/.pnpm/next@15.5.18_@babel+core@7.29.7_react-dom@19.2.6_react@19.2.6__react@19.2.6/node_modules/next/dist/client/dev/hot-reloader/app/hot-reloader-app.js:196
[  300426ms] [LOG] [Fast Refresh] done in 3ms @ webpack-internal:///(app-pages-browser)/../../node_modules/.pnpm/next@15.5.18_@babel+core@7.29.7_react-dom@19.2.6_react@19.2.6__react@19.2.6/node_modules/next/dist/client/dev/report-hmr-latency.js:13
[  300464ms] [LOG] [Fast Refresh] rebuilding @ webpack-internal:///(app-pages-browser)/../../node_modules/.pnpm/next@15.5.18_@babel+core@7.29.7_react-dom@19.2.6_react@19.2.6__react@19.2.6/node_modules/next/dist/client/dev/hot-reloader/app/hot-reloader-app.js:196
[  300467ms] [LOG] [Fast Refresh] done in 2ms @ webpack-internal:///(app-pages-browser)/../../node_modules/.pnpm/next@15.5.18_@babel+core@7.29.7_react-dom@19.2.6_react@19.2.6__react@19.2.6/node_modules/next/dist/client/dev/report-hmr-latency.js:13
[  300507ms] [LOG] [Fast Refresh] done in 43ms @ webpack-internal:///(app-pages-browser)/../../node_modules/.pnpm/next@15.5.18_@babel+core@7.29.7_react-dom@19.2.6_react@19.2.6__react@19.2.6/node_modules/next/dist/client/dev/report-hmr-latency.js:13
[  300511ms] [LOG] [Fast Refresh] rebuilding @ webpack-internal:///(app-pages-browser)/../../node_modules/.pnpm/next@15.5.18_@babel+core@7.29.7_react-dom@19.2.6_react@19.2.6__react@19.2.6/node_modules/next/dist/client/dev/hot-reloader/app/hot-reloader-app.js:196
[  300557ms] [LOG] [Fast Refresh] done in 45ms @ webpack-internal:///(app-pages-browser)/../../node_modules/.pnpm/next@15.5.18_@babel+core@7.29.7_react-dom@19.2.6_react@19.2.6__react@19.2.6/node_modules/next/dist/client/dev/report-hmr-latency.js:13
[  300561ms] [LOG] [Fast Refresh] rebuilding @ webpack-internal:///(app-pages-browser)/../../node_modules/.pnpm/next@15.5.18_@babel+core@7.29.7_react-dom@19.2.6_react@19.2.6__react@19.2.6/node_modules/next/dist/client/dev/hot-reloader/app/hot-reloader-app.js:196
[  300607ms] [LOG] [Fast Refresh] done in 46ms @ webpack-internal:///(app-pages-browser)/../../node_modules/.pnpm/next@15.5.18_@babel+core@7.29.7_react-dom@19.2.6_react@19.2.6__react@19.2.6/node_modules/next/dist/client/dev/report-hmr-latency.js:13
[  300612ms] [LOG] [Fast Refresh] rebuilding @ webpack-internal:///(app-pages-browser)/../../node_modules/.pnpm/next@15.5.18_@babel+core@7.29.7_react-dom@19.2.6_react@19.2.6__react@19.2.6/node_modules/next/dist/client/dev/hot-reloader/app/hot-reloader-app.js:196
[  300655ms] [LOG] [Fast Refresh] done in 44ms @ webpack-internal:///(app-pages-browser)/../../node_modules/.pnpm/next@15.5.18_@babel+core@7.29.7_react-dom@19.2.6_react@19.2.6__react@19.2.6/node_modules/next/dist/client/dev/report-hmr-latency.js:13
[  300662ms] [LOG] [Fast Refresh] rebuilding @ webpack-internal:///(app-pages-browser)/../../node_modules/.pnpm/next@15.5.18_@babel+core@7.29.7_react-dom@19.2.6_react@19.2.6__react@19.2.6/node_modules/next/dist/client/dev/hot-reloader/app/hot-reloader-app.js:196
[  300707ms] [LOG] [Fast Refresh] done in 46ms @ webpack-internal:///(app-pages-browser)/../../node_modules/.pnpm/next@15.5.18_@babel+core@7.29.7_react-dom@19.2.6_react@19.2.6__react@19.2.6/node_modules/next/dist/client/dev/report-hmr-latency.js:13
[  300712ms] [LOG] [Fast Refresh] rebuilding @ webpack-internal:///(app-pages-browser)/../../node_modules/.pnpm/next@15.5.18_@babel+core@7.29.7_react-dom@19.2.6_react@19.2.6__react@19.2.6/node_modules/next/dist/client/dev/hot-reloader/app/hot-reloader-app.js:196
[  300753ms] [LOG] [Fast Refresh] done in 41ms @ webpack-internal:///(app-pages-browser)/../../node_modules/.pnpm/next@15.5.18_@babel+core@7.29.7_react-dom@19.2.6_react@19.2.6__react@19.2.6/node_modules/next/dist/client/dev/report-hmr-latency.js:13
[  300762ms] [LOG] [Fast Refresh] rebuilding @ webpack-internal:///(app-pages-browser)/../../node_modules/.pnpm/next@15.5.18_@babel+core@7.29.7_react-dom@19.2.6_react@19.2.6__react@19.2.6/node_modules/next/dist/client/dev/hot-reloader/app/hot-reloader-app.js:196
[  300807ms] [LOG] [Fast Refresh] done in 45ms @ webpack-internal:///(app-pages-browser)/../../node_modules/.pnpm/next@15.5.18_@babel+core@7.29.7_react-dom@19.2.6_react@19.2.6__react@19.2.6/node_modules/next/dist/client/dev/report-hmr-latency.js:13
[  300813ms] [LOG] [Fast Refresh] rebuilding @ webpack-internal:///(app-pages-browser)/../../node_modules/.pnpm/next@15.5.18_@babel+core@7.29.7_react-dom@19.2.6_react@19.2.6__react@19.2.6/node_modules/next/dist/client/dev/hot-reloader/app/hot-reloader-app.js:196
[  300861ms] [LOG] [Fast Refresh] done in 49ms @ webpack-internal:///(app-pages-browser)/../../node_modules/.pnpm/next@15.5.18_@babel+core@7.29.7_react-dom@19.2.6_react@19.2.6__react@19.2.6/node_modules/next/dist/client/dev/report-hmr-latency.js:13
[  300862ms] [LOG] [Fast Refresh] rebuilding @ webpack-internal:///(app-pages-browser)/../../node_modules/.pnpm/next@15.5.18_@babel+core@7.29.7_react-dom@19.2.6_react@19.2.6__react@19.2.6/node_modules/next/dist/client/dev/hot-reloader/app/hot-reloader-app.js:196
[  300905ms] [LOG] [Fast Refresh] done in 44ms @ webpack-internal:///(app-pages-browser)/../../node_modules/.pnpm/next@15.5.18_@babel+core@7.29.7_react-dom@19.2.6_react@19.2.6__react@19.2.6/node_modules/next/dist/client/dev/report-hmr-latency.js:13
[  300912ms] [LOG] [Fast Refresh] rebuilding @ webpack-internal:///(app-pages-browser)/../../node_modules/.pnpm/next@15.5.18_@babel+core@7.29.7_react-dom@19.2.6_react@19.2.6__react@19.2.6/node_modules/next/dist/client/dev/hot-reloader/app/hot-reloader-app.js:196
[  300958ms] [LOG] [Fast Refresh] done in 45ms @ webpack-internal:///(app-pages-browser)/../../node_modules/.pnpm/next@15.5.18_@babel+core@7.29.7_react-dom@19.2.6_react@19.2.6__react@19.2.6/node_modules/next/dist/client/dev/report-hmr-latency.js:13
[  300963ms] [LOG] [Fast Refresh] rebuilding @ webpack-internal:///(app-pages-browser)/../../node_modules/.pnpm/next@15.5.18_@babel+core@7.29.7_react-dom@19.2.6_react@19.2.6__react@19.2.6/node_modules/next/dist/client/dev/hot-reloader/app/hot-reloader-app.js:196
[  301008ms] [LOG] [Fast Refresh] done in 45ms @ webpack-internal:///(app-pages-browser)/../../node_modules/.pnpm/next@15.5.18_@babel+core@7.29.7_react-dom@19.2.6_react@19.2.6__react@19.2.6/node_modules/next/dist/client/dev/report-hmr-latency.js:13
[  301014ms] [LOG] [Fast Refresh] rebuilding @ webpack-internal:///(app-pages-browser)/../../node_modules/.pnpm/next@15.5.18_@babel+core@7.29.7_react-dom@19.2.6_react@19.2.6__react@19.2.6/node_modules/next/dist/client/dev/hot-reloader/app/hot-reloader-app.js:196
[  301056ms] [LOG] [Fast Refresh] done in 43ms @ webpack-internal:///(app-pages-browser)/../../node_modules/.pnpm/next@15.5.18_@babel+core@7.29.7_react-dom@19.2.6_react@19.2.6__react@19.2.6/node_modules/next/dist/client/dev/report-hmr-latency.js:13
[  301064ms] [LOG] [Fast Refresh] rebuilding @ webpack-internal:///(app-pages-browser)/../../node_modules/.pnpm/next@15.5.18_@babel+core@7.29.7_react-dom@19.2.6_react@19.2.6__react@19.2.6/node_modules/next/dist/client/dev/hot-reloader/app/hot-reloader-app.js:196
[  301109ms] [LOG] [Fast Refresh] done in 44ms @ webpack-internal:///(app-pages-browser)/../../node_modules/.pnpm/next@15.5.18_@babel+core@7.29.7_react-dom@19.2.6_react@19.2.6__react@19.2.6/node_modules/next/dist/client/dev/report-hmr-latency.js:13
[  301115ms] [LOG] [Fast Refresh] rebuilding @ webpack-internal:///(app-pages-browser)/../../node_modules/.pnpm/next@15.5.18_@babel+core@7.29.7_react-dom@19.2.6_react@19.2.6__react@19.2.6/node_modules/next/dist/client/dev/hot-reloader/app/hot-reloader-app.js:196
[  301157ms] [LOG] [Fast Refresh] done in 42ms @ webpack-internal:///(app-pages-browser)/../../node_modules/.pnpm/next@15.5.18_@babel+core@7.29.7_react-dom@19.2.6_react@19.2.6__react@19.2.6/node_modules/next/dist/client/dev/report-hmr-latency.js:13
[  301165ms] [LOG] [Fast Refresh] rebuilding @ webpack-internal:///(app-pages-browser)/../../node_modules/.pnpm/next@15.5.18_@babel+core@7.29.7_react-dom@19.2.6_react@19.2.6__react@19.2.6/node_modules/next/dist/client/dev/hot-reloader/app/hot-reloader-app.js:196
[  301211ms] [LOG] [Fast Refresh] done in 46ms @ webpack-internal:///(app-pages-browser)/../../node_modules/.pnpm/next@15.5.18_@babel+core@7.29.7_react-dom@19.2.6_react@19.2.6__react@19.2.6/node_modules/next/dist/client/dev/report-hmr-latency.js:13
[  301215ms] [LOG] [Fast Refresh] rebuilding @ webpack-internal:///(app-pages-browser)/../../node_modules/.pnpm/next@15.5.18_@babel+core@7.29.7_react-dom@19.2.6_react@19.2.6__react@19.2.6/node_modules/next/dist/client/dev/hot-reloader/app/hot-reloader-app.js:196
[  301262ms] [LOG] [Fast Refresh] done in 47ms @ webpack-internal:///(app-pages-browser)/../../node_modules/.pnpm/next@15.5.18_@babel+core@7.29.7_react-dom@19.2.6_react@19.2.6__react@19.2.6/node_modules/next/dist/client/dev/report-hmr-latency.js:13
[  301265ms] [LOG] [Fast Refresh] rebuilding @ webpack-internal:///(app-pages-browser)/../../node_modules/.pnpm/next@15.5.18_@babel+core@7.29.7_react-dom@19.2.6_react@19.2.6__react@19.2.6/node_modules/next/dist/client/dev/hot-reloader/app/hot-reloader-app.js:196
[  301309ms] [LOG] [Fast Refresh] done in 44ms @ webpack-internal:///(app-pages-browser)/../../node_modules/.pnpm/next@15.5.18_@babel+core@7.29.7_react-dom@19.2.6_react@19.2.6__react@19.2.6/node_modules/next/dist/client/dev/report-hmr-latency.js:13
[  301315ms] [LOG] [Fast Refresh] rebuilding @ webpack-internal:///(app-pages-browser)/../../node_modules/.pnpm/next@15.5.18_@babel+core@7.29.7_react-dom@19.2.6_react@19.2.6__react@19.2.6/node_modules/next/dist/client/dev/hot-reloader/app/hot-reloader-app.js:196
[  301358ms] [LOG] [Fast Refresh] done in 42ms @ webpack-internal:///(app-pages-browser)/../../node_modules/.pnpm/next@15.5.18_@babel+core@7.29.7_react-dom@19.2.6_react@19.2.6__react@19.2.6/node_modules/next/dist/client/dev/report-hmr-latency.js:13
[  301366ms] [LOG] [Fast Refresh] rebuilding @ webpack-internal:///(app-pages-browser)/../../node_modules/.pnpm/next@15.5.18_@babel+core@7.29.7_react-dom@19.2.6_react@19.2.6__react@19.2.6/node_modules/next/dist/client/dev/hot-reloader/app/hot-reloader-app.js:196
[  301411ms] [LOG] [Fast Refresh] done in 45ms @ webpack-internal:///(app-pages-browser)/../../node_modules/.pnpm/next@15.5.18_@babel+core@7.29.7_react-dom@19.2.6_react@19.2.6__react@19.2.6/node_modules/next/dist/client/dev/report-hmr-latency.js:13
[  301416ms] [LOG] [Fast Refresh] rebuilding @ webpack-internal:///(app-pages-browser)/../../node_modules/.pnpm/next@15.5.18_@babel+core@7.29.7_react-dom@19.2.6_react@19.2.6__react@19.2.6/node_modules/next/dist/client/dev/hot-reloader/app/hot-reloader-app.js:196
[  301460ms] [LOG] [Fast Refresh] done in 43ms @ webpack-internal:///(app-pages-browser)/../../node_modules/.pnpm/next@15.5.18_@babel+core@7.29.7_react-dom@19.2.6_react@19.2.6__react@19.2.6/node_modules/next/dist/client/dev/report-hmr-latency.js:13
[  301467ms] [LOG] [Fast Refresh] rebuilding @ webpack-internal:///(app-pages-browser)/../../node_modules/.pnpm/next@15.5.18_@babel+core@7.29.7_react-dom@19.2.6_react@19.2.6__react@19.2.6/node_modules/next/dist/client/dev/hot-reloader/app/hot-reloader-app.js:196
[  301512ms] [LOG] [Fast Refresh] done in 45ms @ webpack-internal:///(app-pages-browser)/../../node_modules/.pnpm/next@15.5.18_@babel+core@7.29.7_react-dom@19.2.6_react@19.2.6__react@19.2.6/node_modules/next/dist/client/dev/report-hmr-latency.js:13
[  301516ms] [LOG] [Fast Refresh] rebuilding @ webpack-internal:///(app-pages-browser)/../../node_modules/.pnpm/next@15.5.18_@babel+core@7.29.7_react-dom@19.2.6_react@19.2.6__react@19.2.6/node_modules/next/dist/client/dev/hot-reloader/app/hot-reloader-app.js:196
[  301579ms] [LOG] [Fast Refresh] rebuilding @ webpack-internal:///(app-pages-browser)/../../node_modules/.pnpm/next@15.5.18_@babel+core@7.29.7_react-dom@19.2.6_react@19.2.6__react@19.2.6/node_modules/next/dist/client/dev/hot-reloader/app/hot-reloader-app.js:196
[  301581ms] [LOG] [Fast Refresh] done in 2ms @ webpack-internal:///(app-pages-browser)/../../node_modules/.pnpm/next@15.5.18_@babel+core@7.29.7_react-dom@19.2.6_react@19.2.6__react@19.2.6/node_modules/next/dist/client/dev/report-hmr-latency.js:13
[  301622ms] [LOG] [Fast Refresh] rebuilding @ webpack-internal:///(app-pages-browser)/../../node_modules/.pnpm/next@15.5.18_@babel+core@7.29.7_react-dom@19.2.6_react@19.2.6__react@19.2.6/node_modules/next/dist/client/dev/hot-reloader/app/hot-reloader-app.js:196
[  301624ms] [LOG] [Fast Refresh] done in 2ms @ webpack-internal:///(app-pages-browser)/../../node_modules/.pnpm/next@15.5.18_@babel+core@7.29.7_react-dom@19.2.6_react@19.2.6__react@19.2.6/node_modules/next/dist/client/dev/report-hmr-latency.js:13
[  301668ms] [LOG] [Fast Refresh] done in 46ms @ webpack-internal:///(app-pages-browser)/../../node_modules/.pnpm/next@15.5.18_@babel+core@7.29.7_react-dom@19.2.6_react@19.2.6__react@19.2.6/node_modules/next/dist/client/dev/report-hmr-latency.js:13
[  301669ms] [LOG] [Fast Refresh] rebuilding @ webpack-internal:///(app-pages-browser)/../../node_modules/.pnpm/next@15.5.18_@babel+core@7.29.7_react-dom@19.2.6_react@19.2.6__react@19.2.6/node_modules/next/dist/client/dev/hot-reloader/app/hot-reloader-app.js:196
[  301713ms] [LOG] [Fast Refresh] done in 44ms @ webpack-internal:///(app-pages-browser)/../../node_modules/.pnpm/next@15.5.18_@babel+core@7.29.7_react-dom@19.2.6_react@19.2.6__react@19.2.6/node_modules/next/dist/client/dev/report-hmr-latency.js:13
[  301720ms] [LOG] [Fast Refresh] rebuilding @ webpack-internal:///(app-pages-browser)/../../node_modules/.pnpm/next@15.5.18_@babel+core@7.29.7_react-dom@19.2.6_react@19.2.6__react@19.2.6/node_modules/next/dist/client/dev/hot-reloader/app/hot-reloader-app.js:196
[  301766ms] [LOG] [Fast Refresh] done in 46ms @ webpack-internal:///(app-pages-browser)/../../node_modules/.pnpm/next@15.5.18_@babel+core@7.29.7_react-dom@19.2.6_react@19.2.6__react@19.2.6/node_modules/next/dist/client/dev/report-hmr-latency.js:13
[  301770ms] [LOG] [Fast Refresh] rebuilding @ webpack-internal:///(app-pages-browser)/../../node_modules/.pnpm/next@15.5.18_@babel+core@7.29.7_react-dom@19.2.6_react@19.2.6__react@19.2.6/node_modules/next/dist/client/dev/hot-reloader/app/hot-reloader-app.js:196
[  301818ms] [LOG] [Fast Refresh] done in 48ms @ webpack-internal:///(app-pages-browser)/../../node_modules/.pnpm/next@15.5.18_@babel+core@7.29.7_react-dom@19.2.6_react@19.2.6__react@19.2.6/node_modules/next/dist/client/dev/report-hmr-latency.js:13
[  301820ms] [LOG] [Fast Refresh] rebuilding @ webpack-internal:///(app-pages-browser)/../../node_modules/.pnpm/next@15.5.18_@babel+core@7.29.7_react-dom@19.2.6_react@19.2.6__react@19.2.6/node_modules/next/dist/client/dev/hot-reloader/app/hot-reloader-app.js:196
[  301866ms] [LOG] [Fast Refresh] done in 46ms @ webpack-internal:///(app-pages-browser)/../../node_modules/.pnpm/next@15.5.18_@babel+core@7.29.7_react-dom@19.2.6_react@19.2.6__react@19.2.6/node_modules/next/dist/client/dev/report-hmr-latency.js:13
[  301870ms] [LOG] [Fast Refresh] rebuilding @ webpack-internal:///(app-pages-browser)/../../node_modules/.pnpm/next@15.5.18_@babel+core@7.29.7_react-dom@19.2.6_react@19.2.6__react@19.2.6/node_modules/next/dist/client/dev/hot-reloader/app/hot-reloader-app.js:196
[  301915ms] [LOG] [Fast Refresh] done in 44ms @ webpack-internal:///(app-pages-browser)/../../node_modules/.pnpm/next@15.5.18_@babel+core@7.29.7_react-dom@19.2.6_react@19.2.6__react@19.2.6/node_modules/next/dist/client/dev/report-hmr-latency.js:13
[  301920ms] [LOG] [Fast Refresh] rebuilding @ webpack-internal:///(app-pages-browser)/../../node_modules/.pnpm/next@15.5.18_@babel+core@7.29.7_react-dom@19.2.6_react@19.2.6__react@19.2.6/node_modules/next/dist/client/dev/hot-reloader/app/hot-reloader-app.js:196
[  301966ms] [LOG] [Fast Refresh] done in 46ms @ webpack-internal:///(app-pages-browser)/../../node_modules/.pnpm/next@15.5.18_@babel+core@7.29.7_react-dom@19.2.6_react@19.2.6__react@19.2.6/node_modules/next/dist/client/dev/report-hmr-latency.js:13
[  301971ms] [LOG] [Fast Refresh] rebuilding @ webpack-internal:///(app-pages-browser)/../../node_modules/.pnpm/next@15.5.18_@babel+core@7.29.7_react-dom@19.2.6_react@19.2.6__react@19.2.6/node_modules/next/dist/client/dev/hot-reloader/app/hot-reloader-app.js:196
[  302016ms] [LOG] [Fast Refresh] done in 45ms @ webpack-internal:///(app-pages-browser)/../../node_modules/.pnpm/next@15.5.18_@babel+core@7.29.7_react-dom@19.2.6_react@19.2.6__react@19.2.6/node_modules/next/dist/client/dev/report-hmr-latency.js:13
[  302021ms] [LOG] [Fast Refresh] rebuilding @ webpack-internal:///(app-pages-browser)/../../node_modules/.pnpm/next@15.5.18_@babel+core@7.29.7_react-dom@19.2.6_react@19.2.6__react@19.2.6/node_modules/next/dist/client/dev/hot-reloader/app/hot-reloader-app.js:196
[  302067ms] [LOG] [Fast Refresh] done in 46ms @ webpack-internal:///(app-pages-browser)/../../node_modules/.pnpm/next@15.5.18_@babel+core@7.29.7_react-dom@19.2.6_react@19.2.6__react@19.2.6/node_modules/next/dist/client/dev/report-hmr-latency.js:13
[  302071ms] [LOG] [Fast Refresh] rebuilding @ webpack-internal:///(app-pages-browser)/../../node_modules/.pnpm/next@15.5.18_@babel+core@7.29.7_react-dom@19.2.6_react@19.2.6__react@19.2.6/node_modules/next/dist/client/dev/hot-reloader/app/hot-reloader-app.js:196
[  302114ms] [LOG] [Fast Refresh] done in 42ms @ webpack-internal:///(app-pages-browser)/../../node_modules/.pnpm/next@15.5.18_@babel+core@7.29.7_react-dom@19.2.6_react@19.2.6__react@19.2.6/node_modules/next/dist/client/dev/report-hmr-latency.js:13
[  302122ms] [LOG] [Fast Refresh] rebuilding @ webpack-internal:///(app-pages-browser)/../../node_modules/.pnpm/next@15.5.18_@babel+core@7.29.7_react-dom@19.2.6_react@19.2.6__react@19.2.6/node_modules/next/dist/client/dev/hot-reloader/app/hot-reloader-app.js:196
[  302166ms] [LOG] [Fast Refresh] done in 45ms @ webpack-internal:///(app-pages-browser)/../../node_modules/.pnpm/next@15.5.18_@babel+core@7.29.7_react-dom@19.2.6_react@19.2.6__react@19.2.6/node_modules/next/dist/client/dev/report-hmr-latency.js:13
[  302172ms] [LOG] [Fast Refresh] rebuilding @ webpack-internal:///(app-pages-browser)/../../node_modules/.pnpm/next@15.5.18_@babel+core@7.29.7_react-dom@19.2.6_react@19.2.6__react@19.2.6/node_modules/next/dist/client/dev/hot-reloader/app/hot-reloader-app.js:196
[  302216ms] [LOG] [Fast Refresh] done in 44ms @ webpack-internal:///(app-pages-browser)/../../node_modules/.pnpm/next@15.5.18_@babel+core@7.29.7_react-dom@19.2.6_react@19.2.6__react@19.2.6/node_modules/next/dist/client/dev/report-hmr-latency.js:13
[  302222ms] [LOG] [Fast Refresh] rebuilding @ webpack-internal:///(app-pages-browser)/../../node_modules/.pnpm/next@15.5.18_@babel+core@7.29.7_react-dom@19.2.6_react@19.2.6__react@19.2.6/node_modules/next/dist/client/dev/hot-reloader/app/hot-reloader-app.js:196
[  302268ms] [LOG] [Fast Refresh] done in 45ms @ webpack-internal:///(app-pages-browser)/../../node_modules/.pnpm/next@15.5.18_@babel+core@7.29.7_react-dom@19.2.6_react@19.2.6__react@19.2.6/node_modules/next/dist/client/dev/report-hmr-latency.js:13
[  302272ms] [LOG] [Fast Refresh] rebuilding @ webpack-internal:///(app-pages-browser)/../../node_modules/.pnpm/next@15.5.18_@babel+core@7.29.7_react-dom@19.2.6_react@19.2.6__react@19.2.6/node_modules/next/dist/client/dev/hot-reloader/app/hot-reloader-app.js:196
[  302319ms] [LOG] [Fast Refresh] done in 46ms @ webpack-internal:///(app-pages-browser)/../../node_modules/.pnpm/next@15.5.18_@babel+core@7.29.7_react-dom@19.2.6_react@19.2.6__react@19.2.6/node_modules/next/dist/client/dev/report-hmr-latency.js:13
[  302323ms] [LOG] [Fast Refresh] rebuilding @ webpack-internal:///(app-pages-browser)/../../node_modules/.pnpm/next@15.5.18_@babel+core@7.29.7_react-dom@19.2.6_react@19.2.6__react@19.2.6/node_modules/next/dist/client/dev/hot-reloader/app/hot-reloader-app.js:196
[  302372ms] [LOG] [Fast Refresh] done in 49ms @ webpack-internal:///(app-pages-browser)/../../node_modules/.pnpm/next@15.5.18_@babel+core@7.29.7_react-dom@19.2.6_react@19.2.6__react@19.2.6/node_modules/next/dist/client/dev/report-hmr-latency.js:13
[  302373ms] [LOG] [Fast Refresh] rebuilding @ webpack-internal:///(app-pages-browser)/../../node_modules/.pnpm/next@15.5.18_@babel+core@7.29.7_react-dom@19.2.6_react@19.2.6__react@19.2.6/node_modules/next/dist/client/dev/hot-reloader/app/hot-reloader-app.js:196
[  302417ms] [LOG] [Fast Refresh] done in 45ms @ webpack-internal:///(app-pages-browser)/../../node_modules/.pnpm/next@15.5.18_@babel+core@7.29.7_react-dom@19.2.6_react@19.2.6__react@19.2.6/node_modules/next/dist/client/dev/report-hmr-latency.js:13
[  302423ms] [LOG] [Fast Refresh] rebuilding @ webpack-internal:///(app-pages-browser)/../../node_modules/.pnpm/next@15.5.18_@babel+core@7.29.7_react-dom@19.2.6_react@19.2.6__react@19.2.6/node_modules/next/dist/client/dev/hot-reloader/app/hot-reloader-app.js:196
[  302469ms] [LOG] [Fast Refresh] done in 46ms @ webpack-internal:///(app-pages-browser)/../../node_modules/.pnpm/next@15.5.18_@babel+core@7.29.7_react-dom@19.2.6_react@19.2.6__react@19.2.6/node_modules/next/dist/client/dev/report-hmr-latency.js:13
[  302473ms] [LOG] [Fast Refresh] rebuilding @ webpack-internal:///(app-pages-browser)/../../node_modules/.pnpm/next@15.5.18_@babel+core@7.29.7_react-dom@19.2.6_react@19.2.6__react@19.2.6/node_modules/next/dist/client/dev/hot-reloader/app/hot-reloader-app.js:196
[  302518ms] [LOG] [Fast Refresh] done in 45ms @ webpack-internal:///(app-pages-browser)/../../node_modules/.pnpm/next@15.5.18_@babel+core@7.29.7_react-dom@19.2.6_react@19.2.6__react@19.2.6/node_modules/next/dist/client/dev/report-hmr-latency.js:13
[  302524ms] [LOG] [Fast Refresh] rebuilding @ webpack-internal:///(app-pages-browser)/../../node_modules/.pnpm/next@15.5.18_@babel+core@7.29.7_react-dom@19.2.6_react@19.2.6__react@19.2.6/node_modules/next/dist/client/dev/hot-reloader/app/hot-reloader-app.js:196
[  302567ms] [LOG] [Fast Refresh] done in 44ms @ webpack-internal:///(app-pages-browser)/../../node_modules/.pnpm/next@15.5.18_@babel+core@7.29.7_react-dom@19.2.6_react@19.2.6__react@19.2.6/node_modules/next/dist/client/dev/report-hmr-latency.js:13
[  302574ms] [LOG] [Fast Refresh] rebuilding @ webpack-internal:///(app-pages-browser)/../../node_modules/.pnpm/next@15.5.18_@babel+core@7.29.7_react-dom@19.2.6_react@19.2.6__react@19.2.6/node_modules/next/dist/client/dev/hot-reloader/app/hot-reloader-app.js:196
[  302619ms] [LOG] [Fast Refresh] done in 46ms @ webpack-internal:///(app-pages-browser)/../../node_modules/.pnpm/next@15.5.18_@babel+core@7.29.7_react-dom@19.2.6_react@19.2.6__react@19.2.6/node_modules/next/dist/client/dev/report-hmr-latency.js:13
[  302624ms] [LOG] [Fast Refresh] rebuilding @ webpack-internal:///(app-pages-browser)/../../node_modules/.pnpm/next@15.5.18_@babel+core@7.29.7_react-dom@19.2.6_react@19.2.6__react@19.2.6/node_modules/next/dist/client/dev/hot-reloader/app/hot-reloader-app.js:196
[  302672ms] [LOG] [Fast Refresh] done in 48ms @ webpack-internal:///(app-pages-browser)/../../node_modules/.pnpm/next@15.5.18_@babel+core@7.29.7_react-dom@19.2.6_react@19.2.6__react@19.2.6/node_modules/next/dist/client/dev/report-hmr-latency.js:13
[  302674ms] [LOG] [Fast Refresh] rebuilding @ webpack-internal:///(app-pages-browser)/../../node_modules/.pnpm/next@15.5.18_@babel+core@7.29.7_react-dom@19.2.6_react@19.2.6__react@19.2.6/node_modules/next/dist/client/dev/hot-reloader/app/hot-reloader-app.js:196
[  302742ms] [LOG] [Fast Refresh] rebuilding @ webpack-internal:///(app-pages-browser)/../../node_modules/.pnpm/next@15.5.18_@babel+core@7.29.7_react-dom@19.2.6_react@19.2.6__react@19.2.6/node_modules/next/dist/client/dev/hot-reloader/app/hot-reloader-app.js:196
[  302744ms] [LOG] [Fast Refresh] done in 2ms @ webpack-internal:///(app-pages-browser)/../../node_modules/.pnpm/next@15.5.18_@babel+core@7.29.7_react-dom@19.2.6_react@19.2.6__react@19.2.6/node_modules/next/dist/client/dev/report-hmr-latency.js:13
[  302786ms] [LOG] [Fast Refresh] rebuilding @ webpack-internal:///(app-pages-browser)/../../node_modules/.pnpm/next@15.5.18_@babel+core@7.29.7_react-dom@19.2.6_react@19.2.6__react@19.2.6/node_modules/next/dist/client/dev/hot-reloader/app/hot-reloader-app.js:196
[  302789ms] [LOG] [Fast Refresh] done in 3ms @ webpack-internal:///(app-pages-browser)/../../node_modules/.pnpm/next@15.5.18_@babel+core@7.29.7_react-dom@19.2.6_react@19.2.6__react@19.2.6/node_modules/next/dist/client/dev/report-hmr-latency.js:13
[  302844ms] [LOG] [Fast Refresh] rebuilding @ webpack-internal:///(app-pages-browser)/../../node_modules/.pnpm/next@15.5.18_@babel+core@7.29.7_react-dom@19.2.6_react@19.2.6__react@19.2.6/node_modules/next/dist/client/dev/hot-reloader/app/hot-reloader-app.js:196
[  302847ms] [LOG] [Fast Refresh] done in 3ms @ webpack-internal:///(app-pages-browser)/../../node_modules/.pnpm/next@15.5.18_@babel+core@7.29.7_react-dom@19.2.6_react@19.2.6__react@19.2.6/node_modules/next/dist/client/dev/report-hmr-latency.js:13
[  302896ms] [LOG] [Fast Refresh] rebuilding @ webpack-internal:///(app-pages-browser)/../../node_modules/.pnpm/next@15.5.18_@babel+core@7.29.7_react-dom@19.2.6_react@19.2.6__react@19.2.6/node_modules/next/dist/client/dev/hot-reloader/app/hot-reloader-app.js:196
[  302910ms] [LOG] [Fast Refresh] done in 13ms @ webpack-internal:///(app-pages-browser)/../../node_modules/.pnpm/next@15.5.18_@babel+core@7.29.7_react-dom@19.2.6_react@19.2.6__react@19.2.6/node_modules/next/dist/client/dev/report-hmr-latency.js:13
[  302942ms] [LOG] [Fast Refresh] rebuilding @ webpack-internal:///(app-pages-browser)/../../node_modules/.pnpm/next@15.5.18_@babel+core@7.29.7_react-dom@19.2.6_react@19.2.6__react@19.2.6/node_modules/next/dist/client/dev/hot-reloader/app/hot-reloader-app.js:196
[  302944ms] [LOG] [Fast Refresh] done in 3ms @ webpack-internal:///(app-pages-browser)/../../node_modules/.pnpm/next@15.5.18_@babel+core@7.29.7_react-dom@19.2.6_react@19.2.6__react@19.2.6/node_modules/next/dist/client/dev/report-hmr-latency.js:13
[  302985ms] [LOG] [Fast Refresh] rebuilding @ webpack-internal:///(app-pages-browser)/../../node_modules/.pnpm/next@15.5.18_@babel+core@7.29.7_react-dom@19.2.6_react@19.2.6__react@19.2.6/node_modules/next/dist/client/dev/hot-reloader/app/hot-reloader-app.js:196
[  302987ms] [LOG] [Fast Refresh] done in 3ms @ webpack-internal:///(app-pages-browser)/../../node_modules/.pnpm/next@15.5.18_@babel+core@7.29.7_react-dom@19.2.6_react@19.2.6__react@19.2.6/node_modules/next/dist/client/dev/report-hmr-latency.js:13
[  303030ms] [LOG] [Fast Refresh] done in 45ms @ webpack-internal:///(app-pages-browser)/../../node_modules/.pnpm/next@15.5.18_@babel+core@7.29.7_react-dom@19.2.6_react@19.2.6__react@19.2.6/node_modules/next/dist/client/dev/report-hmr-latency.js:13
[  303030ms] [LOG] [Fast Refresh] rebuilding @ webpack-internal:///(app-pages-browser)/../../node_modules/.pnpm/next@15.5.18_@babel+core@7.29.7_react-dom@19.2.6_react@19.2.6__react@19.2.6/node_modules/next/dist/client/dev/hot-reloader/app/hot-reloader-app.js:196
[  303075ms] [LOG] [Fast Refresh] done in 45ms @ webpack-internal:///(app-pages-browser)/../../node_modules/.pnpm/next@15.5.18_@babel+core@7.29.7_react-dom@19.2.6_react@19.2.6__react@19.2.6/node_modules/next/dist/client/dev/report-hmr-latency.js:13
[  303081ms] [LOG] [Fast Refresh] rebuilding @ webpack-internal:///(app-pages-browser)/../../node_modules/.pnpm/next@15.5.18_@babel+core@7.29.7_react-dom@19.2.6_react@19.2.6__react@19.2.6/node_modules/next/dist/client/dev/hot-reloader/app/hot-reloader-app.js:196
[  303124ms] [LOG] [Fast Refresh] done in 44ms @ webpack-internal:///(app-pages-browser)/../../node_modules/.pnpm/next@15.5.18_@babel+core@7.29.7_react-dom@19.2.6_react@19.2.6__react@19.2.6/node_modules/next/dist/client/dev/report-hmr-latency.js:13
[  303131ms] [LOG] [Fast Refresh] rebuilding @ webpack-internal:///(app-pages-browser)/../../node_modules/.pnpm/next@15.5.18_@babel+core@7.29.7_react-dom@19.2.6_react@19.2.6__react@19.2.6/node_modules/next/dist/client/dev/hot-reloader/app/hot-reloader-app.js:196
[  303175ms] [LOG] [Fast Refresh] done in 45ms @ webpack-internal:///(app-pages-browser)/../../node_modules/.pnpm/next@15.5.18_@babel+core@7.29.7_react-dom@19.2.6_react@19.2.6__react@19.2.6/node_modules/next/dist/client/dev/report-hmr-latency.js:13
[  303180ms] [LOG] [Fast Refresh] rebuilding @ webpack-internal:///(app-pages-browser)/../../node_modules/.pnpm/next@15.5.18_@babel+core@7.29.7_react-dom@19.2.6_react@19.2.6__react@19.2.6/node_modules/next/dist/client/dev/hot-reloader/app/hot-reloader-app.js:196
[  303230ms] [LOG] [Fast Refresh] done in 49ms @ webpack-internal:///(app-pages-browser)/../../node_modules/.pnpm/next@15.5.18_@babel+core@7.29.7_react-dom@19.2.6_react@19.2.6__react@19.2.6/node_modules/next/dist/client/dev/report-hmr-latency.js:13
[  303230ms] [LOG] [Fast Refresh] rebuilding @ webpack-internal:///(app-pages-browser)/../../node_modules/.pnpm/next@15.5.18_@babel+core@7.29.7_react-dom@19.2.6_react@19.2.6__react@19.2.6/node_modules/next/dist/client/dev/hot-reloader/app/hot-reloader-app.js:196
[  303276ms] [LOG] [Fast Refresh] done in 45ms @ webpack-internal:///(app-pages-browser)/../../node_modules/.pnpm/next@15.5.18_@babel+core@7.29.7_react-dom@19.2.6_react@19.2.6__react@19.2.6/node_modules/next/dist/client/dev/report-hmr-latency.js:13
[  303281ms] [LOG] [Fast Refresh] rebuilding @ webpack-internal:///(app-pages-browser)/../../node_modules/.pnpm/next@15.5.18_@babel+core@7.29.7_react-dom@19.2.6_react@19.2.6__react@19.2.6/node_modules/next/dist/client/dev/hot-reloader/app/hot-reloader-app.js:196
[  303323ms] [LOG] [Fast Refresh] done in 43ms @ webpack-internal:///(app-pages-browser)/../../node_modules/.pnpm/next@15.5.18_@babel+core@7.29.7_react-dom@19.2.6_react@19.2.6__react@19.2.6/node_modules/next/dist/client/dev/report-hmr-latency.js:13
[  303331ms] [LOG] [Fast Refresh] rebuilding @ webpack-internal:///(app-pages-browser)/../../node_modules/.pnpm/next@15.5.18_@babel+core@7.29.7_react-dom@19.2.6_react@19.2.6__react@19.2.6/node_modules/next/dist/client/dev/hot-reloader/app/hot-reloader-app.js:196
[  303375ms] [LOG] [Fast Refresh] done in 44ms @ webpack-internal:///(app-pages-browser)/../../node_modules/.pnpm/next@15.5.18_@babel+core@7.29.7_react-dom@19.2.6_react@19.2.6__react@19.2.6/node_modules/next/dist/client/dev/report-hmr-latency.js:13
[  303382ms] [LOG] [Fast Refresh] rebuilding @ webpack-internal:///(app-pages-browser)/../../node_modules/.pnpm/next@15.5.18_@babel+core@7.29.7_react-dom@19.2.6_react@19.2.6__react@19.2.6/node_modules/next/dist/client/dev/hot-reloader/app/hot-reloader-app.js:196
[  303425ms] [LOG] [Fast Refresh] done in 44ms @ webpack-internal:///(app-pages-browser)/../../node_modules/.pnpm/next@15.5.18_@babel+core@7.29.7_react-dom@19.2.6_react@19.2.6__react@19.2.6/node_modules/next/dist/client/dev/report-hmr-latency.js:13
[  303431ms] [LOG] [Fast Refresh] rebuilding @ webpack-internal:///(app-pages-browser)/../../node_modules/.pnpm/next@15.5.18_@babel+core@7.29.7_react-dom@19.2.6_react@19.2.6__react@19.2.6/node_modules/next/dist/client/dev/hot-reloader/app/hot-reloader-app.js:196
[  303474ms] [LOG] [Fast Refresh] done in 43ms @ webpack-internal:///(app-pages-browser)/../../node_modules/.pnpm/next@15.5.18_@babel+core@7.29.7_react-dom@19.2.6_react@19.2.6__react@19.2.6/node_modules/next/dist/client/dev/report-hmr-latency.js:13
[  303482ms] [LOG] [Fast Refresh] rebuilding @ webpack-internal:///(app-pages-browser)/../../node_modules/.pnpm/next@15.5.18_@babel+core@7.29.7_react-dom@19.2.6_react@19.2.6__react@19.2.6/node_modules/next/dist/client/dev/hot-reloader/app/hot-reloader-app.js:196
[  303525ms] [LOG] [Fast Refresh] done in 44ms @ webpack-internal:///(app-pages-browser)/../../node_modules/.pnpm/next@15.5.18_@babel+core@7.29.7_react-dom@19.2.6_react@19.2.6__react@19.2.6/node_modules/next/dist/client/dev/report-hmr-latency.js:13
[  303532ms] [LOG] [Fast Refresh] rebuilding @ webpack-internal:///(app-pages-browser)/../../node_modules/.pnpm/next@15.5.18_@babel+core@7.29.7_react-dom@19.2.6_react@19.2.6__react@19.2.6/node_modules/next/dist/client/dev/hot-reloader/app/hot-reloader-app.js:196
[  303577ms] [LOG] [Fast Refresh] done in 45ms @ webpack-internal:///(app-pages-browser)/../../node_modules/.pnpm/next@15.5.18_@babel+core@7.29.7_react-dom@19.2.6_react@19.2.6__react@19.2.6/node_modules/next/dist/client/dev/report-hmr-latency.js:13
[  303582ms] [LOG] [Fast Refresh] rebuilding @ webpack-internal:///(app-pages-browser)/../../node_modules/.pnpm/next@15.5.18_@babel+core@7.29.7_react-dom@19.2.6_react@19.2.6__react@19.2.6/node_modules/next/dist/client/dev/hot-reloader/app/hot-reloader-app.js:196
[  303627ms] [LOG] [Fast Refresh] done in 44ms @ webpack-internal:///(app-pages-browser)/../../node_modules/.pnpm/next@15.5.18_@babel+core@7.29.7_react-dom@19.2.6_react@19.2.6__react@19.2.6/node_modules/next/dist/client/dev/report-hmr-latency.js:13
[  303633ms] [LOG] [Fast Refresh] rebuilding @ webpack-internal:///(app-pages-browser)/../../node_modules/.pnpm/next@15.5.18_@babel+core@7.29.7_react-dom@19.2.6_react@19.2.6__react@19.2.6/node_modules/next/dist/client/dev/hot-reloader/app/hot-reloader-app.js:196
[  303675ms] [LOG] [Fast Refresh] done in 42ms @ webpack-internal:///(app-pages-browser)/../../node_modules/.pnpm/next@15.5.18_@babel+core@7.29.7_react-dom@19.2.6_react@19.2.6__react@19.2.6/node_modules/next/dist/client/dev/report-hmr-latency.js:13
[  303682ms] [LOG] [Fast Refresh] rebuilding @ webpack-internal:///(app-pages-browser)/../../node_modules/.pnpm/next@15.5.18_@babel+core@7.29.7_react-dom@19.2.6_react@19.2.6__react@19.2.6/node_modules/next/dist/client/dev/hot-reloader/app/hot-reloader-app.js:196
[  303724ms] [LOG] [Fast Refresh] done in 42ms @ webpack-internal:///(app-pages-browser)/../../node_modules/.pnpm/next@15.5.18_@babel+core@7.29.7_react-dom@19.2.6_react@19.2.6__react@19.2.6/node_modules/next/dist/client/dev/report-hmr-latency.js:13
[  303733ms] [LOG] [Fast Refresh] rebuilding @ webpack-internal:///(app-pages-browser)/../../node_modules/.pnpm/next@15.5.18_@babel+core@7.29.7_react-dom@19.2.6_react@19.2.6__react@19.2.6/node_modules/next/dist/client/dev/hot-reloader/app/hot-reloader-app.js:196
[  303779ms] [LOG] [Fast Refresh] done in 47ms @ webpack-internal:///(app-pages-browser)/../../node_modules/.pnpm/next@15.5.18_@babel+core@7.29.7_react-dom@19.2.6_react@19.2.6__react@19.2.6/node_modules/next/dist/client/dev/report-hmr-latency.js:13
[  303783ms] [LOG] [Fast Refresh] rebuilding @ webpack-internal:///(app-pages-browser)/../../node_modules/.pnpm/next@15.5.18_@babel+core@7.29.7_react-dom@19.2.6_react@19.2.6__react@19.2.6/node_modules/next/dist/client/dev/hot-reloader/app/hot-reloader-app.js:196
[  303831ms] [LOG] [Fast Refresh] done in 49ms @ webpack-internal:///(app-pages-browser)/../../node_modules/.pnpm/next@15.5.18_@babel+core@7.29.7_react-dom@19.2.6_react@19.2.6__react@19.2.6/node_modules/next/dist/client/dev/report-hmr-latency.js:13
[  303833ms] [LOG] [Fast Refresh] rebuilding @ webpack-internal:///(app-pages-browser)/../../node_modules/.pnpm/next@15.5.18_@babel+core@7.29.7_react-dom@19.2.6_react@19.2.6__react@19.2.6/node_modules/next/dist/client/dev/hot-reloader/app/hot-reloader-app.js:196
[  303901ms] [LOG] [Fast Refresh] rebuilding @ webpack-internal:///(app-pages-browser)/../../node_modules/.pnpm/next@15.5.18_@babel+core@7.29.7_react-dom@19.2.6_react@19.2.6__react@19.2.6/node_modules/next/dist/client/dev/hot-reloader/app/hot-reloader-app.js:196
[  303904ms] [LOG] [Fast Refresh] done in 2ms @ webpack-internal:///(app-pages-browser)/../../node_modules/.pnpm/next@15.5.18_@babel+core@7.29.7_react-dom@19.2.6_react@19.2.6__react@19.2.6/node_modules/next/dist/client/dev/report-hmr-latency.js:13
[  303944ms] [LOG] [Fast Refresh] rebuilding @ webpack-internal:///(app-pages-browser)/../../node_modules/.pnpm/next@15.5.18_@babel+core@7.29.7_react-dom@19.2.6_react@19.2.6__react@19.2.6/node_modules/next/dist/client/dev/hot-reloader/app/hot-reloader-app.js:196
[  303947ms] [LOG] [Fast Refresh] done in 2ms @ webpack-internal:///(app-pages-browser)/../../node_modules/.pnpm/next@15.5.18_@babel+core@7.29.7_react-dom@19.2.6_react@19.2.6__react@19.2.6/node_modules/next/dist/client/dev/report-hmr-latency.js:13
[  303988ms] [LOG] [Fast Refresh] rebuilding @ webpack-internal:///(app-pages-browser)/../../node_modules/.pnpm/next@15.5.18_@babel+core@7.29.7_react-dom@19.2.6_react@19.2.6__react@19.2.6/node_modules/next/dist/client/dev/hot-reloader/app/hot-reloader-app.js:196
[  303990ms] [LOG] [Fast Refresh] done in 2ms @ webpack-internal:///(app-pages-browser)/../../node_modules/.pnpm/next@15.5.18_@babel+core@7.29.7_react-dom@19.2.6_react@19.2.6__react@19.2.6/node_modules/next/dist/client/dev/report-hmr-latency.js:13
[  304032ms] [LOG] [Fast Refresh] done in 44ms @ webpack-internal:///(app-pages-browser)/../../node_modules/.pnpm/next@15.5.18_@babel+core@7.29.7_react-dom@19.2.6_react@19.2.6__react@19.2.6/node_modules/next/dist/client/dev/report-hmr-latency.js:13
[  304035ms] [LOG] [Fast Refresh] rebuilding @ webpack-internal:///(app-pages-browser)/../../node_modules/.pnpm/next@15.5.18_@babel+core@7.29.7_react-dom@19.2.6_react@19.2.6__react@19.2.6/node_modules/next/dist/client/dev/hot-reloader/app/hot-reloader-app.js:196
[  304078ms] [LOG] [Fast Refresh] done in 42ms @ webpack-internal:///(app-pages-browser)/../../node_modules/.pnpm/next@15.5.18_@babel+core@7.29.7_react-dom@19.2.6_react@19.2.6__react@19.2.6/node_modules/next/dist/client/dev/report-hmr-latency.js:13
[  304085ms] [LOG] [Fast Refresh] rebuilding @ webpack-internal:///(app-pages-browser)/../../node_modules/.pnpm/next@15.5.18_@babel+core@7.29.7_react-dom@19.2.6_react@19.2.6__react@19.2.6/node_modules/next/dist/client/dev/hot-reloader/app/hot-reloader-app.js:196
[  304132ms] [LOG] [Fast Refresh] done in 46ms @ webpack-internal:///(app-pages-browser)/../../node_modules/.pnpm/next@15.5.18_@babel+core@7.29.7_react-dom@19.2.6_react@19.2.6__react@19.2.6/node_modules/next/dist/client/dev/report-hmr-latency.js:13
[  304135ms] [LOG] [Fast Refresh] rebuilding @ webpack-internal:///(app-pages-browser)/../../node_modules/.pnpm/next@15.5.18_@babel+core@7.29.7_react-dom@19.2.6_react@19.2.6__react@19.2.6/node_modules/next/dist/client/dev/hot-reloader/app/hot-reloader-app.js:196
[  304183ms] [LOG] [Fast Refresh] done in 48ms @ webpack-internal:///(app-pages-browser)/../../node_modules/.pnpm/next@15.5.18_@babel+core@7.29.7_react-dom@19.2.6_react@19.2.6__react@19.2.6/node_modules/next/dist/client/dev/report-hmr-latency.js:13
[  304186ms] [LOG] [Fast Refresh] rebuilding @ webpack-internal:///(app-pages-browser)/../../node_modules/.pnpm/next@15.5.18_@babel+core@7.29.7_react-dom@19.2.6_react@19.2.6__react@19.2.6/node_modules/next/dist/client/dev/hot-reloader/app/hot-reloader-app.js:196
[  304230ms] [LOG] [Fast Refresh] done in 45ms @ webpack-internal:///(app-pages-browser)/../../node_modules/.pnpm/next@15.5.18_@babel+core@7.29.7_react-dom@19.2.6_react@19.2.6__react@19.2.6/node_modules/next/dist/client/dev/report-hmr-latency.js:13
[  304237ms] [LOG] [Fast Refresh] rebuilding @ webpack-internal:///(app-pages-browser)/../../node_modules/.pnpm/next@15.5.18_@babel+core@7.29.7_react-dom@19.2.6_react@19.2.6__react@19.2.6/node_modules/next/dist/client/dev/hot-reloader/app/hot-reloader-app.js:196
[  304283ms] [LOG] [Fast Refresh] done in 46ms @ webpack-internal:///(app-pages-browser)/../../node_modules/.pnpm/next@15.5.18_@babel+core@7.29.7_react-dom@19.2.6_react@19.2.6__react@19.2.6/node_modules/next/dist/client/dev/report-hmr-latency.js:13
[  304287ms] [LOG] [Fast Refresh] rebuilding @ webpack-internal:///(app-pages-browser)/../../node_modules/.pnpm/next@15.5.18_@babel+core@7.29.7_react-dom@19.2.6_react@19.2.6__react@19.2.6/node_modules/next/dist/client/dev/hot-reloader/app/hot-reloader-app.js:196
[  304333ms] [LOG] [Fast Refresh] done in 46ms @ webpack-internal:///(app-pages-browser)/../../node_modules/.pnpm/next@15.5.18_@babel+core@7.29.7_react-dom@19.2.6_react@19.2.6__react@19.2.6/node_modules/next/dist/client/dev/report-hmr-latency.js:13
[  304337ms] [LOG] [Fast Refresh] rebuilding @ webpack-internal:///(app-pages-browser)/../../node_modules/.pnpm/next@15.5.18_@babel+core@7.29.7_react-dom@19.2.6_react@19.2.6__react@19.2.6/node_modules/next/dist/client/dev/hot-reloader/app/hot-reloader-app.js:196
[  304385ms] [LOG] [Fast Refresh] done in 48ms @ webpack-internal:///(app-pages-browser)/../../node_modules/.pnpm/next@15.5.18_@babel+core@7.29.7_react-dom@19.2.6_react@19.2.6__react@19.2.6/node_modules/next/dist/client/dev/report-hmr-latency.js:13
[  304387ms] [LOG] [Fast Refresh] rebuilding @ webpack-internal:///(app-pages-browser)/../../node_modules/.pnpm/next@15.5.18_@babel+core@7.29.7_react-dom@19.2.6_react@19.2.6__react@19.2.6/node_modules/next/dist/client/dev/hot-reloader/app/hot-reloader-app.js:196
[  304438ms] [LOG] [Fast Refresh] rebuilding @ webpack-internal:///(app-pages-browser)/../../node_modules/.pnpm/next@15.5.18_@babel+core@7.29.7_react-dom@19.2.6_react@19.2.6__react@19.2.6/node_modules/next/dist/client/dev/hot-reloader/app/hot-reloader-app.js:196
[  304441ms] [LOG] [Fast Refresh] done in 3ms @ webpack-internal:///(app-pages-browser)/../../node_modules/.pnpm/next@15.5.18_@babel+core@7.29.7_react-dom@19.2.6_react@19.2.6__react@19.2.6/node_modules/next/dist/client/dev/report-hmr-latency.js:13
[  304486ms] [LOG] [Fast Refresh] done in 48ms @ webpack-internal:///(app-pages-browser)/../../node_modules/.pnpm/next@15.5.18_@babel+core@7.29.7_react-dom@19.2.6_react@19.2.6__react@19.2.6/node_modules/next/dist/client/dev/report-hmr-latency.js:13
[  304488ms] [LOG] [Fast Refresh] rebuilding @ webpack-internal:///(app-pages-browser)/../../node_modules/.pnpm/next@15.5.18_@babel+core@7.29.7_react-dom@19.2.6_react@19.2.6__react@19.2.6/node_modules/next/dist/client/dev/hot-reloader/app/hot-reloader-app.js:196
[  304535ms] [LOG] [Fast Refresh] done in 47ms @ webpack-internal:///(app-pages-browser)/../../node_modules/.pnpm/next@15.5.18_@babel+core@7.29.7_react-dom@19.2.6_react@19.2.6__react@19.2.6/node_modules/next/dist/client/dev/report-hmr-latency.js:13
[  304538ms] [LOG] [Fast Refresh] rebuilding @ webpack-internal:///(app-pages-browser)/../../node_modules/.pnpm/next@15.5.18_@babel+core@7.29.7_react-dom@19.2.6_react@19.2.6__react@19.2.6/node_modules/next/dist/client/dev/hot-reloader/app/hot-reloader-app.js:196
[  304584ms] [LOG] [Fast Refresh] done in 45ms @ webpack-internal:///(app-pages-browser)/../../node_modules/.pnpm/next@15.5.18_@babel+core@7.29.7_react-dom@19.2.6_react@19.2.6__react@19.2.6/node_modules/next/dist/client/dev/report-hmr-latency.js:13
[  304589ms] [LOG] [Fast Refresh] rebuilding @ webpack-internal:///(app-pages-browser)/../../node_modules/.pnpm/next@15.5.18_@babel+core@7.29.7_react-dom@19.2.6_react@19.2.6__react@19.2.6/node_modules/next/dist/client/dev/hot-reloader/app/hot-reloader-app.js:196
[  304636ms] [LOG] [Fast Refresh] done in 47ms @ webpack-internal:///(app-pages-browser)/../../node_modules/.pnpm/next@15.5.18_@babel+core@7.29.7_react-dom@19.2.6_react@19.2.6__react@19.2.6/node_modules/next/dist/client/dev/report-hmr-latency.js:13
[  304639ms] [LOG] [Fast Refresh] rebuilding @ webpack-internal:///(app-pages-browser)/../../node_modules/.pnpm/next@15.5.18_@babel+core@7.29.7_react-dom@19.2.6_react@19.2.6__react@19.2.6/node_modules/next/dist/client/dev/hot-reloader/app/hot-reloader-app.js:196
[  304683ms] [LOG] [Fast Refresh] done in 44ms @ webpack-internal:///(app-pages-browser)/../../node_modules/.pnpm/next@15.5.18_@babel+core@7.29.7_react-dom@19.2.6_react@19.2.6__react@19.2.6/node_modules/next/dist/client/dev/report-hmr-latency.js:13
[  304689ms] [LOG] [Fast Refresh] rebuilding @ webpack-internal:///(app-pages-browser)/../../node_modules/.pnpm/next@15.5.18_@babel+core@7.29.7_react-dom@19.2.6_react@19.2.6__react@19.2.6/node_modules/next/dist/client/dev/hot-reloader/app/hot-reloader-app.js:196
[  304848ms] [LOG] [Fast Refresh] rebuilding @ webpack-internal:///(app-pages-browser)/../../node_modules/.pnpm/next@15.5.18_@babel+core@7.29.7_react-dom@19.2.6_react@19.2.6__react@19.2.6/node_modules/next/dist/client/dev/hot-reloader/app/hot-reloader-app.js:196
[  304866ms] [LOG] [Fast Refresh] done in 18ms @ webpack-internal:///(app-pages-browser)/../../node_modules/.pnpm/next@15.5.18_@babel+core@7.29.7_react-dom@19.2.6_react@19.2.6__react@19.2.6/node_modules/next/dist/client/dev/report-hmr-latency.js:13
[  304919ms] [LOG] [Fast Refresh] rebuilding @ webpack-internal:///(app-pages-browser)/../../node_modules/.pnpm/next@15.5.18_@babel+core@7.29.7_react-dom@19.2.6_react@19.2.6__react@19.2.6/node_modules/next/dist/client/dev/hot-reloader/app/hot-reloader-app.js:196
[  304922ms] [LOG] [Fast Refresh] done in 2ms @ webpack-internal:///(app-pages-browser)/../../node_modules/.pnpm/next@15.5.18_@babel+core@7.29.7_react-dom@19.2.6_react@19.2.6__react@19.2.6/node_modules/next/dist/client/dev/report-hmr-latency.js:13
[  304963ms] [LOG] [Fast Refresh] rebuilding @ webpack-internal:///(app-pages-browser)/../../node_modules/.pnpm/next@15.5.18_@babel+core@7.29.7_react-dom@19.2.6_react@19.2.6__react@19.2.6/node_modules/next/dist/client/dev/hot-reloader/app/hot-reloader-app.js:196
[  304973ms] [LOG] [Fast Refresh] done in 9ms @ webpack-internal:///(app-pages-browser)/../../node_modules/.pnpm/next@15.5.18_@babel+core@7.29.7_react-dom@19.2.6_react@19.2.6__react@19.2.6/node_modules/next/dist/client/dev/report-hmr-latency.js:13
[  305007ms] [LOG] [Fast Refresh] rebuilding @ webpack-internal:///(app-pages-browser)/../../node_modules/.pnpm/next@15.5.18_@babel+core@7.29.7_react-dom@19.2.6_react@19.2.6__react@19.2.6/node_modules/next/dist/client/dev/hot-reloader/app/hot-reloader-app.js:196
[  305009ms] [LOG] [Fast Refresh] done in 3ms @ webpack-internal:///(app-pages-browser)/../../node_modules/.pnpm/next@15.5.18_@babel+core@7.29.7_react-dom@19.2.6_react@19.2.6__react@19.2.6/node_modules/next/dist/client/dev/report-hmr-latency.js:13
[  305057ms] [LOG] [Fast Refresh] rebuilding @ webpack-internal:///(app-pages-browser)/../../node_modules/.pnpm/next@15.5.18_@babel+core@7.29.7_react-dom@19.2.6_react@19.2.6__react@19.2.6/node_modules/next/dist/client/dev/hot-reloader/app/hot-reloader-app.js:196
[  305059ms] [LOG] [Fast Refresh] done in 3ms @ webpack-internal:///(app-pages-browser)/../../node_modules/.pnpm/next@15.5.18_@babel+core@7.29.7_react-dom@19.2.6_react@19.2.6__react@19.2.6/node_modules/next/dist/client/dev/report-hmr-latency.js:13
[  305106ms] [LOG] [Fast Refresh] rebuilding @ webpack-internal:///(app-pages-browser)/../../node_modules/.pnpm/next@15.5.18_@babel+core@7.29.7_react-dom@19.2.6_react@19.2.6__react@19.2.6/node_modules/next/dist/client/dev/hot-reloader/app/hot-reloader-app.js:196
[  305109ms] [LOG] [Fast Refresh] done in 2ms @ webpack-internal:///(app-pages-browser)/../../node_modules/.pnpm/next@15.5.18_@babel+core@7.29.7_react-dom@19.2.6_react@19.2.6__react@19.2.6/node_modules/next/dist/client/dev/report-hmr-latency.js:13
[  305177ms] [LOG] [Fast Refresh] rebuilding @ webpack-internal:///(app-pages-browser)/../../node_modules/.pnpm/next@15.5.18_@babel+core@7.29.7_react-dom@19.2.6_react@19.2.6__react@19.2.6/node_modules/next/dist/client/dev/hot-reloader/app/hot-reloader-app.js:196
[  305180ms] [LOG] [Fast Refresh] done in 3ms @ webpack-internal:///(app-pages-browser)/../../node_modules/.pnpm/next@15.5.18_@babel+core@7.29.7_react-dom@19.2.6_react@19.2.6__react@19.2.6/node_modules/next/dist/client/dev/report-hmr-latency.js:13
[  305222ms] [LOG] [Fast Refresh] rebuilding @ webpack-internal:///(app-pages-browser)/../../node_modules/.pnpm/next@15.5.18_@babel+core@7.29.7_react-dom@19.2.6_react@19.2.6__react@19.2.6/node_modules/next/dist/client/dev/hot-reloader/app/hot-reloader-app.js:196
[  305224ms] [LOG] [Fast Refresh] done in 3ms @ webpack-internal:///(app-pages-browser)/../../node_modules/.pnpm/next@15.5.18_@babel+core@7.29.7_react-dom@19.2.6_react@19.2.6__react@19.2.6/node_modules/next/dist/client/dev/report-hmr-latency.js:13
[  305266ms] [LOG] [Fast Refresh] rebuilding @ webpack-internal:///(app-pages-browser)/../../node_modules/.pnpm/next@15.5.18_@babel+core@7.29.7_react-dom@19.2.6_react@19.2.6__react@19.2.6/node_modules/next/dist/client/dev/hot-reloader/app/hot-reloader-app.js:196
[  305269ms] [LOG] [Fast Refresh] done in 4ms @ webpack-internal:///(app-pages-browser)/../../node_modules/.pnpm/next@15.5.18_@babel+core@7.29.7_react-dom@19.2.6_react@19.2.6__react@19.2.6/node_modules/next/dist/client/dev/report-hmr-latency.js:13
[  305311ms] [LOG] [Fast Refresh] rebuilding @ webpack-internal:///(app-pages-browser)/../../node_modules/.pnpm/next@15.5.18_@babel+core@7.29.7_react-dom@19.2.6_react@19.2.6__react@19.2.6/node_modules/next/dist/client/dev/hot-reloader/app/hot-reloader-app.js:196
[  305313ms] [LOG] [Fast Refresh] done in 2ms @ webpack-internal:///(app-pages-browser)/../../node_modules/.pnpm/next@15.5.18_@babel+core@7.29.7_react-dom@19.2.6_react@19.2.6__react@19.2.6/node_modules/next/dist/client/dev/report-hmr-latency.js:13
[  305358ms] [LOG] [Fast Refresh] rebuilding @ webpack-internal:///(app-pages-browser)/../../node_modules/.pnpm/next@15.5.18_@babel+core@7.29.7_react-dom@19.2.6_react@19.2.6__react@19.2.6/node_modules/next/dist/client/dev/hot-reloader/app/hot-reloader-app.js:196
[  305361ms] [LOG] [Fast Refresh] done in 2ms @ webpack-internal:///(app-pages-browser)/../../node_modules/.pnpm/next@15.5.18_@babel+core@7.29.7_react-dom@19.2.6_react@19.2.6__react@19.2.6/node_modules/next/dist/client/dev/report-hmr-latency.js:13
[  305403ms] [LOG] [Fast Refresh] rebuilding @ webpack-internal:///(app-pages-browser)/../../node_modules/.pnpm/next@15.5.18_@babel+core@7.29.7_react-dom@19.2.6_react@19.2.6__react@19.2.6/node_modules/next/dist/client/dev/hot-reloader/app/hot-reloader-app.js:196
[  305405ms] [LOG] [Fast Refresh] done in 3ms @ webpack-internal:///(app-pages-browser)/../../node_modules/.pnpm/next@15.5.18_@babel+core@7.29.7_react-dom@19.2.6_react@19.2.6__react@19.2.6/node_modules/next/dist/client/dev/report-hmr-latency.js:13
[  305448ms] [LOG] [Fast Refresh] rebuilding @ webpack-internal:///(app-pages-browser)/../../node_modules/.pnpm/next@15.5.18_@babel+core@7.29.7_react-dom@19.2.6_react@19.2.6__react@19.2.6/node_modules/next/dist/client/dev/hot-reloader/app/hot-reloader-app.js:196
[  305451ms] [LOG] [Fast Refresh] done in 3ms @ webpack-internal:///(app-pages-browser)/../../node_modules/.pnpm/next@15.5.18_@babel+core@7.29.7_react-dom@19.2.6_react@19.2.6__react@19.2.6/node_modules/next/dist/client/dev/report-hmr-latency.js:13
[  305491ms] [LOG] [Fast Refresh] rebuilding @ webpack-internal:///(app-pages-browser)/../../node_modules/.pnpm/next@15.5.18_@babel+core@7.29.7_react-dom@19.2.6_react@19.2.6__react@19.2.6/node_modules/next/dist/client/dev/hot-reloader/app/hot-reloader-app.js:196
[  305493ms] [LOG] [Fast Refresh] done in 2ms @ webpack-internal:///(app-pages-browser)/../../node_modules/.pnpm/next@15.5.18_@babel+core@7.29.7_react-dom@19.2.6_react@19.2.6__react@19.2.6/node_modules/next/dist/client/dev/report-hmr-latency.js:13
[  305533ms] [LOG] [Fast Refresh] done in 43ms @ webpack-internal:///(app-pages-browser)/../../node_modules/.pnpm/next@15.5.18_@babel+core@7.29.7_react-dom@19.2.6_react@19.2.6__react@19.2.6/node_modules/next/dist/client/dev/report-hmr-latency.js:13
[  305537ms] [LOG] [Fast Refresh] rebuilding @ webpack-internal:///(app-pages-browser)/../../node_modules/.pnpm/next@15.5.18_@babel+core@7.29.7_react-dom@19.2.6_react@19.2.6__react@19.2.6/node_modules/next/dist/client/dev/hot-reloader/app/hot-reloader-app.js:196
[  305582ms] [LOG] [Fast Refresh] done in 44ms @ webpack-internal:///(app-pages-browser)/../../node_modules/.pnpm/next@15.5.18_@babel+core@7.29.7_react-dom@19.2.6_react@19.2.6__react@19.2.6/node_modules/next/dist/client/dev/report-hmr-latency.js:13
[  305587ms] [LOG] [Fast Refresh] rebuilding @ webpack-internal:///(app-pages-browser)/../../node_modules/.pnpm/next@15.5.18_@babel+core@7.29.7_react-dom@19.2.6_react@19.2.6__react@19.2.6/node_modules/next/dist/client/dev/hot-reloader/app/hot-reloader-app.js:196
[  305635ms] [LOG] [Fast Refresh] done in 47ms @ webpack-internal:///(app-pages-browser)/../../node_modules/.pnpm/next@15.5.18_@babel+core@7.29.7_react-dom@19.2.6_react@19.2.6__react@19.2.6/node_modules/next/dist/client/dev/report-hmr-latency.js:13
[  305637ms] [LOG] [Fast Refresh] rebuilding @ webpack-internal:///(app-pages-browser)/../../node_modules/.pnpm/next@15.5.18_@babel+core@7.29.7_react-dom@19.2.6_react@19.2.6__react@19.2.6/node_modules/next/dist/client/dev/hot-reloader/app/hot-reloader-app.js:196
[  305683ms] [LOG] [Fast Refresh] done in 46ms @ webpack-internal:///(app-pages-browser)/../../node_modules/.pnpm/next@15.5.18_@babel+core@7.29.7_react-dom@19.2.6_react@19.2.6__react@19.2.6/node_modules/next/dist/client/dev/report-hmr-latency.js:13
[  305688ms] [LOG] [Fast Refresh] rebuilding @ webpack-internal:///(app-pages-browser)/../../node_modules/.pnpm/next@15.5.18_@babel+core@7.29.7_react-dom@19.2.6_react@19.2.6__react@19.2.6/node_modules/next/dist/client/dev/hot-reloader/app/hot-reloader-app.js:196
[  305736ms] [LOG] [Fast Refresh] done in 48ms @ webpack-internal:///(app-pages-browser)/../../node_modules/.pnpm/next@15.5.18_@babel+core@7.29.7_react-dom@19.2.6_react@19.2.6__react@19.2.6/node_modules/next/dist/client/dev/report-hmr-latency.js:13
[  305738ms] [LOG] [Fast Refresh] rebuilding @ webpack-internal:///(app-pages-browser)/../../node_modules/.pnpm/next@15.5.18_@babel+core@7.29.7_react-dom@19.2.6_react@19.2.6__react@19.2.6/node_modules/next/dist/client/dev/hot-reloader/app/hot-reloader-app.js:196
[  305786ms] [LOG] [Fast Refresh] done in 48ms @ webpack-internal:///(app-pages-browser)/../../node_modules/.pnpm/next@15.5.18_@babel+core@7.29.7_react-dom@19.2.6_react@19.2.6__react@19.2.6/node_modules/next/dist/client/dev/report-hmr-latency.js:13
[  305788ms] [LOG] [Fast Refresh] rebuilding @ webpack-internal:///(app-pages-browser)/../../node_modules/.pnpm/next@15.5.18_@babel+core@7.29.7_react-dom@19.2.6_react@19.2.6__react@19.2.6/node_modules/next/dist/client/dev/hot-reloader/app/hot-reloader-app.js:196
[  305838ms] [LOG] [Fast Refresh] done in 49ms @ webpack-internal:///(app-pages-browser)/../../node_modules/.pnpm/next@15.5.18_@babel+core@7.29.7_react-dom@19.2.6_react@19.2.6__react@19.2.6/node_modules/next/dist/client/dev/report-hmr-latency.js:13
[  305838ms] [LOG] [Fast Refresh] rebuilding @ webpack-internal:///(app-pages-browser)/../../node_modules/.pnpm/next@15.5.18_@babel+core@7.29.7_react-dom@19.2.6_react@19.2.6__react@19.2.6/node_modules/next/dist/client/dev/hot-reloader/app/hot-reloader-app.js:196
[  305886ms] [LOG] [Fast Refresh] done in 48ms @ webpack-internal:///(app-pages-browser)/../../node_modules/.pnpm/next@15.5.18_@babel+core@7.29.7_react-dom@19.2.6_react@19.2.6__react@19.2.6/node_modules/next/dist/client/dev/report-hmr-latency.js:13
[  305889ms] [LOG] [Fast Refresh] rebuilding @ webpack-internal:///(app-pages-browser)/../../node_modules/.pnpm/next@15.5.18_@babel+core@7.29.7_react-dom@19.2.6_react@19.2.6__react@19.2.6/node_modules/next/dist/client/dev/hot-reloader/app/hot-reloader-app.js:196
[  305937ms] [LOG] [Fast Refresh] done in 48ms @ webpack-internal:///(app-pages-browser)/../../node_modules/.pnpm/next@15.5.18_@babel+core@7.29.7_react-dom@19.2.6_react@19.2.6__react@19.2.6/node_modules/next/dist/client/dev/report-hmr-latency.js:13
[  305939ms] [LOG] [Fast Refresh] rebuilding @ webpack-internal:///(app-pages-browser)/../../node_modules/.pnpm/next@15.5.18_@babel+core@7.29.7_react-dom@19.2.6_react@19.2.6__react@19.2.6/node_modules/next/dist/client/dev/hot-reloader/app/hot-reloader-app.js:196
[  305990ms] [LOG] [Fast Refresh] rebuilding @ webpack-internal:///(app-pages-browser)/../../node_modules/.pnpm/next@15.5.18_@babel+core@7.29.7_react-dom@19.2.6_react@19.2.6__react@19.2.6/node_modules/next/dist/client/dev/hot-reloader/app/hot-reloader-app.js:196
[  305992ms] [LOG] [Fast Refresh] done in 3ms @ webpack-internal:///(app-pages-browser)/../../node_modules/.pnpm/next@15.5.18_@babel+core@7.29.7_react-dom@19.2.6_react@19.2.6__react@19.2.6/node_modules/next/dist/client/dev/report-hmr-latency.js:13
[  306038ms] [LOG] [Fast Refresh] done in 48ms @ webpack-internal:///(app-pages-browser)/../../node_modules/.pnpm/next@15.5.18_@babel+core@7.29.7_react-dom@19.2.6_react@19.2.6__react@19.2.6/node_modules/next/dist/client/dev/report-hmr-latency.js:13
[  306039ms] [LOG] [Fast Refresh] rebuilding @ webpack-internal:///(app-pages-browser)/../../node_modules/.pnpm/next@15.5.18_@babel+core@7.29.7_react-dom@19.2.6_react@19.2.6__react@19.2.6/node_modules/next/dist/client/dev/hot-reloader/app/hot-reloader-app.js:196
[  306083ms] [LOG] [Fast Refresh] done in 45ms @ webpack-internal:///(app-pages-browser)/../../node_modules/.pnpm/next@15.5.18_@babel+core@7.29.7_react-dom@19.2.6_react@19.2.6__react@19.2.6/node_modules/next/dist/client/dev/report-hmr-latency.js:13
[  306089ms] [LOG] [Fast Refresh] rebuilding @ webpack-internal:///(app-pages-browser)/../../node_modules/.pnpm/next@15.5.18_@babel+core@7.29.7_react-dom@19.2.6_react@19.2.6__react@19.2.6/node_modules/next/dist/client/dev/hot-reloader/app/hot-reloader-app.js:196
[  306136ms] [LOG] [Fast Refresh] done in 46ms @ webpack-internal:///(app-pages-browser)/../../node_modules/.pnpm/next@15.5.18_@babel+core@7.29.7_react-dom@19.2.6_react@19.2.6__react@19.2.6/node_modules/next/dist/client/dev/report-hmr-latency.js:13
[  306140ms] [LOG] [Fast Refresh] rebuilding @ webpack-internal:///(app-pages-browser)/../../node_modules/.pnpm/next@15.5.18_@babel+core@7.29.7_react-dom@19.2.6_react@19.2.6__react@19.2.6/node_modules/next/dist/client/dev/hot-reloader/app/hot-reloader-app.js:196
[  306225ms] [LOG] [Fast Refresh] rebuilding @ webpack-internal:///(app-pages-browser)/../../node_modules/.pnpm/next@15.5.18_@babel+core@7.29.7_react-dom@19.2.6_react@19.2.6__react@19.2.6/node_modules/next/dist/client/dev/hot-reloader/app/hot-reloader-app.js:196
[  306239ms] [LOG] [Fast Refresh] done in 14ms @ webpack-internal:///(app-pages-browser)/../../node_modules/.pnpm/next@15.5.18_@babel+core@7.29.7_react-dom@19.2.6_react@19.2.6__react@19.2.6/node_modules/next/dist/client/dev/report-hmr-latency.js:13
[  306332ms] [LOG] [Fast Refresh] rebuilding @ webpack-internal:///(app-pages-browser)/../../node_modules/.pnpm/next@15.5.18_@babel+core@7.29.7_react-dom@19.2.6_react@19.2.6__react@19.2.6/node_modules/next/dist/client/dev/hot-reloader/app/hot-reloader-app.js:196
[  306339ms] [LOG] [Fast Refresh] done in 7ms @ webpack-internal:///(app-pages-browser)/../../node_modules/.pnpm/next@15.5.18_@babel+core@7.29.7_react-dom@19.2.6_react@19.2.6__react@19.2.6/node_modules/next/dist/client/dev/report-hmr-latency.js:13
[  306414ms] [LOG] [Fast Refresh] rebuilding @ webpack-internal:///(app-pages-browser)/../../node_modules/.pnpm/next@15.5.18_@babel+core@7.29.7_react-dom@19.2.6_react@19.2.6__react@19.2.6/node_modules/next/dist/client/dev/hot-reloader/app/hot-reloader-app.js:196
[  306417ms] [LOG] [Fast Refresh] done in 4ms @ webpack-internal:///(app-pages-browser)/../../node_modules/.pnpm/next@15.5.18_@babel+core@7.29.7_react-dom@19.2.6_react@19.2.6__react@19.2.6/node_modules/next/dist/client/dev/report-hmr-latency.js:13
[  306467ms] [LOG] [Fast Refresh] rebuilding @ webpack-internal:///(app-pages-browser)/../../node_modules/.pnpm/next@15.5.18_@babel+core@7.29.7_react-dom@19.2.6_react@19.2.6__react@19.2.6/node_modules/next/dist/client/dev/hot-reloader/app/hot-reloader-app.js:196
[  306470ms] [LOG] [Fast Refresh] done in 4ms @ webpack-internal:///(app-pages-browser)/../../node_modules/.pnpm/next@15.5.18_@babel+core@7.29.7_react-dom@19.2.6_react@19.2.6__react@19.2.6/node_modules/next/dist/client/dev/report-hmr-latency.js:13
[  306515ms] [LOG] [Fast Refresh] rebuilding @ webpack-internal:///(app-pages-browser)/../../node_modules/.pnpm/next@15.5.18_@babel+core@7.29.7_react-dom@19.2.6_react@19.2.6__react@19.2.6/node_modules/next/dist/client/dev/hot-reloader/app/hot-reloader-app.js:196
[  306518ms] [LOG] [Fast Refresh] done in 3ms @ webpack-internal:///(app-pages-browser)/../../node_modules/.pnpm/next@15.5.18_@babel+core@7.29.7_react-dom@19.2.6_react@19.2.6__react@19.2.6/node_modules/next/dist/client/dev/report-hmr-latency.js:13
[  306556ms] [LOG] [Fast Refresh] rebuilding @ webpack-internal:///(app-pages-browser)/../../node_modules/.pnpm/next@15.5.18_@babel+core@7.29.7_react-dom@19.2.6_react@19.2.6__react@19.2.6/node_modules/next/dist/client/dev/hot-reloader/app/hot-reloader-app.js:196
[  306565ms] [LOG] [Fast Refresh] done in 9ms @ webpack-internal:///(app-pages-browser)/../../node_modules/.pnpm/next@15.5.18_@babel+core@7.29.7_react-dom@19.2.6_react@19.2.6__react@19.2.6/node_modules/next/dist/client/dev/report-hmr-latency.js:13
[  306599ms] [LOG] [Fast Refresh] rebuilding @ webpack-internal:///(app-pages-browser)/../../node_modules/.pnpm/next@15.5.18_@babel+core@7.29.7_react-dom@19.2.6_react@19.2.6__react@19.2.6/node_modules/next/dist/client/dev/hot-reloader/app/hot-reloader-app.js:196
[  306602ms] [LOG] [Fast Refresh] done in 3ms @ webpack-internal:///(app-pages-browser)/../../node_modules/.pnpm/next@15.5.18_@babel+core@7.29.7_react-dom@19.2.6_react@19.2.6__react@19.2.6/node_modules/next/dist/client/dev/report-hmr-latency.js:13
[  306645ms] [LOG] [Fast Refresh] done in 47ms @ webpack-internal:///(app-pages-browser)/../../node_modules/.pnpm/next@15.5.18_@babel+core@7.29.7_react-dom@19.2.6_react@19.2.6__react@19.2.6/node_modules/next/dist/client/dev/report-hmr-latency.js:13
[  306646ms] [LOG] [Fast Refresh] rebuilding @ webpack-internal:///(app-pages-browser)/../../node_modules/.pnpm/next@15.5.18_@babel+core@7.29.7_react-dom@19.2.6_react@19.2.6__react@19.2.6/node_modules/next/dist/client/dev/hot-reloader/app/hot-reloader-app.js:196
[  306695ms] [LOG] [Fast Refresh] done in 48ms @ webpack-internal:///(app-pages-browser)/../../node_modules/.pnpm/next@15.5.18_@babel+core@7.29.7_react-dom@19.2.6_react@19.2.6__react@19.2.6/node_modules/next/dist/client/dev/report-hmr-latency.js:13
[  306696ms] [LOG] [Fast Refresh] rebuilding @ webpack-internal:///(app-pages-browser)/../../node_modules/.pnpm/next@15.5.18_@babel+core@7.29.7_react-dom@19.2.6_react@19.2.6__react@19.2.6/node_modules/next/dist/client/dev/hot-reloader/app/hot-reloader-app.js:196
[  306744ms] [LOG] [Fast Refresh] done in 47ms @ webpack-internal:///(app-pages-browser)/../../node_modules/.pnpm/next@15.5.18_@babel+core@7.29.7_react-dom@19.2.6_react@19.2.6__react@19.2.6/node_modules/next/dist/client/dev/report-hmr-latency.js:13
[  306747ms] [LOG] [Fast Refresh] rebuilding @ webpack-internal:///(app-pages-browser)/../../node_modules/.pnpm/next@15.5.18_@babel+core@7.29.7_react-dom@19.2.6_react@19.2.6__react@19.2.6/node_modules/next/dist/client/dev/hot-reloader/app/hot-reloader-app.js:196
[  306794ms] [LOG] [Fast Refresh] done in 48ms @ webpack-internal:///(app-pages-browser)/../../node_modules/.pnpm/next@15.5.18_@babel+core@7.29.7_react-dom@19.2.6_react@19.2.6__react@19.2.6/node_modules/next/dist/client/dev/report-hmr-latency.js:13
[  306797ms] [LOG] [Fast Refresh] rebuilding @ webpack-internal:///(app-pages-browser)/../../node_modules/.pnpm/next@15.5.18_@babel+core@7.29.7_react-dom@19.2.6_react@19.2.6__react@19.2.6/node_modules/next/dist/client/dev/hot-reloader/app/hot-reloader-app.js:196
[  306844ms] [LOG] [Fast Refresh] done in 48ms @ webpack-internal:///(app-pages-browser)/../../node_modules/.pnpm/next@15.5.18_@babel+core@7.29.7_react-dom@19.2.6_react@19.2.6__react@19.2.6/node_modules/next/dist/client/dev/report-hmr-latency.js:13
[  306847ms] [LOG] [Fast Refresh] rebuilding @ webpack-internal:///(app-pages-browser)/../../node_modules/.pnpm/next@15.5.18_@babel+core@7.29.7_react-dom@19.2.6_react@19.2.6__react@19.2.6/node_modules/next/dist/client/dev/hot-reloader/app/hot-reloader-app.js:196
[  306893ms] [LOG] [Fast Refresh] done in 47ms @ webpack-internal:///(app-pages-browser)/../../node_modules/.pnpm/next@15.5.18_@babel+core@7.29.7_react-dom@19.2.6_react@19.2.6__react@19.2.6/node_modules/next/dist/client/dev/report-hmr-latency.js:13
[  306897ms] [LOG] [Fast Refresh] rebuilding @ webpack-internal:///(app-pages-browser)/../../node_modules/.pnpm/next@15.5.18_@babel+core@7.29.7_react-dom@19.2.6_react@19.2.6__react@19.2.6/node_modules/next/dist/client/dev/hot-reloader/app/hot-reloader-app.js:196
[  306943ms] [LOG] [Fast Refresh] done in 46ms @ webpack-internal:///(app-pages-browser)/../../node_modules/.pnpm/next@15.5.18_@babel+core@7.29.7_react-dom@19.2.6_react@19.2.6__react@19.2.6/node_modules/next/dist/client/dev/report-hmr-latency.js:13
[  306948ms] [LOG] [Fast Refresh] rebuilding @ webpack-internal:///(app-pages-browser)/../../node_modules/.pnpm/next@15.5.18_@babel+core@7.29.7_react-dom@19.2.6_react@19.2.6__react@19.2.6/node_modules/next/dist/client/dev/hot-reloader/app/hot-reloader-app.js:196
[  306991ms] [LOG] [Fast Refresh] done in 43ms @ webpack-internal:///(app-pages-browser)/../../node_modules/.pnpm/next@15.5.18_@babel+core@7.29.7_react-dom@19.2.6_react@19.2.6__react@19.2.6/node_modules/next/dist/client/dev/report-hmr-latency.js:13
[  306998ms] [LOG] [Fast Refresh] rebuilding @ webpack-internal:///(app-pages-browser)/../../node_modules/.pnpm/next@15.5.18_@babel+core@7.29.7_react-dom@19.2.6_react@19.2.6__react@19.2.6/node_modules/next/dist/client/dev/hot-reloader/app/hot-reloader-app.js:196
[  307043ms] [LOG] [Fast Refresh] done in 44ms @ webpack-internal:///(app-pages-browser)/../../node_modules/.pnpm/next@15.5.18_@babel+core@7.29.7_react-dom@19.2.6_react@19.2.6__react@19.2.6/node_modules/next/dist/client/dev/report-hmr-latency.js:13
[  307048ms] [LOG] [Fast Refresh] rebuilding @ webpack-internal:///(app-pages-browser)/../../node_modules/.pnpm/next@15.5.18_@babel+core@7.29.7_react-dom@19.2.6_react@19.2.6__react@19.2.6/node_modules/next/dist/client/dev/hot-reloader/app/hot-reloader-app.js:196
[  307093ms] [LOG] [Fast Refresh] done in 45ms @ webpack-internal:///(app-pages-browser)/../../node_modules/.pnpm/next@15.5.18_@babel+core@7.29.7_react-dom@19.2.6_react@19.2.6__react@19.2.6/node_modules/next/dist/client/dev/report-hmr-latency.js:13
[  307098ms] [LOG] [Fast Refresh] rebuilding @ webpack-internal:///(app-pages-browser)/../../node_modules/.pnpm/next@15.5.18_@babel+core@7.29.7_react-dom@19.2.6_react@19.2.6__react@19.2.6/node_modules/next/dist/client/dev/hot-reloader/app/hot-reloader-app.js:196
[  307141ms] [LOG] [Fast Refresh] done in 43ms @ webpack-internal:///(app-pages-browser)/../../node_modules/.pnpm/next@15.5.18_@babel+core@7.29.7_react-dom@19.2.6_react@19.2.6__react@19.2.6/node_modules/next/dist/client/dev/report-hmr-latency.js:13
[  307148ms] [LOG] [Fast Refresh] rebuilding @ webpack-internal:///(app-pages-browser)/../../node_modules/.pnpm/next@15.5.18_@babel+core@7.29.7_react-dom@19.2.6_react@19.2.6__react@19.2.6/node_modules/next/dist/client/dev/hot-reloader/app/hot-reloader-app.js:196
[  307199ms] [LOG] [Fast Refresh] rebuilding @ webpack-internal:///(app-pages-browser)/../../node_modules/.pnpm/next@15.5.18_@babel+core@7.29.7_react-dom@19.2.6_react@19.2.6__react@19.2.6/node_modules/next/dist/client/dev/hot-reloader/app/hot-reloader-app.js:196
[  307200ms] [LOG] [Fast Refresh] done in 2ms @ webpack-internal:///(app-pages-browser)/../../node_modules/.pnpm/next@15.5.18_@babel+core@7.29.7_react-dom@19.2.6_react@19.2.6__react@19.2.6/node_modules/next/dist/client/dev/report-hmr-latency.js:13
[  307244ms] [LOG] [Fast Refresh] done in 45ms @ webpack-internal:///(app-pages-browser)/../../node_modules/.pnpm/next@15.5.18_@babel+core@7.29.7_react-dom@19.2.6_react@19.2.6__react@19.2.6/node_modules/next/dist/client/dev/report-hmr-latency.js:13
[  307249ms] [LOG] [Fast Refresh] rebuilding @ webpack-internal:///(app-pages-browser)/../../node_modules/.pnpm/next@15.5.18_@babel+core@7.29.7_react-dom@19.2.6_react@19.2.6__react@19.2.6/node_modules/next/dist/client/dev/hot-reloader/app/hot-reloader-app.js:196
[  307292ms] [LOG] [Fast Refresh] done in 44ms @ webpack-internal:///(app-pages-browser)/../../node_modules/.pnpm/next@15.5.18_@babel+core@7.29.7_react-dom@19.2.6_react@19.2.6__react@19.2.6/node_modules/next/dist/client/dev/report-hmr-latency.js:13
[  307299ms] [LOG] [Fast Refresh] rebuilding @ webpack-internal:///(app-pages-browser)/../../node_modules/.pnpm/next@15.5.18_@babel+core@7.29.7_react-dom@19.2.6_react@19.2.6__react@19.2.6/node_modules/next/dist/client/dev/hot-reloader/app/hot-reloader-app.js:196
[  307345ms] [LOG] [Fast Refresh] done in 46ms @ webpack-internal:///(app-pages-browser)/../../node_modules/.pnpm/next@15.5.18_@babel+core@7.29.7_react-dom@19.2.6_react@19.2.6__react@19.2.6/node_modules/next/dist/client/dev/report-hmr-latency.js:13
[  307349ms] [LOG] [Fast Refresh] rebuilding @ webpack-internal:///(app-pages-browser)/../../node_modules/.pnpm/next@15.5.18_@babel+core@7.29.7_react-dom@19.2.6_react@19.2.6__react@19.2.6/node_modules/next/dist/client/dev/hot-reloader/app/hot-reloader-app.js:196
[  307393ms] [LOG] [Fast Refresh] done in 44ms @ webpack-internal:///(app-pages-browser)/../../node_modules/.pnpm/next@15.5.18_@babel+core@7.29.7_react-dom@19.2.6_react@19.2.6__react@19.2.6/node_modules/next/dist/client/dev/report-hmr-latency.js:13
[  307400ms] [LOG] [Fast Refresh] rebuilding @ webpack-internal:///(app-pages-browser)/../../node_modules/.pnpm/next@15.5.18_@babel+core@7.29.7_react-dom@19.2.6_react@19.2.6__react@19.2.6/node_modules/next/dist/client/dev/hot-reloader/app/hot-reloader-app.js:196
[  307446ms] [LOG] [Fast Refresh] done in 46ms @ webpack-internal:///(app-pages-browser)/../../node_modules/.pnpm/next@15.5.18_@babel+core@7.29.7_react-dom@19.2.6_react@19.2.6__react@19.2.6/node_modules/next/dist/client/dev/report-hmr-latency.js:13
[  307450ms] [LOG] [Fast Refresh] rebuilding @ webpack-internal:///(app-pages-browser)/../../node_modules/.pnpm/next@15.5.18_@babel+core@7.29.7_react-dom@19.2.6_react@19.2.6__react@19.2.6/node_modules/next/dist/client/dev/hot-reloader/app/hot-reloader-app.js:196
[  307499ms] [LOG] [Fast Refresh] rebuilding @ webpack-internal:///(app-pages-browser)/../../node_modules/.pnpm/next@15.5.18_@babel+core@7.29.7_react-dom@19.2.6_react@19.2.6__react@19.2.6/node_modules/next/dist/client/dev/hot-reloader/app/hot-reloader-app.js:196
[  307503ms] [LOG] [Fast Refresh] done in 4ms @ webpack-internal:///(app-pages-browser)/../../node_modules/.pnpm/next@15.5.18_@babel+core@7.29.7_react-dom@19.2.6_react@19.2.6__react@19.2.6/node_modules/next/dist/client/dev/report-hmr-latency.js:13
[  307568ms] [LOG] [Fast Refresh] rebuilding @ webpack-internal:///(app-pages-browser)/../../node_modules/.pnpm/next@15.5.18_@babel+core@7.29.7_react-dom@19.2.6_react@19.2.6__react@19.2.6/node_modules/next/dist/client/dev/hot-reloader/app/hot-reloader-app.js:196
[  307571ms] [LOG] [Fast Refresh] done in 2ms @ webpack-internal:///(app-pages-browser)/../../node_modules/.pnpm/next@15.5.18_@babel+core@7.29.7_react-dom@19.2.6_react@19.2.6__react@19.2.6/node_modules/next/dist/client/dev/report-hmr-latency.js:13
[  307611ms] [LOG] [Fast Refresh] rebuilding @ webpack-internal:///(app-pages-browser)/../../node_modules/.pnpm/next@15.5.18_@babel+core@7.29.7_react-dom@19.2.6_react@19.2.6__react@19.2.6/node_modules/next/dist/client/dev/hot-reloader/app/hot-reloader-app.js:196
[  307613ms] [LOG] [Fast Refresh] done in 2ms @ webpack-internal:///(app-pages-browser)/../../node_modules/.pnpm/next@15.5.18_@babel+core@7.29.7_react-dom@19.2.6_react@19.2.6__react@19.2.6/node_modules/next/dist/client/dev/report-hmr-latency.js:13
[  307656ms] [LOG] [Fast Refresh] rebuilding @ webpack-internal:///(app-pages-browser)/../../node_modules/.pnpm/next@15.5.18_@babel+core@7.29.7_react-dom@19.2.6_react@19.2.6__react@19.2.6/node_modules/next/dist/client/dev/hot-reloader/app/hot-reloader-app.js:196
[  307658ms] [LOG] [Fast Refresh] done in 2ms @ webpack-internal:///(app-pages-browser)/../../node_modules/.pnpm/next@15.5.18_@babel+core@7.29.7_react-dom@19.2.6_react@19.2.6__react@19.2.6/node_modules/next/dist/client/dev/report-hmr-latency.js:13
[  307699ms] [LOG] [Fast Refresh] done in 44ms @ webpack-internal:///(app-pages-browser)/../../node_modules/.pnpm/next@15.5.18_@babel+core@7.29.7_react-dom@19.2.6_react@19.2.6__react@19.2.6/node_modules/next/dist/client/dev/report-hmr-latency.js:13
[  307702ms] [LOG] [Fast Refresh] rebuilding @ webpack-internal:///(app-pages-browser)/../../node_modules/.pnpm/next@15.5.18_@babel+core@7.29.7_react-dom@19.2.6_react@19.2.6__react@19.2.6/node_modules/next/dist/client/dev/hot-reloader/app/hot-reloader-app.js:196
[  307750ms] [LOG] [Fast Refresh] done in 48ms @ webpack-internal:///(app-pages-browser)/../../node_modules/.pnpm/next@15.5.18_@babel+core@7.29.7_react-dom@19.2.6_react@19.2.6__react@19.2.6/node_modules/next/dist/client/dev/report-hmr-latency.js:13
[  307753ms] [LOG] [Fast Refresh] rebuilding @ webpack-internal:///(app-pages-browser)/../../node_modules/.pnpm/next@15.5.18_@babel+core@7.29.7_react-dom@19.2.6_react@19.2.6__react@19.2.6/node_modules/next/dist/client/dev/hot-reloader/app/hot-reloader-app.js:196
[  307799ms] [LOG] [Fast Refresh] done in 46ms @ webpack-internal:///(app-pages-browser)/../../node_modules/.pnpm/next@15.5.18_@babel+core@7.29.7_react-dom@19.2.6_react@19.2.6__react@19.2.6/node_modules/next/dist/client/dev/report-hmr-latency.js:13
[  307803ms] [LOG] [Fast Refresh] rebuilding @ webpack-internal:///(app-pages-browser)/../../node_modules/.pnpm/next@15.5.18_@babel+core@7.29.7_react-dom@19.2.6_react@19.2.6__react@19.2.6/node_modules/next/dist/client/dev/hot-reloader/app/hot-reloader-app.js:196
[  307857ms] [LOG] [Fast Refresh] rebuilding @ webpack-internal:///(app-pages-browser)/../../node_modules/.pnpm/next@15.5.18_@babel+core@7.29.7_react-dom@19.2.6_react@19.2.6__react@19.2.6/node_modules/next/dist/client/dev/hot-reloader/app/hot-reloader-app.js:196
[  307859ms] [LOG] [Fast Refresh] done in 3ms @ webpack-internal:///(app-pages-browser)/../../node_modules/.pnpm/next@15.5.18_@babel+core@7.29.7_react-dom@19.2.6_react@19.2.6__react@19.2.6/node_modules/next/dist/client/dev/report-hmr-latency.js:13
[  307910ms] [LOG] [Fast Refresh] rebuilding @ webpack-internal:///(app-pages-browser)/../../node_modules/.pnpm/next@15.5.18_@babel+core@7.29.7_react-dom@19.2.6_react@19.2.6__react@19.2.6/node_modules/next/dist/client/dev/hot-reloader/app/hot-reloader-app.js:196
[  307914ms] [LOG] [Fast Refresh] done in 3ms @ webpack-internal:///(app-pages-browser)/../../node_modules/.pnpm/next@15.5.18_@babel+core@7.29.7_react-dom@19.2.6_react@19.2.6__react@19.2.6/node_modules/next/dist/client/dev/report-hmr-latency.js:13
[  307958ms] [LOG] [Fast Refresh] rebuilding @ webpack-internal:///(app-pages-browser)/../../node_modules/.pnpm/next@15.5.18_@babel+core@7.29.7_react-dom@19.2.6_react@19.2.6__react@19.2.6/node_modules/next/dist/client/dev/hot-reloader/app/hot-reloader-app.js:196
[  307960ms] [LOG] [Fast Refresh] done in 3ms @ webpack-internal:///(app-pages-browser)/../../node_modules/.pnpm/next@15.5.18_@babel+core@7.29.7_react-dom@19.2.6_react@19.2.6__react@19.2.6/node_modules/next/dist/client/dev/report-hmr-latency.js:13
[  308005ms] [LOG] [Fast Refresh] done in 48ms @ webpack-internal:///(app-pages-browser)/../../node_modules/.pnpm/next@15.5.18_@babel+core@7.29.7_react-dom@19.2.6_react@19.2.6__react@19.2.6/node_modules/next/dist/client/dev/report-hmr-latency.js:13
[  308005ms] [LOG] [Fast Refresh] rebuilding @ webpack-internal:///(app-pages-browser)/../../node_modules/.pnpm/next@15.5.18_@babel+core@7.29.7_react-dom@19.2.6_react@19.2.6__react@19.2.6/node_modules/next/dist/client/dev/hot-reloader/app/hot-reloader-app.js:196
[  308052ms] [LOG] [Fast Refresh] done in 47ms @ webpack-internal:///(app-pages-browser)/../../node_modules/.pnpm/next@15.5.18_@babel+core@7.29.7_react-dom@19.2.6_react@19.2.6__react@19.2.6/node_modules/next/dist/client/dev/report-hmr-latency.js:13
[  308056ms] [LOG] [Fast Refresh] rebuilding @ webpack-internal:///(app-pages-browser)/../../node_modules/.pnpm/next@15.5.18_@babel+core@7.29.7_react-dom@19.2.6_react@19.2.6__react@19.2.6/node_modules/next/dist/client/dev/hot-reloader/app/hot-reloader-app.js:196
[  308098ms] [LOG] [Fast Refresh] done in 42ms @ webpack-internal:///(app-pages-browser)/../../node_modules/.pnpm/next@15.5.18_@babel+core@7.29.7_react-dom@19.2.6_react@19.2.6__react@19.2.6/node_modules/next/dist/client/dev/report-hmr-latency.js:13
[  308106ms] [LOG] [Fast Refresh] rebuilding @ webpack-internal:///(app-pages-browser)/../../node_modules/.pnpm/next@15.5.18_@babel+core@7.29.7_react-dom@19.2.6_react@19.2.6__react@19.2.6/node_modules/next/dist/client/dev/hot-reloader/app/hot-reloader-app.js:196
[  308154ms] [LOG] [Fast Refresh] done in 47ms @ webpack-internal:///(app-pages-browser)/../../node_modules/.pnpm/next@15.5.18_@babel+core@7.29.7_react-dom@19.2.6_react@19.2.6__react@19.2.6/node_modules/next/dist/client/dev/report-hmr-latency.js:13
[  308156ms] [LOG] [Fast Refresh] rebuilding @ webpack-internal:///(app-pages-browser)/../../node_modules/.pnpm/next@15.5.18_@babel+core@7.29.7_react-dom@19.2.6_react@19.2.6__react@19.2.6/node_modules/next/dist/client/dev/hot-reloader/app/hot-reloader-app.js:196
[  308204ms] [LOG] [Fast Refresh] done in 48ms @ webpack-internal:///(app-pages-browser)/../../node_modules/.pnpm/next@15.5.18_@babel+core@7.29.7_react-dom@19.2.6_react@19.2.6__react@19.2.6/node_modules/next/dist/client/dev/report-hmr-latency.js:13
[  308206ms] [LOG] [Fast Refresh] rebuilding @ webpack-internal:///(app-pages-browser)/../../node_modules/.pnpm/next@15.5.18_@babel+core@7.29.7_react-dom@19.2.6_react@19.2.6__react@19.2.6/node_modules/next/dist/client/dev/hot-reloader/app/hot-reloader-app.js:196
[  308250ms] [LOG] [Fast Refresh] done in 44ms @ webpack-internal:///(app-pages-browser)/../../node_modules/.pnpm/next@15.5.18_@babel+core@7.29.7_react-dom@19.2.6_react@19.2.6__react@19.2.6/node_modules/next/dist/client/dev/report-hmr-latency.js:13
[  308256ms] [LOG] [Fast Refresh] rebuilding @ webpack-internal:///(app-pages-browser)/../../node_modules/.pnpm/next@15.5.18_@babel+core@7.29.7_react-dom@19.2.6_react@19.2.6__react@19.2.6/node_modules/next/dist/client/dev/hot-reloader/app/hot-reloader-app.js:196
[  308302ms] [LOG] [Fast Refresh] done in 45ms @ webpack-internal:///(app-pages-browser)/../../node_modules/.pnpm/next@15.5.18_@babel+core@7.29.7_react-dom@19.2.6_react@19.2.6__react@19.2.6/node_modules/next/dist/client/dev/report-hmr-latency.js:13
[  308307ms] [LOG] [Fast Refresh] rebuilding @ webpack-internal:///(app-pages-browser)/../../node_modules/.pnpm/next@15.5.18_@babel+core@7.29.7_react-dom@19.2.6_react@19.2.6__react@19.2.6/node_modules/next/dist/client/dev/hot-reloader/app/hot-reloader-app.js:196
[  308359ms] [LOG] [Fast Refresh] rebuilding @ webpack-internal:///(app-pages-browser)/../../node_modules/.pnpm/next@15.5.18_@babel+core@7.29.7_react-dom@19.2.6_react@19.2.6__react@19.2.6/node_modules/next/dist/client/dev/hot-reloader/app/hot-reloader-app.js:196
[  308361ms] [LOG] [Fast Refresh] done in 3ms @ webpack-internal:///(app-pages-browser)/../../node_modules/.pnpm/next@15.5.18_@babel+core@7.29.7_react-dom@19.2.6_react@19.2.6__react@19.2.6/node_modules/next/dist/client/dev/report-hmr-latency.js:13
[  308407ms] [LOG] [Fast Refresh] rebuilding @ webpack-internal:///(app-pages-browser)/../../node_modules/.pnpm/next@15.5.18_@babel+core@7.29.7_react-dom@19.2.6_react@19.2.6__react@19.2.6/node_modules/next/dist/client/dev/hot-reloader/app/hot-reloader-app.js:196
[  308408ms] [LOG] [Fast Refresh] done in 1ms @ webpack-internal:///(app-pages-browser)/../../node_modules/.pnpm/next@15.5.18_@babel+core@7.29.7_react-dom@19.2.6_react@19.2.6__react@19.2.6/node_modules/next/dist/client/dev/report-hmr-latency.js:13
[  308455ms] [LOG] [Fast Refresh] done in 48ms @ webpack-internal:///(app-pages-browser)/../../node_modules/.pnpm/next@15.5.18_@babel+core@7.29.7_react-dom@19.2.6_react@19.2.6__react@19.2.6/node_modules/next/dist/client/dev/report-hmr-latency.js:13
[  308457ms] [LOG] [Fast Refresh] rebuilding @ webpack-internal:///(app-pages-browser)/../../node_modules/.pnpm/next@15.5.18_@babel+core@7.29.7_react-dom@19.2.6_react@19.2.6__react@19.2.6/node_modules/next/dist/client/dev/hot-reloader/app/hot-reloader-app.js:196
[  308502ms] [LOG] [Fast Refresh] done in 44ms @ webpack-internal:///(app-pages-browser)/../../node_modules/.pnpm/next@15.5.18_@babel+core@7.29.7_react-dom@19.2.6_react@19.2.6__react@19.2.6/node_modules/next/dist/client/dev/report-hmr-latency.js:13
[  308507ms] [LOG] [Fast Refresh] rebuilding @ webpack-internal:///(app-pages-browser)/../../node_modules/.pnpm/next@15.5.18_@babel+core@7.29.7_react-dom@19.2.6_react@19.2.6__react@19.2.6/node_modules/next/dist/client/dev/hot-reloader/app/hot-reloader-app.js:196
[  308554ms] [LOG] [Fast Refresh] done in 47ms @ webpack-internal:///(app-pages-browser)/../../node_modules/.pnpm/next@15.5.18_@babel+core@7.29.7_react-dom@19.2.6_react@19.2.6__react@19.2.6/node_modules/next/dist/client/dev/report-hmr-latency.js:13
[  308558ms] [LOG] [Fast Refresh] rebuilding @ webpack-internal:///(app-pages-browser)/../../node_modules/.pnpm/next@15.5.18_@babel+core@7.29.7_react-dom@19.2.6_react@19.2.6__react@19.2.6/node_modules/next/dist/client/dev/hot-reloader/app/hot-reloader-app.js:196
[  308605ms] [LOG] [Fast Refresh] done in 48ms @ webpack-internal:///(app-pages-browser)/../../node_modules/.pnpm/next@15.5.18_@babel+core@7.29.7_react-dom@19.2.6_react@19.2.6__react@19.2.6/node_modules/next/dist/client/dev/report-hmr-latency.js:13
[  308608ms] [LOG] [Fast Refresh] rebuilding @ webpack-internal:///(app-pages-browser)/../../node_modules/.pnpm/next@15.5.18_@babel+core@7.29.7_react-dom@19.2.6_react@19.2.6__react@19.2.6/node_modules/next/dist/client/dev/hot-reloader/app/hot-reloader-app.js:196
[  308657ms] [LOG] [Fast Refresh] done in 50ms @ webpack-internal:///(app-pages-browser)/../../node_modules/.pnpm/next@15.5.18_@babel+core@7.29.7_react-dom@19.2.6_react@19.2.6__react@19.2.6/node_modules/next/dist/client/dev/report-hmr-latency.js:13
[  308658ms] [LOG] [Fast Refresh] rebuilding @ webpack-internal:///(app-pages-browser)/../../node_modules/.pnpm/next@15.5.18_@babel+core@7.29.7_react-dom@19.2.6_react@19.2.6__react@19.2.6/node_modules/next/dist/client/dev/hot-reloader/app/hot-reloader-app.js:196
[  308727ms] [LOG] [Fast Refresh] rebuilding @ webpack-internal:///(app-pages-browser)/../../node_modules/.pnpm/next@15.5.18_@babel+core@7.29.7_react-dom@19.2.6_react@19.2.6__react@19.2.6/node_modules/next/dist/client/dev/hot-reloader/app/hot-reloader-app.js:196
[  308729ms] [LOG] [Fast Refresh] done in 3ms @ webpack-internal:///(app-pages-browser)/../../node_modules/.pnpm/next@15.5.18_@babel+core@7.29.7_react-dom@19.2.6_react@19.2.6__react@19.2.6/node_modules/next/dist/client/dev/report-hmr-latency.js:13
[  308770ms] [LOG] [Fast Refresh] rebuilding @ webpack-internal:///(app-pages-browser)/../../node_modules/.pnpm/next@15.5.18_@babel+core@7.29.7_react-dom@19.2.6_react@19.2.6__react@19.2.6/node_modules/next/dist/client/dev/hot-reloader/app/hot-reloader-app.js:196
[  308773ms] [LOG] [Fast Refresh] done in 2ms @ webpack-internal:///(app-pages-browser)/../../node_modules/.pnpm/next@15.5.18_@babel+core@7.29.7_react-dom@19.2.6_react@19.2.6__react@19.2.6/node_modules/next/dist/client/dev/report-hmr-latency.js:13
[  308816ms] [LOG] [Fast Refresh] rebuilding @ webpack-internal:///(app-pages-browser)/../../node_modules/.pnpm/next@15.5.18_@babel+core@7.29.7_react-dom@19.2.6_react@19.2.6__react@19.2.6/node_modules/next/dist/client/dev/hot-reloader/app/hot-reloader-app.js:196
[  308818ms] [LOG] [Fast Refresh] done in 3ms @ webpack-internal:///(app-pages-browser)/../../node_modules/.pnpm/next@15.5.18_@babel+core@7.29.7_react-dom@19.2.6_react@19.2.6__react@19.2.6/node_modules/next/dist/client/dev/report-hmr-latency.js:13
[  308856ms] [LOG] [Fast Refresh] done in 40ms @ webpack-internal:///(app-pages-browser)/../../node_modules/.pnpm/next@15.5.18_@babel+core@7.29.7_react-dom@19.2.6_react@19.2.6__react@19.2.6/node_modules/next/dist/client/dev/report-hmr-latency.js:13
[  308861ms] [LOG] [Fast Refresh] rebuilding @ webpack-internal:///(app-pages-browser)/../../node_modules/.pnpm/next@15.5.18_@babel+core@7.29.7_react-dom@19.2.6_react@19.2.6__react@19.2.6/node_modules/next/dist/client/dev/hot-reloader/app/hot-reloader-app.js:196
[  308907ms] [LOG] [Fast Refresh] done in 47ms @ webpack-internal:///(app-pages-browser)/../../node_modules/.pnpm/next@15.5.18_@babel+core@7.29.7_react-dom@19.2.6_react@19.2.6__react@19.2.6/node_modules/next/dist/client/dev/report-hmr-latency.js:13
[  308911ms] [LOG] [Fast Refresh] rebuilding @ webpack-internal:///(app-pages-browser)/../../node_modules/.pnpm/next@15.5.18_@babel+core@7.29.7_react-dom@19.2.6_react@19.2.6__react@19.2.6/node_modules/next/dist/client/dev/hot-reloader/app/hot-reloader-app.js:196
[  308955ms] [LOG] [Fast Refresh] done in 45ms @ webpack-internal:///(app-pages-browser)/../../node_modules/.pnpm/next@15.5.18_@babel+core@7.29.7_react-dom@19.2.6_react@19.2.6__react@19.2.6/node_modules/next/dist/client/dev/report-hmr-latency.js:13
[  308960ms] [LOG] [Fast Refresh] rebuilding @ webpack-internal:///(app-pages-browser)/../../node_modules/.pnpm/next@15.5.18_@babel+core@7.29.7_react-dom@19.2.6_react@19.2.6__react@19.2.6/node_modules/next/dist/client/dev/hot-reloader/app/hot-reloader-app.js:196
[  309007ms] [LOG] [Fast Refresh] done in 47ms @ webpack-internal:///(app-pages-browser)/../../node_modules/.pnpm/next@15.5.18_@babel+core@7.29.7_react-dom@19.2.6_react@19.2.6__react@19.2.6/node_modules/next/dist/client/dev/report-hmr-latency.js:13
[  309011ms] [LOG] [Fast Refresh] rebuilding @ webpack-internal:///(app-pages-browser)/../../node_modules/.pnpm/next@15.5.18_@babel+core@7.29.7_react-dom@19.2.6_react@19.2.6__react@19.2.6/node_modules/next/dist/client/dev/hot-reloader/app/hot-reloader-app.js:196
[  309058ms] [LOG] [Fast Refresh] done in 46ms @ webpack-internal:///(app-pages-browser)/../../node_modules/.pnpm/next@15.5.18_@babel+core@7.29.7_react-dom@19.2.6_react@19.2.6__react@19.2.6/node_modules/next/dist/client/dev/report-hmr-latency.js:13
[  309061ms] [LOG] [Fast Refresh] rebuilding @ webpack-internal:///(app-pages-browser)/../../node_modules/.pnpm/next@15.5.18_@babel+core@7.29.7_react-dom@19.2.6_react@19.2.6__react@19.2.6/node_modules/next/dist/client/dev/hot-reloader/app/hot-reloader-app.js:196
[  309106ms] [LOG] [Fast Refresh] done in 44ms @ webpack-internal:///(app-pages-browser)/../../node_modules/.pnpm/next@15.5.18_@babel+core@7.29.7_react-dom@19.2.6_react@19.2.6__react@19.2.6/node_modules/next/dist/client/dev/report-hmr-latency.js:13
[  309112ms] [LOG] [Fast Refresh] rebuilding @ webpack-internal:///(app-pages-browser)/../../node_modules/.pnpm/next@15.5.18_@babel+core@7.29.7_react-dom@19.2.6_react@19.2.6__react@19.2.6/node_modules/next/dist/client/dev/hot-reloader/app/hot-reloader-app.js:196
[  309155ms] [LOG] [Fast Refresh] done in 44ms @ webpack-internal:///(app-pages-browser)/../../node_modules/.pnpm/next@15.5.18_@babel+core@7.29.7_react-dom@19.2.6_react@19.2.6__react@19.2.6/node_modules/next/dist/client/dev/report-hmr-latency.js:13
[  309162ms] [LOG] [Fast Refresh] rebuilding @ webpack-internal:///(app-pages-browser)/../../node_modules/.pnpm/next@15.5.18_@babel+core@7.29.7_react-dom@19.2.6_react@19.2.6__react@19.2.6/node_modules/next/dist/client/dev/hot-reloader/app/hot-reloader-app.js:196
[  309210ms] [LOG] [Fast Refresh] done in 48ms @ webpack-internal:///(app-pages-browser)/../../node_modules/.pnpm/next@15.5.18_@babel+core@7.29.7_react-dom@19.2.6_react@19.2.6__react@19.2.6/node_modules/next/dist/client/dev/report-hmr-latency.js:13
[  309211ms] [LOG] [Fast Refresh] rebuilding @ webpack-internal:///(app-pages-browser)/../../node_modules/.pnpm/next@15.5.18_@babel+core@7.29.7_react-dom@19.2.6_react@19.2.6__react@19.2.6/node_modules/next/dist/client/dev/hot-reloader/app/hot-reloader-app.js:196
[  309254ms] [LOG] [Fast Refresh] done in 42ms @ webpack-internal:///(app-pages-browser)/../../node_modules/.pnpm/next@15.5.18_@babel+core@7.29.7_react-dom@19.2.6_react@19.2.6__react@19.2.6/node_modules/next/dist/client/dev/report-hmr-latency.js:13
[  309262ms] [LOG] [Fast Refresh] rebuilding @ webpack-internal:///(app-pages-browser)/../../node_modules/.pnpm/next@15.5.18_@babel+core@7.29.7_react-dom@19.2.6_react@19.2.6__react@19.2.6/node_modules/next/dist/client/dev/hot-reloader/app/hot-reloader-app.js:196
[  309308ms] [LOG] [Fast Refresh] done in 45ms @ webpack-internal:///(app-pages-browser)/../../node_modules/.pnpm/next@15.5.18_@babel+core@7.29.7_react-dom@19.2.6_react@19.2.6__react@19.2.6/node_modules/next/dist/client/dev/report-hmr-latency.js:13
[  309312ms] [LOG] [Fast Refresh] rebuilding @ webpack-internal:///(app-pages-browser)/../../node_modules/.pnpm/next@15.5.18_@babel+core@7.29.7_react-dom@19.2.6_react@19.2.6__react@19.2.6/node_modules/next/dist/client/dev/hot-reloader/app/hot-reloader-app.js:196
[  309357ms] [LOG] [Fast Refresh] done in 44ms @ webpack-internal:///(app-pages-browser)/../../node_modules/.pnpm/next@15.5.18_@babel+core@7.29.7_react-dom@19.2.6_react@19.2.6__react@19.2.6/node_modules/next/dist/client/dev/report-hmr-latency.js:13
[  309363ms] [LOG] [Fast Refresh] rebuilding @ webpack-internal:///(app-pages-browser)/../../node_modules/.pnpm/next@15.5.18_@babel+core@7.29.7_react-dom@19.2.6_react@19.2.6__react@19.2.6/node_modules/next/dist/client/dev/hot-reloader/app/hot-reloader-app.js:196
[  309406ms] [LOG] [Fast Refresh] done in 44ms @ webpack-internal:///(app-pages-browser)/../../node_modules/.pnpm/next@15.5.18_@babel+core@7.29.7_react-dom@19.2.6_react@19.2.6__react@19.2.6/node_modules/next/dist/client/dev/report-hmr-latency.js:13
[  309413ms] [LOG] [Fast Refresh] rebuilding @ webpack-internal:///(app-pages-browser)/../../node_modules/.pnpm/next@15.5.18_@babel+core@7.29.7_react-dom@19.2.6_react@19.2.6__react@19.2.6/node_modules/next/dist/client/dev/hot-reloader/app/hot-reloader-app.js:196
[  309456ms] [LOG] [Fast Refresh] done in 44ms @ webpack-internal:///(app-pages-browser)/../../node_modules/.pnpm/next@15.5.18_@babel+core@7.29.7_react-dom@19.2.6_react@19.2.6__react@19.2.6/node_modules/next/dist/client/dev/report-hmr-latency.js:13
[  309462ms] [LOG] [Fast Refresh] rebuilding @ webpack-internal:///(app-pages-browser)/../../node_modules/.pnpm/next@15.5.18_@babel+core@7.29.7_react-dom@19.2.6_react@19.2.6__react@19.2.6/node_modules/next/dist/client/dev/hot-reloader/app/hot-reloader-app.js:196
[  309511ms] [LOG] [Fast Refresh] done in 48ms @ webpack-internal:///(app-pages-browser)/../../node_modules/.pnpm/next@15.5.18_@babel+core@7.29.7_react-dom@19.2.6_react@19.2.6__react@19.2.6/node_modules/next/dist/client/dev/report-hmr-latency.js:13
[  309513ms] [LOG] [Fast Refresh] rebuilding @ webpack-internal:///(app-pages-browser)/../../node_modules/.pnpm/next@15.5.18_@babel+core@7.29.7_react-dom@19.2.6_react@19.2.6__react@19.2.6/node_modules/next/dist/client/dev/hot-reloader/app/hot-reloader-app.js:196
[  309557ms] [LOG] [Fast Refresh] done in 44ms @ webpack-internal:///(app-pages-browser)/../../node_modules/.pnpm/next@15.5.18_@babel+core@7.29.7_react-dom@19.2.6_react@19.2.6__react@19.2.6/node_modules/next/dist/client/dev/report-hmr-latency.js:13
[  309563ms] [LOG] [Fast Refresh] rebuilding @ webpack-internal:///(app-pages-browser)/../../node_modules/.pnpm/next@15.5.18_@babel+core@7.29.7_react-dom@19.2.6_react@19.2.6__react@19.2.6/node_modules/next/dist/client/dev/hot-reloader/app/hot-reloader-app.js:196
[  309608ms] [LOG] [Fast Refresh] done in 44ms @ webpack-internal:///(app-pages-browser)/../../node_modules/.pnpm/next@15.5.18_@babel+core@7.29.7_react-dom@19.2.6_react@19.2.6__react@19.2.6/node_modules/next/dist/client/dev/report-hmr-latency.js:13
[  309613ms] [LOG] [Fast Refresh] rebuilding @ webpack-internal:///(app-pages-browser)/../../node_modules/.pnpm/next@15.5.18_@babel+core@7.29.7_react-dom@19.2.6_react@19.2.6__react@19.2.6/node_modules/next/dist/client/dev/hot-reloader/app/hot-reloader-app.js:196
[  309656ms] [LOG] [Fast Refresh] done in 44ms @ webpack-internal:///(app-pages-browser)/../../node_modules/.pnpm/next@15.5.18_@babel+core@7.29.7_react-dom@19.2.6_react@19.2.6__react@19.2.6/node_modules/next/dist/client/dev/report-hmr-latency.js:13
[  309663ms] [LOG] [Fast Refresh] rebuilding @ webpack-internal:///(app-pages-browser)/../../node_modules/.pnpm/next@15.5.18_@babel+core@7.29.7_react-dom@19.2.6_react@19.2.6__react@19.2.6/node_modules/next/dist/client/dev/hot-reloader/app/hot-reloader-app.js:196
[  309713ms] [LOG] [Fast Refresh] done in 50ms @ webpack-internal:///(app-pages-browser)/../../node_modules/.pnpm/next@15.5.18_@babel+core@7.29.7_react-dom@19.2.6_react@19.2.6__react@19.2.6/node_modules/next/dist/client/dev/report-hmr-latency.js:13
[  309713ms] [LOG] [Fast Refresh] rebuilding @ webpack-internal:///(app-pages-browser)/../../node_modules/.pnpm/next@15.5.18_@babel+core@7.29.7_react-dom@19.2.6_react@19.2.6__react@19.2.6/node_modules/next/dist/client/dev/hot-reloader/app/hot-reloader-app.js:196
[  309761ms] [LOG] [Fast Refresh] done in 48ms @ webpack-internal:///(app-pages-browser)/../../node_modules/.pnpm/next@15.5.18_@babel+core@7.29.7_react-dom@19.2.6_react@19.2.6__react@19.2.6/node_modules/next/dist/client/dev/report-hmr-latency.js:13
[  309764ms] [LOG] [Fast Refresh] rebuilding @ webpack-internal:///(app-pages-browser)/../../node_modules/.pnpm/next@15.5.18_@babel+core@7.29.7_react-dom@19.2.6_react@19.2.6__react@19.2.6/node_modules/next/dist/client/dev/hot-reloader/app/hot-reloader-app.js:196
[  309814ms] [LOG] [Fast Refresh] rebuilding @ webpack-internal:///(app-pages-browser)/../../node_modules/.pnpm/next@15.5.18_@babel+core@7.29.7_react-dom@19.2.6_react@19.2.6__react@19.2.6/node_modules/next/dist/client/dev/hot-reloader/app/hot-reloader-app.js:196
[  309815ms] [LOG] [Fast Refresh] done in 1ms @ webpack-internal:///(app-pages-browser)/../../node_modules/.pnpm/next@15.5.18_@babel+core@7.29.7_react-dom@19.2.6_react@19.2.6__react@19.2.6/node_modules/next/dist/client/dev/report-hmr-latency.js:13
[  309885ms] [LOG] [Fast Refresh] rebuilding @ webpack-internal:///(app-pages-browser)/../../node_modules/.pnpm/next@15.5.18_@babel+core@7.29.7_react-dom@19.2.6_react@19.2.6__react@19.2.6/node_modules/next/dist/client/dev/hot-reloader/app/hot-reloader-app.js:196
[  309888ms] [LOG] [Fast Refresh] done in 4ms @ webpack-internal:///(app-pages-browser)/../../node_modules/.pnpm/next@15.5.18_@babel+core@7.29.7_react-dom@19.2.6_react@19.2.6__react@19.2.6/node_modules/next/dist/client/dev/report-hmr-latency.js:13
[  309928ms] [LOG] [Fast Refresh] rebuilding @ webpack-internal:///(app-pages-browser)/../../node_modules/.pnpm/next@15.5.18_@babel+core@7.29.7_react-dom@19.2.6_react@19.2.6__react@19.2.6/node_modules/next/dist/client/dev/hot-reloader/app/hot-reloader-app.js:196
[  309930ms] [LOG] [Fast Refresh] done in 2ms @ webpack-internal:///(app-pages-browser)/../../node_modules/.pnpm/next@15.5.18_@babel+core@7.29.7_react-dom@19.2.6_react@19.2.6__react@19.2.6/node_modules/next/dist/client/dev/report-hmr-latency.js:13
[  309971ms] [LOG] [Fast Refresh] rebuilding @ webpack-internal:///(app-pages-browser)/../../node_modules/.pnpm/next@15.5.18_@babel+core@7.29.7_react-dom@19.2.6_react@19.2.6__react@19.2.6/node_modules/next/dist/client/dev/hot-reloader/app/hot-reloader-app.js:196
[  309973ms] [LOG] [Fast Refresh] done in 2ms @ webpack-internal:///(app-pages-browser)/../../node_modules/.pnpm/next@15.5.18_@babel+core@7.29.7_react-dom@19.2.6_react@19.2.6__react@19.2.6/node_modules/next/dist/client/dev/report-hmr-latency.js:13
[  310019ms] [LOG] [Fast Refresh] rebuilding @ webpack-internal:///(app-pages-browser)/../../node_modules/.pnpm/next@15.5.18_@babel+core@7.29.7_react-dom@19.2.6_react@19.2.6__react@19.2.6/node_modules/next/dist/client/dev/hot-reloader/app/hot-reloader-app.js:196
[  310021ms] [LOG] [Fast Refresh] done in 3ms @ webpack-internal:///(app-pages-browser)/../../node_modules/.pnpm/next@15.5.18_@babel+core@7.29.7_react-dom@19.2.6_react@19.2.6__react@19.2.6/node_modules/next/dist/client/dev/report-hmr-latency.js:13
[  310065ms] [LOG] [Fast Refresh] done in 46ms @ webpack-internal:///(app-pages-browser)/../../node_modules/.pnpm/next@15.5.18_@babel+core@7.29.7_react-dom@19.2.6_react@19.2.6__react@19.2.6/node_modules/next/dist/client/dev/report-hmr-latency.js:13
[  310068ms] [LOG] [Fast Refresh] rebuilding @ webpack-internal:///(app-pages-browser)/../../node_modules/.pnpm/next@15.5.18_@babel+core@7.29.7_react-dom@19.2.6_react@19.2.6__react@19.2.6/node_modules/next/dist/client/dev/hot-reloader/app/hot-reloader-app.js:196
[  310114ms] [LOG] [Fast Refresh] done in 47ms @ webpack-internal:///(app-pages-browser)/../../node_modules/.pnpm/next@15.5.18_@babel+core@7.29.7_react-dom@19.2.6_react@19.2.6__react@19.2.6/node_modules/next/dist/client/dev/report-hmr-latency.js:13
[  310118ms] [LOG] [Fast Refresh] rebuilding @ webpack-internal:///(app-pages-browser)/../../node_modules/.pnpm/next@15.5.18_@babel+core@7.29.7_react-dom@19.2.6_react@19.2.6__react@19.2.6/node_modules/next/dist/client/dev/hot-reloader/app/hot-reloader-app.js:196
[  310177ms] [LOG] [Fast Refresh] rebuilding @ webpack-internal:///(app-pages-browser)/../../node_modules/.pnpm/next@15.5.18_@babel+core@7.29.7_react-dom@19.2.6_react@19.2.6__react@19.2.6/node_modules/next/dist/client/dev/hot-reloader/app/hot-reloader-app.js:196
[  310181ms] [LOG] [Fast Refresh] done in 5ms @ webpack-internal:///(app-pages-browser)/../../node_modules/.pnpm/next@15.5.18_@babel+core@7.29.7_react-dom@19.2.6_react@19.2.6__react@19.2.6/node_modules/next/dist/client/dev/report-hmr-latency.js:13
[  310242ms] [LOG] [Fast Refresh] rebuilding @ webpack-internal:///(app-pages-browser)/../../node_modules/.pnpm/next@15.5.18_@babel+core@7.29.7_react-dom@19.2.6_react@19.2.6__react@19.2.6/node_modules/next/dist/client/dev/hot-reloader/app/hot-reloader-app.js:196
[  310285ms] [LOG] [Fast Refresh] done in 43ms @ webpack-internal:///(app-pages-browser)/../../node_modules/.pnpm/next@15.5.18_@babel+core@7.29.7_react-dom@19.2.6_react@19.2.6__react@19.2.6/node_modules/next/dist/client/dev/report-hmr-latency.js:13
[  310305ms] [LOG] [Fast Refresh] rebuilding @ webpack-internal:///(app-pages-browser)/../../node_modules/.pnpm/next@15.5.18_@babel+core@7.29.7_react-dom@19.2.6_react@19.2.6__react@19.2.6/node_modules/next/dist/client/dev/hot-reloader/app/hot-reloader-app.js:196
[  310307ms] [LOG] [Fast Refresh] done in 2ms @ webpack-internal:///(app-pages-browser)/../../node_modules/.pnpm/next@15.5.18_@babel+core@7.29.7_react-dom@19.2.6_react@19.2.6__react@19.2.6/node_modules/next/dist/client/dev/report-hmr-latency.js:13
[  310358ms] [LOG] [Fast Refresh] rebuilding @ webpack-internal:///(app-pages-browser)/../../node_modules/.pnpm/next@15.5.18_@babel+core@7.29.7_react-dom@19.2.6_react@19.2.6__react@19.2.6/node_modules/next/dist/client/dev/hot-reloader/app/hot-reloader-app.js:196
[  310360ms] [LOG] [Fast Refresh] done in 3ms @ webpack-internal:///(app-pages-browser)/../../node_modules/.pnpm/next@15.5.18_@babel+core@7.29.7_react-dom@19.2.6_react@19.2.6__react@19.2.6/node_modules/next/dist/client/dev/report-hmr-latency.js:13
[  310409ms] [LOG] [Fast Refresh] rebuilding @ webpack-internal:///(app-pages-browser)/../../node_modules/.pnpm/next@15.5.18_@babel+core@7.29.7_react-dom@19.2.6_react@19.2.6__react@19.2.6/node_modules/next/dist/client/dev/hot-reloader/app/hot-reloader-app.js:196
[  310412ms] [LOG] [Fast Refresh] done in 3ms @ webpack-internal:///(app-pages-browser)/../../node_modules/.pnpm/next@15.5.18_@babel+core@7.29.7_react-dom@19.2.6_react@19.2.6__react@19.2.6/node_modules/next/dist/client/dev/report-hmr-latency.js:13
[  310460ms] [LOG] [Fast Refresh] rebuilding @ webpack-internal:///(app-pages-browser)/../../node_modules/.pnpm/next@15.5.18_@babel+core@7.29.7_react-dom@19.2.6_react@19.2.6__react@19.2.6/node_modules/next/dist/client/dev/hot-reloader/app/hot-reloader-app.js:196
[  310463ms] [LOG] [Fast Refresh] done in 3ms @ webpack-internal:///(app-pages-browser)/../../node_modules/.pnpm/next@15.5.18_@babel+core@7.29.7_react-dom@19.2.6_react@19.2.6__react@19.2.6/node_modules/next/dist/client/dev/report-hmr-latency.js:13
[  310508ms] [LOG] [Fast Refresh] rebuilding @ webpack-internal:///(app-pages-browser)/../../node_modules/.pnpm/next@15.5.18_@babel+core@7.29.7_react-dom@19.2.6_react@19.2.6__react@19.2.6/node_modules/next/dist/client/dev/hot-reloader/app/hot-reloader-app.js:196
[  310511ms] [LOG] [Fast Refresh] done in 2ms @ webpack-internal:///(app-pages-browser)/../../node_modules/.pnpm/next@15.5.18_@babel+core@7.29.7_react-dom@19.2.6_react@19.2.6__react@19.2.6/node_modules/next/dist/client/dev/report-hmr-latency.js:13
[  310557ms] [LOG] [Fast Refresh] rebuilding @ webpack-internal:///(app-pages-browser)/../../node_modules/.pnpm/next@15.5.18_@babel+core@7.29.7_react-dom@19.2.6_react@19.2.6__react@19.2.6/node_modules/next/dist/client/dev/hot-reloader/app/hot-reloader-app.js:196
[  310560ms] [LOG] [Fast Refresh] done in 2ms @ webpack-internal:///(app-pages-browser)/../../node_modules/.pnpm/next@15.5.18_@babel+core@7.29.7_react-dom@19.2.6_react@19.2.6__react@19.2.6/node_modules/next/dist/client/dev/report-hmr-latency.js:13
[  310606ms] [LOG] [Fast Refresh] rebuilding @ webpack-internal:///(app-pages-browser)/../../node_modules/.pnpm/next@15.5.18_@babel+core@7.29.7_react-dom@19.2.6_react@19.2.6__react@19.2.6/node_modules/next/dist/client/dev/hot-reloader/app/hot-reloader-app.js:196
[  310608ms] [LOG] [Fast Refresh] done in 2ms @ webpack-internal:///(app-pages-browser)/../../node_modules/.pnpm/next@15.5.18_@babel+core@7.29.7_react-dom@19.2.6_react@19.2.6__react@19.2.6/node_modules/next/dist/client/dev/report-hmr-latency.js:13
[  310653ms] [LOG] [Fast Refresh] rebuilding @ webpack-internal:///(app-pages-browser)/../../node_modules/.pnpm/next@15.5.18_@babel+core@7.29.7_react-dom@19.2.6_react@19.2.6__react@19.2.6/node_modules/next/dist/client/dev/hot-reloader/app/hot-reloader-app.js:196
[  310661ms] [LOG] [Fast Refresh] done in 8ms @ webpack-internal:///(app-pages-browser)/../../node_modules/.pnpm/next@15.5.18_@babel+core@7.29.7_react-dom@19.2.6_react@19.2.6__react@19.2.6/node_modules/next/dist/client/dev/report-hmr-latency.js:13
[  310696ms] [LOG] [Fast Refresh] rebuilding @ webpack-internal:///(app-pages-browser)/../../node_modules/.pnpm/next@15.5.18_@babel+core@7.29.7_react-dom@19.2.6_react@19.2.6__react@19.2.6/node_modules/next/dist/client/dev/hot-reloader/app/hot-reloader-app.js:196
[  310700ms] [LOG] [Fast Refresh] done in 4ms @ webpack-internal:///(app-pages-browser)/../../node_modules/.pnpm/next@15.5.18_@babel+core@7.29.7_react-dom@19.2.6_react@19.2.6__react@19.2.6/node_modules/next/dist/client/dev/report-hmr-latency.js:13
[  310743ms] [LOG] [Fast Refresh] rebuilding @ webpack-internal:///(app-pages-browser)/../../node_modules/.pnpm/next@15.5.18_@babel+core@7.29.7_react-dom@19.2.6_react@19.2.6__react@19.2.6/node_modules/next/dist/client/dev/hot-reloader/app/hot-reloader-app.js:196
[  310746ms] [LOG] [Fast Refresh] done in 2ms @ webpack-internal:///(app-pages-browser)/../../node_modules/.pnpm/next@15.5.18_@babel+core@7.29.7_react-dom@19.2.6_react@19.2.6__react@19.2.6/node_modules/next/dist/client/dev/report-hmr-latency.js:13
[  310810ms] [LOG] [Fast Refresh] rebuilding @ webpack-internal:///(app-pages-browser)/../../node_modules/.pnpm/next@15.5.18_@babel+core@7.29.7_react-dom@19.2.6_react@19.2.6__react@19.2.6/node_modules/next/dist/client/dev/hot-reloader/app/hot-reloader-app.js:196
[  310814ms] [LOG] [Fast Refresh] done in 4ms @ webpack-internal:///(app-pages-browser)/../../node_modules/.pnpm/next@15.5.18_@babel+core@7.29.7_react-dom@19.2.6_react@19.2.6__react@19.2.6/node_modules/next/dist/client/dev/report-hmr-latency.js:13
[  310854ms] [LOG] [Fast Refresh] rebuilding @ webpack-internal:///(app-pages-browser)/../../node_modules/.pnpm/next@15.5.18_@babel+core@7.29.7_react-dom@19.2.6_react@19.2.6__react@19.2.6/node_modules/next/dist/client/dev/hot-reloader/app/hot-reloader-app.js:196
[  310857ms] [LOG] [Fast Refresh] done in 2ms @ webpack-internal:///(app-pages-browser)/../../node_modules/.pnpm/next@15.5.18_@babel+core@7.29.7_react-dom@19.2.6_react@19.2.6__react@19.2.6/node_modules/next/dist/client/dev/report-hmr-latency.js:13
[  310898ms] [LOG] [Fast Refresh] rebuilding @ webpack-internal:///(app-pages-browser)/../../node_modules/.pnpm/next@15.5.18_@babel+core@7.29.7_react-dom@19.2.6_react@19.2.6__react@19.2.6/node_modules/next/dist/client/dev/hot-reloader/app/hot-reloader-app.js:196
[  310901ms] [LOG] [Fast Refresh] done in 3ms @ webpack-internal:///(app-pages-browser)/../../node_modules/.pnpm/next@15.5.18_@babel+core@7.29.7_react-dom@19.2.6_react@19.2.6__react@19.2.6/node_modules/next/dist/client/dev/report-hmr-latency.js:13
[  310941ms] [LOG] [Fast Refresh] rebuilding @ webpack-internal:///(app-pages-browser)/../../node_modules/.pnpm/next@15.5.18_@babel+core@7.29.7_react-dom@19.2.6_react@19.2.6__react@19.2.6/node_modules/next/dist/client/dev/hot-reloader/app/hot-reloader-app.js:196
[  310944ms] [LOG] [Fast Refresh] done in 2ms @ webpack-internal:///(app-pages-browser)/../../node_modules/.pnpm/next@15.5.18_@babel+core@7.29.7_react-dom@19.2.6_react@19.2.6__react@19.2.6/node_modules/next/dist/client/dev/report-hmr-latency.js:13
[  310986ms] [LOG] [Fast Refresh] rebuilding @ webpack-internal:///(app-pages-browser)/../../node_modules/.pnpm/next@15.5.18_@babel+core@7.29.7_react-dom@19.2.6_react@19.2.6__react@19.2.6/node_modules/next/dist/client/dev/hot-reloader/app/hot-reloader-app.js:196
[  310990ms] [LOG] [Fast Refresh] done in 3ms @ webpack-internal:///(app-pages-browser)/../../node_modules/.pnpm/next@15.5.18_@babel+core@7.29.7_react-dom@19.2.6_react@19.2.6__react@19.2.6/node_modules/next/dist/client/dev/report-hmr-latency.js:13
[  311057ms] [LOG] [Fast Refresh] rebuilding @ webpack-internal:///(app-pages-browser)/../../node_modules/.pnpm/next@15.5.18_@babel+core@7.29.7_react-dom@19.2.6_react@19.2.6__react@19.2.6/node_modules/next/dist/client/dev/hot-reloader/app/hot-reloader-app.js:196
[  311059ms] [LOG] [Fast Refresh] done in 2ms @ webpack-internal:///(app-pages-browser)/../../node_modules/.pnpm/next@15.5.18_@babel+core@7.29.7_react-dom@19.2.6_react@19.2.6__react@19.2.6/node_modules/next/dist/client/dev/report-hmr-latency.js:13
[  311100ms] [LOG] [Fast Refresh] rebuilding @ webpack-internal:///(app-pages-browser)/../../node_modules/.pnpm/next@15.5.18_@babel+core@7.29.7_react-dom@19.2.6_react@19.2.6__react@19.2.6/node_modules/next/dist/client/dev/hot-reloader/app/hot-reloader-app.js:196
[  311104ms] [LOG] [Fast Refresh] done in 3ms @ webpack-internal:///(app-pages-browser)/../../node_modules/.pnpm/next@15.5.18_@babel+core@7.29.7_react-dom@19.2.6_react@19.2.6__react@19.2.6/node_modules/next/dist/client/dev/report-hmr-latency.js:13
[  311140ms] [LOG] [Fast Refresh] rebuilding @ webpack-internal:///(app-pages-browser)/../../node_modules/.pnpm/next@15.5.18_@babel+core@7.29.7_react-dom@19.2.6_react@19.2.6__react@19.2.6/node_modules/next/dist/client/dev/hot-reloader/app/hot-reloader-app.js:196
[  311149ms] [LOG] [Fast Refresh] done in 9ms @ webpack-internal:///(app-pages-browser)/../../node_modules/.pnpm/next@15.5.18_@babel+core@7.29.7_react-dom@19.2.6_react@19.2.6__react@19.2.6/node_modules/next/dist/client/dev/report-hmr-latency.js:13
[  311182ms] [LOG] [Fast Refresh] done in 42ms @ webpack-internal:///(app-pages-browser)/../../node_modules/.pnpm/next@15.5.18_@babel+core@7.29.7_react-dom@19.2.6_react@19.2.6__react@19.2.6/node_modules/next/dist/client/dev/report-hmr-latency.js:13
[  311183ms] [LOG] [Fast Refresh] rebuilding @ webpack-internal:///(app-pages-browser)/../../node_modules/.pnpm/next@15.5.18_@babel+core@7.29.7_react-dom@19.2.6_react@19.2.6__react@19.2.6/node_modules/next/dist/client/dev/hot-reloader/app/hot-reloader-app.js:196
[  311231ms] [LOG] [Fast Refresh] done in 49ms @ webpack-internal:///(app-pages-browser)/../../node_modules/.pnpm/next@15.5.18_@babel+core@7.29.7_react-dom@19.2.6_react@19.2.6__react@19.2.6/node_modules/next/dist/client/dev/report-hmr-latency.js:13
[  311233ms] [LOG] [Fast Refresh] rebuilding @ webpack-internal:///(app-pages-browser)/../../node_modules/.pnpm/next@15.5.18_@babel+core@7.29.7_react-dom@19.2.6_react@19.2.6__react@19.2.6/node_modules/next/dist/client/dev/hot-reloader/app/hot-reloader-app.js:196
[  311281ms] [LOG] [Fast Refresh] done in 47ms @ webpack-internal:///(app-pages-browser)/../../node_modules/.pnpm/next@15.5.18_@babel+core@7.29.7_react-dom@19.2.6_react@19.2.6__react@19.2.6/node_modules/next/dist/client/dev/report-hmr-latency.js:13
[  311283ms] [LOG] [Fast Refresh] rebuilding @ webpack-internal:///(app-pages-browser)/../../node_modules/.pnpm/next@15.5.18_@babel+core@7.29.7_react-dom@19.2.6_react@19.2.6__react@19.2.6/node_modules/next/dist/client/dev/hot-reloader/app/hot-reloader-app.js:196
[  311331ms] [LOG] [Fast Refresh] done in 49ms @ webpack-internal:///(app-pages-browser)/../../node_modules/.pnpm/next@15.5.18_@babel+core@7.29.7_react-dom@19.2.6_react@19.2.6__react@19.2.6/node_modules/next/dist/client/dev/report-hmr-latency.js:13
[  311334ms] [LOG] [Fast Refresh] rebuilding @ webpack-internal:///(app-pages-browser)/../../node_modules/.pnpm/next@15.5.18_@babel+core@7.29.7_react-dom@19.2.6_react@19.2.6__react@19.2.6/node_modules/next/dist/client/dev/hot-reloader/app/hot-reloader-app.js:196
[  311383ms] [LOG] [Fast Refresh] done in 49ms @ webpack-internal:///(app-pages-browser)/../../node_modules/.pnpm/next@15.5.18_@babel+core@7.29.7_react-dom@19.2.6_react@19.2.6__react@19.2.6/node_modules/next/dist/client/dev/report-hmr-latency.js:13
[  311383ms] [LOG] [Fast Refresh] rebuilding @ webpack-internal:///(app-pages-browser)/../../node_modules/.pnpm/next@15.5.18_@babel+core@7.29.7_react-dom@19.2.6_react@19.2.6__react@19.2.6/node_modules/next/dist/client/dev/hot-reloader/app/hot-reloader-app.js:196
[  311433ms] [LOG] [Fast Refresh] done in 49ms @ webpack-internal:///(app-pages-browser)/../../node_modules/.pnpm/next@15.5.18_@babel+core@7.29.7_react-dom@19.2.6_react@19.2.6__react@19.2.6/node_modules/next/dist/client/dev/report-hmr-latency.js:13
[  311433ms] [LOG] [Fast Refresh] rebuilding @ webpack-internal:///(app-pages-browser)/../../node_modules/.pnpm/next@15.5.18_@babel+core@7.29.7_react-dom@19.2.6_react@19.2.6__react@19.2.6/node_modules/next/dist/client/dev/hot-reloader/app/hot-reloader-app.js:196
[  311481ms] [LOG] [Fast Refresh] done in 47ms @ webpack-internal:///(app-pages-browser)/../../node_modules/.pnpm/next@15.5.18_@babel+core@7.29.7_react-dom@19.2.6_react@19.2.6__react@19.2.6/node_modules/next/dist/client/dev/report-hmr-latency.js:13
[  311484ms] [LOG] [Fast Refresh] rebuilding @ webpack-internal:///(app-pages-browser)/../../node_modules/.pnpm/next@15.5.18_@babel+core@7.29.7_react-dom@19.2.6_react@19.2.6__react@19.2.6/node_modules/next/dist/client/dev/hot-reloader/app/hot-reloader-app.js:196
[  311539ms] [LOG] [Fast Refresh] rebuilding @ webpack-internal:///(app-pages-browser)/../../node_modules/.pnpm/next@15.5.18_@babel+core@7.29.7_react-dom@19.2.6_react@19.2.6__react@19.2.6/node_modules/next/dist/client/dev/hot-reloader/app/hot-reloader-app.js:196
[  311542ms] [LOG] [Fast Refresh] done in 2ms @ webpack-internal:///(app-pages-browser)/../../node_modules/.pnpm/next@15.5.18_@babel+core@7.29.7_react-dom@19.2.6_react@19.2.6__react@19.2.6/node_modules/next/dist/client/dev/report-hmr-latency.js:13
[  311584ms] [LOG] [Fast Refresh] rebuilding @ webpack-internal:///(app-pages-browser)/../../node_modules/.pnpm/next@15.5.18_@babel+core@7.29.7_react-dom@19.2.6_react@19.2.6__react@19.2.6/node_modules/next/dist/client/dev/hot-reloader/app/hot-reloader-app.js:196
[  311587ms] [LOG] [Fast Refresh] done in 3ms @ webpack-internal:///(app-pages-browser)/../../node_modules/.pnpm/next@15.5.18_@babel+core@7.29.7_react-dom@19.2.6_react@19.2.6__react@19.2.6/node_modules/next/dist/client/dev/report-hmr-latency.js:13
[  311633ms] [LOG] [Fast Refresh] done in 48ms @ webpack-internal:///(app-pages-browser)/../../node_modules/.pnpm/next@15.5.18_@babel+core@7.29.7_react-dom@19.2.6_react@19.2.6__react@19.2.6/node_modules/next/dist/client/dev/report-hmr-latency.js:13
[  311634ms] [LOG] [Fast Refresh] rebuilding @ webpack-internal:///(app-pages-browser)/../../node_modules/.pnpm/next@15.5.18_@babel+core@7.29.7_react-dom@19.2.6_react@19.2.6__react@19.2.6/node_modules/next/dist/client/dev/hot-reloader/app/hot-reloader-app.js:196
[  311685ms] [LOG] [Fast Refresh] rebuilding @ webpack-internal:///(app-pages-browser)/../../node_modules/.pnpm/next@15.5.18_@babel+core@7.29.7_react-dom@19.2.6_react@19.2.6__react@19.2.6/node_modules/next/dist/client/dev/hot-reloader/app/hot-reloader-app.js:196
[  311688ms] [LOG] [Fast Refresh] done in 4ms @ webpack-internal:///(app-pages-browser)/../../node_modules/.pnpm/next@15.5.18_@babel+core@7.29.7_react-dom@19.2.6_react@19.2.6__react@19.2.6/node_modules/next/dist/client/dev/report-hmr-latency.js:13
[  311730ms] [LOG] [Fast Refresh] done in 45ms @ webpack-internal:///(app-pages-browser)/../../node_modules/.pnpm/next@15.5.18_@babel+core@7.29.7_react-dom@19.2.6_react@19.2.6__react@19.2.6/node_modules/next/dist/client/dev/report-hmr-latency.js:13
[  311735ms] [LOG] [Fast Refresh] rebuilding @ webpack-internal:///(app-pages-browser)/../../node_modules/.pnpm/next@15.5.18_@babel+core@7.29.7_react-dom@19.2.6_react@19.2.6__react@19.2.6/node_modules/next/dist/client/dev/hot-reloader/app/hot-reloader-app.js:196
[  311786ms] [LOG] [Fast Refresh] rebuilding @ webpack-internal:///(app-pages-browser)/../../node_modules/.pnpm/next@15.5.18_@babel+core@7.29.7_react-dom@19.2.6_react@19.2.6__react@19.2.6/node_modules/next/dist/client/dev/hot-reloader/app/hot-reloader-app.js:196
[  311788ms] [LOG] [Fast Refresh] done in 1ms @ webpack-internal:///(app-pages-browser)/../../node_modules/.pnpm/next@15.5.18_@babel+core@7.29.7_react-dom@19.2.6_react@19.2.6__react@19.2.6/node_modules/next/dist/client/dev/report-hmr-latency.js:13
[  311832ms] [LOG] [Fast Refresh] done in 46ms @ webpack-internal:///(app-pages-browser)/../../node_modules/.pnpm/next@15.5.18_@babel+core@7.29.7_react-dom@19.2.6_react@19.2.6__react@19.2.6/node_modules/next/dist/client/dev/report-hmr-latency.js:13
[  311837ms] [LOG] [Fast Refresh] rebuilding @ webpack-internal:///(app-pages-browser)/../../node_modules/.pnpm/next@15.5.18_@babel+core@7.29.7_react-dom@19.2.6_react@19.2.6__react@19.2.6/node_modules/next/dist/client/dev/hot-reloader/app/hot-reloader-app.js:196
[  311883ms] [LOG] [Fast Refresh] done in 46ms @ webpack-internal:///(app-pages-browser)/../../node_modules/.pnpm/next@15.5.18_@babel+core@7.29.7_react-dom@19.2.6_react@19.2.6__react@19.2.6/node_modules/next/dist/client/dev/report-hmr-latency.js:13
[  311887ms] [LOG] [Fast Refresh] rebuilding @ webpack-internal:///(app-pages-browser)/../../node_modules/.pnpm/next@15.5.18_@babel+core@7.29.7_react-dom@19.2.6_react@19.2.6__react@19.2.6/node_modules/next/dist/client/dev/hot-reloader/app/hot-reloader-app.js:196
[  311933ms] [LOG] [Fast Refresh] done in 47ms @ webpack-internal:///(app-pages-browser)/../../node_modules/.pnpm/next@15.5.18_@babel+core@7.29.7_react-dom@19.2.6_react@19.2.6__react@19.2.6/node_modules/next/dist/client/dev/report-hmr-latency.js:13
[  311937ms] [LOG] [Fast Refresh] rebuilding @ webpack-internal:///(app-pages-browser)/../../node_modules/.pnpm/next@15.5.18_@babel+core@7.29.7_react-dom@19.2.6_react@19.2.6__react@19.2.6/node_modules/next/dist/client/dev/hot-reloader/app/hot-reloader-app.js:196
[  311980ms] [LOG] [Fast Refresh] done in 42ms @ webpack-internal:///(app-pages-browser)/../../node_modules/.pnpm/next@15.5.18_@babel+core@7.29.7_react-dom@19.2.6_react@19.2.6__react@19.2.6/node_modules/next/dist/client/dev/report-hmr-latency.js:13
[  311987ms] [LOG] [Fast Refresh] rebuilding @ webpack-internal:///(app-pages-browser)/../../node_modules/.pnpm/next@15.5.18_@babel+core@7.29.7_react-dom@19.2.6_react@19.2.6__react@19.2.6/node_modules/next/dist/client/dev/hot-reloader/app/hot-reloader-app.js:196
[  312033ms] [LOG] [Fast Refresh] done in 45ms @ webpack-internal:///(app-pages-browser)/../../node_modules/.pnpm/next@15.5.18_@babel+core@7.29.7_react-dom@19.2.6_react@19.2.6__react@19.2.6/node_modules/next/dist/client/dev/report-hmr-latency.js:13
[  312037ms] [LOG] [Fast Refresh] rebuilding @ webpack-internal:///(app-pages-browser)/../../node_modules/.pnpm/next@15.5.18_@babel+core@7.29.7_react-dom@19.2.6_react@19.2.6__react@19.2.6/node_modules/next/dist/client/dev/hot-reloader/app/hot-reloader-app.js:196
[  312084ms] [LOG] [Fast Refresh] done in 47ms @ webpack-internal:///(app-pages-browser)/../../node_modules/.pnpm/next@15.5.18_@babel+core@7.29.7_react-dom@19.2.6_react@19.2.6__react@19.2.6/node_modules/next/dist/client/dev/report-hmr-latency.js:13
[  312088ms] [LOG] [Fast Refresh] rebuilding @ webpack-internal:///(app-pages-browser)/../../node_modules/.pnpm/next@15.5.18_@babel+core@7.29.7_react-dom@19.2.6_react@19.2.6__react@19.2.6/node_modules/next/dist/client/dev/hot-reloader/app/hot-reloader-app.js:196
[  312139ms] [LOG] [Fast Refresh] rebuilding @ webpack-internal:///(app-pages-browser)/../../node_modules/.pnpm/next@15.5.18_@babel+core@7.29.7_react-dom@19.2.6_react@19.2.6__react@19.2.6/node_modules/next/dist/client/dev/hot-reloader/app/hot-reloader-app.js:196
[  312140ms] [LOG] [Fast Refresh] done in 2ms @ webpack-internal:///(app-pages-browser)/../../node_modules/.pnpm/next@15.5.18_@babel+core@7.29.7_react-dom@19.2.6_react@19.2.6__react@19.2.6/node_modules/next/dist/client/dev/report-hmr-latency.js:13
[  312212ms] [LOG] [Fast Refresh] rebuilding @ webpack-internal:///(app-pages-browser)/../../node_modules/.pnpm/next@15.5.18_@babel+core@7.29.7_react-dom@19.2.6_react@19.2.6__react@19.2.6/node_modules/next/dist/client/dev/hot-reloader/app/hot-reloader-app.js:196
[  312215ms] [LOG] [Fast Refresh] done in 2ms @ webpack-internal:///(app-pages-browser)/../../node_modules/.pnpm/next@15.5.18_@babel+core@7.29.7_react-dom@19.2.6_react@19.2.6__react@19.2.6/node_modules/next/dist/client/dev/report-hmr-latency.js:13
[  312257ms] [LOG] [Fast Refresh] rebuilding @ webpack-internal:///(app-pages-browser)/../../node_modules/.pnpm/next@15.5.18_@babel+core@7.29.7_react-dom@19.2.6_react@19.2.6__react@19.2.6/node_modules/next/dist/client/dev/hot-reloader/app/hot-reloader-app.js:196
[  312260ms] [LOG] [Fast Refresh] done in 2ms @ webpack-internal:///(app-pages-browser)/../../node_modules/.pnpm/next@15.5.18_@babel+core@7.29.7_react-dom@19.2.6_react@19.2.6__react@19.2.6/node_modules/next/dist/client/dev/report-hmr-latency.js:13
[  312304ms] [LOG] [Fast Refresh] rebuilding @ webpack-internal:///(app-pages-browser)/../../node_modules/.pnpm/next@15.5.18_@babel+core@7.29.7_react-dom@19.2.6_react@19.2.6__react@19.2.6/node_modules/next/dist/client/dev/hot-reloader/app/hot-reloader-app.js:196
[  312306ms] [LOG] [Fast Refresh] done in 2ms @ webpack-internal:///(app-pages-browser)/../../node_modules/.pnpm/next@15.5.18_@babel+core@7.29.7_react-dom@19.2.6_react@19.2.6__react@19.2.6/node_modules/next/dist/client/dev/report-hmr-latency.js:13
[  312345ms] [LOG] [Fast Refresh] rebuilding @ webpack-internal:///(app-pages-browser)/../../node_modules/.pnpm/next@15.5.18_@babel+core@7.29.7_react-dom@19.2.6_react@19.2.6__react@19.2.6/node_modules/next/dist/client/dev/hot-reloader/app/hot-reloader-app.js:196
[  312355ms] [LOG] [Fast Refresh] done in 9ms @ webpack-internal:///(app-pages-browser)/../../node_modules/.pnpm/next@15.5.18_@babel+core@7.29.7_react-dom@19.2.6_react@19.2.6__react@19.2.6/node_modules/next/dist/client/dev/report-hmr-latency.js:13
[  312390ms] [LOG] [Fast Refresh] done in 45ms @ webpack-internal:///(app-pages-browser)/../../node_modules/.pnpm/next@15.5.18_@babel+core@7.29.7_react-dom@19.2.6_react@19.2.6__react@19.2.6/node_modules/next/dist/client/dev/report-hmr-latency.js:13
[  312393ms] [LOG] [Fast Refresh] rebuilding @ webpack-internal:///(app-pages-browser)/../../node_modules/.pnpm/next@15.5.18_@babel+core@7.29.7_react-dom@19.2.6_react@19.2.6__react@19.2.6/node_modules/next/dist/client/dev/hot-reloader/app/hot-reloader-app.js:196
[  312441ms] [LOG] [Fast Refresh] done in 48ms @ webpack-internal:///(app-pages-browser)/../../node_modules/.pnpm/next@15.5.18_@babel+core@7.29.7_react-dom@19.2.6_react@19.2.6__react@19.2.6/node_modules/next/dist/client/dev/report-hmr-latency.js:13
[  312443ms] [LOG] [Fast Refresh] rebuilding @ webpack-internal:///(app-pages-browser)/../../node_modules/.pnpm/next@15.5.18_@babel+core@7.29.7_react-dom@19.2.6_react@19.2.6__react@19.2.6/node_modules/next/dist/client/dev/hot-reloader/app/hot-reloader-app.js:196
[  312491ms] [LOG] [Fast Refresh] done in 48ms @ webpack-internal:///(app-pages-browser)/../../node_modules/.pnpm/next@15.5.18_@babel+core@7.29.7_react-dom@19.2.6_react@19.2.6__react@19.2.6/node_modules/next/dist/client/dev/report-hmr-latency.js:13
[  312493ms] [LOG] [Fast Refresh] rebuilding @ webpack-internal:///(app-pages-browser)/../../node_modules/.pnpm/next@15.5.18_@babel+core@7.29.7_react-dom@19.2.6_react@19.2.6__react@19.2.6/node_modules/next/dist/client/dev/hot-reloader/app/hot-reloader-app.js:196
[  312540ms] [LOG] [Fast Refresh] done in 48ms @ webpack-internal:///(app-pages-browser)/../../node_modules/.pnpm/next@15.5.18_@babel+core@7.29.7_react-dom@19.2.6_react@19.2.6__react@19.2.6/node_modules/next/dist/client/dev/report-hmr-latency.js:13
[  312543ms] [LOG] [Fast Refresh] rebuilding @ webpack-internal:///(app-pages-browser)/../../node_modules/.pnpm/next@15.5.18_@babel+core@7.29.7_react-dom@19.2.6_react@19.2.6__react@19.2.6/node_modules/next/dist/client/dev/hot-reloader/app/hot-reloader-app.js:196
[  312591ms] [LOG] [Fast Refresh] done in 48ms @ webpack-internal:///(app-pages-browser)/../../node_modules/.pnpm/next@15.5.18_@babel+core@7.29.7_react-dom@19.2.6_react@19.2.6__react@19.2.6/node_modules/next/dist/client/dev/report-hmr-latency.js:13
[  312593ms] [LOG] [Fast Refresh] rebuilding @ webpack-internal:///(app-pages-browser)/../../node_modules/.pnpm/next@15.5.18_@babel+core@7.29.7_react-dom@19.2.6_react@19.2.6__react@19.2.6/node_modules/next/dist/client/dev/hot-reloader/app/hot-reloader-app.js:196
[  312640ms] [LOG] [Fast Refresh] done in 47ms @ webpack-internal:///(app-pages-browser)/../../node_modules/.pnpm/next@15.5.18_@babel+core@7.29.7_react-dom@19.2.6_react@19.2.6__react@19.2.6/node_modules/next/dist/client/dev/report-hmr-latency.js:13
[  312644ms] [LOG] [Fast Refresh] rebuilding @ webpack-internal:///(app-pages-browser)/../../node_modules/.pnpm/next@15.5.18_@babel+core@7.29.7_react-dom@19.2.6_react@19.2.6__react@19.2.6/node_modules/next/dist/client/dev/hot-reloader/app/hot-reloader-app.js:196
[  312693ms] [LOG] [Fast Refresh] done in 50ms @ webpack-internal:///(app-pages-browser)/../../node_modules/.pnpm/next@15.5.18_@babel+core@7.29.7_react-dom@19.2.6_react@19.2.6__react@19.2.6/node_modules/next/dist/client/dev/report-hmr-latency.js:13
[  312694ms] [LOG] [Fast Refresh] rebuilding @ webpack-internal:///(app-pages-browser)/../../node_modules/.pnpm/next@15.5.18_@babel+core@7.29.7_react-dom@19.2.6_react@19.2.6__react@19.2.6/node_modules/next/dist/client/dev/hot-reloader/app/hot-reloader-app.js:196
[  312740ms] [LOG] [Fast Refresh] done in 46ms @ webpack-internal:///(app-pages-browser)/../../node_modules/.pnpm/next@15.5.18_@babel+core@7.29.7_react-dom@19.2.6_react@19.2.6__react@19.2.6/node_modules/next/dist/client/dev/report-hmr-latency.js:13
[  312745ms] [LOG] [Fast Refresh] rebuilding @ webpack-internal:///(app-pages-browser)/../../node_modules/.pnpm/next@15.5.18_@babel+core@7.29.7_react-dom@19.2.6_react@19.2.6__react@19.2.6/node_modules/next/dist/client/dev/hot-reloader/app/hot-reloader-app.js:196
[  312791ms] [LOG] [Fast Refresh] done in 47ms @ webpack-internal:///(app-pages-browser)/../../node_modules/.pnpm/next@15.5.18_@babel+core@7.29.7_react-dom@19.2.6_react@19.2.6__react@19.2.6/node_modules/next/dist/client/dev/report-hmr-latency.js:13
[  312795ms] [LOG] [Fast Refresh] rebuilding @ webpack-internal:///(app-pages-browser)/../../node_modules/.pnpm/next@15.5.18_@babel+core@7.29.7_react-dom@19.2.6_react@19.2.6__react@19.2.6/node_modules/next/dist/client/dev/hot-reloader/app/hot-reloader-app.js:196
[  312842ms] [LOG] [Fast Refresh] done in 47ms @ webpack-internal:///(app-pages-browser)/../../node_modules/.pnpm/next@15.5.18_@babel+core@7.29.7_react-dom@19.2.6_react@19.2.6__react@19.2.6/node_modules/next/dist/client/dev/report-hmr-latency.js:13
[  312844ms] [LOG] [Fast Refresh] rebuilding @ webpack-internal:///(app-pages-browser)/../../node_modules/.pnpm/next@15.5.18_@babel+core@7.29.7_react-dom@19.2.6_react@19.2.6__react@19.2.6/node_modules/next/dist/client/dev/hot-reloader/app/hot-reloader-app.js:196
[  312892ms] [LOG] [Fast Refresh] done in 47ms @ webpack-internal:///(app-pages-browser)/../../node_modules/.pnpm/next@15.5.18_@babel+core@7.29.7_react-dom@19.2.6_react@19.2.6__react@19.2.6/node_modules/next/dist/client/dev/report-hmr-latency.js:13
[  312895ms] [LOG] [Fast Refresh] rebuilding @ webpack-internal:///(app-pages-browser)/../../node_modules/.pnpm/next@15.5.18_@babel+core@7.29.7_react-dom@19.2.6_react@19.2.6__react@19.2.6/node_modules/next/dist/client/dev/hot-reloader/app/hot-reloader-app.js:196
[  312945ms] [LOG] [Fast Refresh] rebuilding @ webpack-internal:///(app-pages-browser)/../../node_modules/.pnpm/next@15.5.18_@babel+core@7.29.7_react-dom@19.2.6_react@19.2.6__react@19.2.6/node_modules/next/dist/client/dev/hot-reloader/app/hot-reloader-app.js:196
[  312947ms] [LOG] [Fast Refresh] done in 2ms @ webpack-internal:///(app-pages-browser)/../../node_modules/.pnpm/next@15.5.18_@babel+core@7.29.7_react-dom@19.2.6_react@19.2.6__react@19.2.6/node_modules/next/dist/client/dev/report-hmr-latency.js:13
[  313021ms] [LOG] [Fast Refresh] rebuilding @ webpack-internal:///(app-pages-browser)/../../node_modules/.pnpm/next@15.5.18_@babel+core@7.29.7_react-dom@19.2.6_react@19.2.6__react@19.2.6/node_modules/next/dist/client/dev/hot-reloader/app/hot-reloader-app.js:196
[  313036ms] [LOG] [Fast Refresh] done in 16ms @ webpack-internal:///(app-pages-browser)/../../node_modules/.pnpm/next@15.5.18_@babel+core@7.29.7_react-dom@19.2.6_react@19.2.6__react@19.2.6/node_modules/next/dist/client/dev/report-hmr-latency.js:13
[  313042ms] [LOG] [Fast Refresh] done in 21ms @ webpack-internal:///(app-pages-browser)/../../node_modules/.pnpm/next@15.5.18_@babel+core@7.29.7_react-dom@19.2.6_react@19.2.6__react@19.2.6/node_modules/next/dist/client/dev/report-hmr-latency.js:13
[  313045ms] [LOG] [Fast Refresh] rebuilding @ webpack-internal:///(app-pages-browser)/../../node_modules/.pnpm/next@15.5.18_@babel+core@7.29.7_react-dom@19.2.6_react@19.2.6__react@19.2.6/node_modules/next/dist/client/dev/hot-reloader/app/hot-reloader-app.js:196
[  313096ms] [LOG] [Fast Refresh] rebuilding @ webpack-internal:///(app-pages-browser)/../../node_modules/.pnpm/next@15.5.18_@babel+core@7.29.7_react-dom@19.2.6_react@19.2.6__react@19.2.6/node_modules/next/dist/client/dev/hot-reloader/app/hot-reloader-app.js:196
[  313099ms] [LOG] [Fast Refresh] done in 2ms @ webpack-internal:///(app-pages-browser)/../../node_modules/.pnpm/next@15.5.18_@babel+core@7.29.7_react-dom@19.2.6_react@19.2.6__react@19.2.6/node_modules/next/dist/client/dev/report-hmr-latency.js:13
[  313138ms] [LOG] [Fast Refresh] done in 41ms @ webpack-internal:///(app-pages-browser)/../../node_modules/.pnpm/next@15.5.18_@babel+core@7.29.7_react-dom@19.2.6_react@19.2.6__react@19.2.6/node_modules/next/dist/client/dev/report-hmr-latency.js:13
[  313145ms] [LOG] [Fast Refresh] rebuilding @ webpack-internal:///(app-pages-browser)/../../node_modules/.pnpm/next@15.5.18_@babel+core@7.29.7_react-dom@19.2.6_react@19.2.6__react@19.2.6/node_modules/next/dist/client/dev/hot-reloader/app/hot-reloader-app.js:196
[  313191ms] [LOG] [Fast Refresh] done in 46ms @ webpack-internal:///(app-pages-browser)/../../node_modules/.pnpm/next@15.5.18_@babel+core@7.29.7_react-dom@19.2.6_react@19.2.6__react@19.2.6/node_modules/next/dist/client/dev/report-hmr-latency.js:13
[  313196ms] [LOG] [Fast Refresh] rebuilding @ webpack-internal:///(app-pages-browser)/../../node_modules/.pnpm/next@15.5.18_@babel+core@7.29.7_react-dom@19.2.6_react@19.2.6__react@19.2.6/node_modules/next/dist/client/dev/hot-reloader/app/hot-reloader-app.js:196
[  313291ms] [LOG] [Fast Refresh] rebuilding @ webpack-internal:///(app-pages-browser)/../../node_modules/.pnpm/next@15.5.18_@babel+core@7.29.7_react-dom@19.2.6_react@19.2.6__react@19.2.6/node_modules/next/dist/client/dev/hot-reloader/app/hot-reloader-app.js:196
[  313295ms] [LOG] [Fast Refresh] done in 4ms @ webpack-internal:///(app-pages-browser)/../../node_modules/.pnpm/next@15.5.18_@babel+core@7.29.7_react-dom@19.2.6_react@19.2.6__react@19.2.6/node_modules/next/dist/client/dev/report-hmr-latency.js:13
[  313349ms] [LOG] [Fast Refresh] rebuilding @ webpack-internal:///(app-pages-browser)/../../node_modules/.pnpm/next@15.5.18_@babel+core@7.29.7_react-dom@19.2.6_react@19.2.6__react@19.2.6/node_modules/next/dist/client/dev/hot-reloader/app/hot-reloader-app.js:196
[  313354ms] [LOG] [Fast Refresh] done in 5ms @ webpack-internal:///(app-pages-browser)/../../node_modules/.pnpm/next@15.5.18_@babel+core@7.29.7_react-dom@19.2.6_react@19.2.6__react@19.2.6/node_modules/next/dist/client/dev/report-hmr-latency.js:13
[  313428ms] [LOG] [Fast Refresh] rebuilding @ webpack-internal:///(app-pages-browser)/../../node_modules/.pnpm/next@15.5.18_@babel+core@7.29.7_react-dom@19.2.6_react@19.2.6__react@19.2.6/node_modules/next/dist/client/dev/hot-reloader/app/hot-reloader-app.js:196
[  313431ms] [LOG] [Fast Refresh] done in 3ms @ webpack-internal:///(app-pages-browser)/../../node_modules/.pnpm/next@15.5.18_@babel+core@7.29.7_react-dom@19.2.6_react@19.2.6__react@19.2.6/node_modules/next/dist/client/dev/report-hmr-latency.js:13
[  313472ms] [LOG] [Fast Refresh] rebuilding @ webpack-internal:///(app-pages-browser)/../../node_modules/.pnpm/next@15.5.18_@babel+core@7.29.7_react-dom@19.2.6_react@19.2.6__react@19.2.6/node_modules/next/dist/client/dev/hot-reloader/app/hot-reloader-app.js:196
[  313475ms] [LOG] [Fast Refresh] done in 3ms @ webpack-internal:///(app-pages-browser)/../../node_modules/.pnpm/next@15.5.18_@babel+core@7.29.7_react-dom@19.2.6_react@19.2.6__react@19.2.6/node_modules/next/dist/client/dev/report-hmr-latency.js:13
[  313516ms] [LOG] [Fast Refresh] rebuilding @ webpack-internal:///(app-pages-browser)/../../node_modules/.pnpm/next@15.5.18_@babel+core@7.29.7_react-dom@19.2.6_react@19.2.6__react@19.2.6/node_modules/next/dist/client/dev/hot-reloader/app/hot-reloader-app.js:196
[  313519ms] [LOG] [Fast Refresh] done in 2ms @ webpack-internal:///(app-pages-browser)/../../node_modules/.pnpm/next@15.5.18_@babel+core@7.29.7_react-dom@19.2.6_react@19.2.6__react@19.2.6/node_modules/next/dist/client/dev/report-hmr-latency.js:13
[  313560ms] [LOG] [Fast Refresh] rebuilding @ webpack-internal:///(app-pages-browser)/../../node_modules/.pnpm/next@15.5.18_@babel+core@7.29.7_react-dom@19.2.6_react@19.2.6__react@19.2.6/node_modules/next/dist/client/dev/hot-reloader/app/hot-reloader-app.js:196
[  313563ms] [LOG] [Fast Refresh] done in 2ms @ webpack-internal:///(app-pages-browser)/../../node_modules/.pnpm/next@15.5.18_@babel+core@7.29.7_react-dom@19.2.6_react@19.2.6__react@19.2.6/node_modules/next/dist/client/dev/report-hmr-latency.js:13
[  313606ms] [LOG] [Fast Refresh] rebuilding @ webpack-internal:///(app-pages-browser)/../../node_modules/.pnpm/next@15.5.18_@babel+core@7.29.7_react-dom@19.2.6_react@19.2.6__react@19.2.6/node_modules/next/dist/client/dev/hot-reloader/app/hot-reloader-app.js:196
[  313608ms] [LOG] [Fast Refresh] done in 2ms @ webpack-internal:///(app-pages-browser)/../../node_modules/.pnpm/next@15.5.18_@babel+core@7.29.7_react-dom@19.2.6_react@19.2.6__react@19.2.6/node_modules/next/dist/client/dev/report-hmr-latency.js:13
[  313651ms] [LOG] [Fast Refresh] rebuilding @ webpack-internal:///(app-pages-browser)/../../node_modules/.pnpm/next@15.5.18_@babel+core@7.29.7_react-dom@19.2.6_react@19.2.6__react@19.2.6/node_modules/next/dist/client/dev/hot-reloader/app/hot-reloader-app.js:196
[  313652ms] [LOG] [Fast Refresh] done in 2ms @ webpack-internal:///(app-pages-browser)/../../node_modules/.pnpm/next@15.5.18_@babel+core@7.29.7_react-dom@19.2.6_react@19.2.6__react@19.2.6/node_modules/next/dist/client/dev/report-hmr-latency.js:13
[  313698ms] [LOG] [Fast Refresh] done in 47ms @ webpack-internal:///(app-pages-browser)/../../node_modules/.pnpm/next@15.5.18_@babel+core@7.29.7_react-dom@19.2.6_react@19.2.6__react@19.2.6/node_modules/next/dist/client/dev/report-hmr-latency.js:13
[  313701ms] [LOG] [Fast Refresh] rebuilding @ webpack-internal:///(app-pages-browser)/../../node_modules/.pnpm/next@15.5.18_@babel+core@7.29.7_react-dom@19.2.6_react@19.2.6__react@19.2.6/node_modules/next/dist/client/dev/hot-reloader/app/hot-reloader-app.js:196
[  313750ms] [LOG] [Fast Refresh] done in 49ms @ webpack-internal:///(app-pages-browser)/../../node_modules/.pnpm/next@15.5.18_@babel+core@7.29.7_react-dom@19.2.6_react@19.2.6__react@19.2.6/node_modules/next/dist/client/dev/report-hmr-latency.js:13
[  313751ms] [LOG] [Fast Refresh] rebuilding @ webpack-internal:///(app-pages-browser)/../../node_modules/.pnpm/next@15.5.18_@babel+core@7.29.7_react-dom@19.2.6_react@19.2.6__react@19.2.6/node_modules/next/dist/client/dev/hot-reloader/app/hot-reloader-app.js:196
[  313796ms] [LOG] [Fast Refresh] done in 46ms @ webpack-internal:///(app-pages-browser)/../../node_modules/.pnpm/next@15.5.18_@babel+core@7.29.7_react-dom@19.2.6_react@19.2.6__react@19.2.6/node_modules/next/dist/client/dev/report-hmr-latency.js:13
[  313801ms] [LOG] [Fast Refresh] rebuilding @ webpack-internal:///(app-pages-browser)/../../node_modules/.pnpm/next@15.5.18_@babel+core@7.29.7_react-dom@19.2.6_react@19.2.6__react@19.2.6/node_modules/next/dist/client/dev/hot-reloader/app/hot-reloader-app.js:196
[  313848ms] [LOG] [Fast Refresh] done in 47ms @ webpack-internal:///(app-pages-browser)/../../node_modules/.pnpm/next@15.5.18_@babel+core@7.29.7_react-dom@19.2.6_react@19.2.6__react@19.2.6/node_modules/next/dist/client/dev/report-hmr-latency.js:13
[  313852ms] [LOG] [Fast Refresh] rebuilding @ webpack-internal:///(app-pages-browser)/../../node_modules/.pnpm/next@15.5.18_@babel+core@7.29.7_react-dom@19.2.6_react@19.2.6__react@19.2.6/node_modules/next/dist/client/dev/hot-reloader/app/hot-reloader-app.js:196
[  313901ms] [LOG] [Fast Refresh] done in 50ms @ webpack-internal:///(app-pages-browser)/../../node_modules/.pnpm/next@15.5.18_@babel+core@7.29.7_react-dom@19.2.6_react@19.2.6__react@19.2.6/node_modules/next/dist/client/dev/report-hmr-latency.js:13
[  313902ms] [LOG] [Fast Refresh] rebuilding @ webpack-internal:///(app-pages-browser)/../../node_modules/.pnpm/next@15.5.18_@babel+core@7.29.7_react-dom@19.2.6_react@19.2.6__react@19.2.6/node_modules/next/dist/client/dev/hot-reloader/app/hot-reloader-app.js:196
[  313948ms] [LOG] [Fast Refresh] done in 47ms @ webpack-internal:///(app-pages-browser)/../../node_modules/.pnpm/next@15.5.18_@babel+core@7.29.7_react-dom@19.2.6_react@19.2.6__react@19.2.6/node_modules/next/dist/client/dev/report-hmr-latency.js:13
[  313952ms] [LOG] [Fast Refresh] rebuilding @ webpack-internal:///(app-pages-browser)/../../node_modules/.pnpm/next@15.5.18_@babel+core@7.29.7_react-dom@19.2.6_react@19.2.6__react@19.2.6/node_modules/next/dist/client/dev/hot-reloader/app/hot-reloader-app.js:196
[  313999ms] [LOG] [Fast Refresh] done in 47ms @ webpack-internal:///(app-pages-browser)/../../node_modules/.pnpm/next@15.5.18_@babel+core@7.29.7_react-dom@19.2.6_react@19.2.6__react@19.2.6/node_modules/next/dist/client/dev/report-hmr-latency.js:13
[  314002ms] [LOG] [Fast Refresh] rebuilding @ webpack-internal:///(app-pages-browser)/../../node_modules/.pnpm/next@15.5.18_@babel+core@7.29.7_react-dom@19.2.6_react@19.2.6__react@19.2.6/node_modules/next/dist/client/dev/hot-reloader/app/hot-reloader-app.js:196
[  314053ms] [LOG] [Fast Refresh] done in 50ms @ webpack-internal:///(app-pages-browser)/../../node_modules/.pnpm/next@15.5.18_@babel+core@7.29.7_react-dom@19.2.6_react@19.2.6__react@19.2.6/node_modules/next/dist/client/dev/report-hmr-latency.js:13
[  314053ms] [LOG] [Fast Refresh] rebuilding @ webpack-internal:///(app-pages-browser)/../../node_modules/.pnpm/next@15.5.18_@babel+core@7.29.7_react-dom@19.2.6_react@19.2.6__react@19.2.6/node_modules/next/dist/client/dev/hot-reloader/app/hot-reloader-app.js:196
[  314109ms] [LOG] [Fast Refresh] rebuilding @ webpack-internal:///(app-pages-browser)/../../node_modules/.pnpm/next@15.5.18_@babel+core@7.29.7_react-dom@19.2.6_react@19.2.6__react@19.2.6/node_modules/next/dist/client/dev/hot-reloader/app/hot-reloader-app.js:196
[  314112ms] [LOG] [Fast Refresh] done in 2ms @ webpack-internal:///(app-pages-browser)/../../node_modules/.pnpm/next@15.5.18_@babel+core@7.29.7_react-dom@19.2.6_react@19.2.6__react@19.2.6/node_modules/next/dist/client/dev/report-hmr-latency.js:13
[  314153ms] [LOG] [Fast Refresh] rebuilding @ webpack-internal:///(app-pages-browser)/../../node_modules/.pnpm/next@15.5.18_@babel+core@7.29.7_react-dom@19.2.6_react@19.2.6__react@19.2.6/node_modules/next/dist/client/dev/hot-reloader/app/hot-reloader-app.js:196
[  314154ms] [LOG] [Fast Refresh] done in 0ms @ webpack-internal:///(app-pages-browser)/../../node_modules/.pnpm/next@15.5.18_@babel+core@7.29.7_react-dom@19.2.6_react@19.2.6__react@19.2.6/node_modules/next/dist/client/dev/report-hmr-latency.js:13
[  314202ms] [LOG] [Fast Refresh] done in 49ms @ webpack-internal:///(app-pages-browser)/../../node_modules/.pnpm/next@15.5.18_@babel+core@7.29.7_react-dom@19.2.6_react@19.2.6__react@19.2.6/node_modules/next/dist/client/dev/report-hmr-latency.js:13
[  314203ms] [LOG] [Fast Refresh] rebuilding @ webpack-internal:///(app-pages-browser)/../../node_modules/.pnpm/next@15.5.18_@babel+core@7.29.7_react-dom@19.2.6_react@19.2.6__react@19.2.6/node_modules/next/dist/client/dev/hot-reloader/app/hot-reloader-app.js:196
[  314249ms] [LOG] [Fast Refresh] done in 46ms @ webpack-internal:///(app-pages-browser)/../../node_modules/.pnpm/next@15.5.18_@babel+core@7.29.7_react-dom@19.2.6_react@19.2.6__react@19.2.6/node_modules/next/dist/client/dev/report-hmr-latency.js:13
[  314254ms] [LOG] [Fast Refresh] rebuilding @ webpack-internal:///(app-pages-browser)/../../node_modules/.pnpm/next@15.5.18_@babel+core@7.29.7_react-dom@19.2.6_react@19.2.6__react@19.2.6/node_modules/next/dist/client/dev/hot-reloader/app/hot-reloader-app.js:196
[  314302ms] [LOG] [Fast Refresh] done in 49ms @ webpack-internal:///(app-pages-browser)/../../node_modules/.pnpm/next@15.5.18_@babel+core@7.29.7_react-dom@19.2.6_react@19.2.6__react@19.2.6/node_modules/next/dist/client/dev/report-hmr-latency.js:13
[  314304ms] [LOG] [Fast Refresh] rebuilding @ webpack-internal:///(app-pages-browser)/../../node_modules/.pnpm/next@15.5.18_@babel+core@7.29.7_react-dom@19.2.6_react@19.2.6__react@19.2.6/node_modules/next/dist/client/dev/hot-reloader/app/hot-reloader-app.js:196
[  314352ms] [LOG] [Fast Refresh] done in 48ms @ webpack-internal:///(app-pages-browser)/../../node_modules/.pnpm/next@15.5.18_@babel+core@7.29.7_react-dom@19.2.6_react@19.2.6__react@19.2.6/node_modules/next/dist/client/dev/report-hmr-latency.js:13
[  314354ms] [LOG] [Fast Refresh] rebuilding @ webpack-internal:///(app-pages-browser)/../../node_modules/.pnpm/next@15.5.18_@babel+core@7.29.7_react-dom@19.2.6_react@19.2.6__react@19.2.6/node_modules/next/dist/client/dev/hot-reloader/app/hot-reloader-app.js:196
[  314404ms] [LOG] [Fast Refresh] done in 50ms @ webpack-internal:///(app-pages-browser)/../../node_modules/.pnpm/next@15.5.18_@babel+core@7.29.7_react-dom@19.2.6_react@19.2.6__react@19.2.6/node_modules/next/dist/client/dev/report-hmr-latency.js:13
[  314404ms] [LOG] [Fast Refresh] rebuilding @ webpack-internal:///(app-pages-browser)/../../node_modules/.pnpm/next@15.5.18_@babel+core@7.29.7_react-dom@19.2.6_react@19.2.6__react@19.2.6/node_modules/next/dist/client/dev/hot-reloader/app/hot-reloader-app.js:196
[  314454ms] [LOG] [Fast Refresh] done in 50ms @ webpack-internal:///(app-pages-browser)/../../node_modules/.pnpm/next@15.5.18_@babel+core@7.29.7_react-dom@19.2.6_react@19.2.6__react@19.2.6/node_modules/next/dist/client/dev/report-hmr-latency.js:13
[  314455ms] [LOG] [Fast Refresh] rebuilding @ webpack-internal:///(app-pages-browser)/../../node_modules/.pnpm/next@15.5.18_@babel+core@7.29.7_react-dom@19.2.6_react@19.2.6__react@19.2.6/node_modules/next/dist/client/dev/hot-reloader/app/hot-reloader-app.js:196
[  314502ms] [LOG] [Fast Refresh] done in 47ms @ webpack-internal:///(app-pages-browser)/../../node_modules/.pnpm/next@15.5.18_@babel+core@7.29.7_react-dom@19.2.6_react@19.2.6__react@19.2.6/node_modules/next/dist/client/dev/report-hmr-latency.js:13
[  314505ms] [LOG] [Fast Refresh] rebuilding @ webpack-internal:///(app-pages-browser)/../../node_modules/.pnpm/next@15.5.18_@babel+core@7.29.7_react-dom@19.2.6_react@19.2.6__react@19.2.6/node_modules/next/dist/client/dev/hot-reloader/app/hot-reloader-app.js:196
[  314576ms] [LOG] [Fast Refresh] rebuilding @ webpack-internal:///(app-pages-browser)/../../node_modules/.pnpm/next@15.5.18_@babel+core@7.29.7_react-dom@19.2.6_react@19.2.6__react@19.2.6/node_modules/next/dist/client/dev/hot-reloader/app/hot-reloader-app.js:196
[  314579ms] [LOG] [Fast Refresh] done in 3ms @ webpack-internal:///(app-pages-browser)/../../node_modules/.pnpm/next@15.5.18_@babel+core@7.29.7_react-dom@19.2.6_react@19.2.6__react@19.2.6/node_modules/next/dist/client/dev/report-hmr-latency.js:13
[  314620ms] [LOG] [Fast Refresh] rebuilding @ webpack-internal:///(app-pages-browser)/../../node_modules/.pnpm/next@15.5.18_@babel+core@7.29.7_react-dom@19.2.6_react@19.2.6__react@19.2.6/node_modules/next/dist/client/dev/hot-reloader/app/hot-reloader-app.js:196
[  314623ms] [LOG] [Fast Refresh] done in 2ms @ webpack-internal:///(app-pages-browser)/../../node_modules/.pnpm/next@15.5.18_@babel+core@7.29.7_react-dom@19.2.6_react@19.2.6__react@19.2.6/node_modules/next/dist/client/dev/report-hmr-latency.js:13
[  314665ms] [LOG] [Fast Refresh] rebuilding @ webpack-internal:///(app-pages-browser)/../../node_modules/.pnpm/next@15.5.18_@babel+core@7.29.7_react-dom@19.2.6_react@19.2.6__react@19.2.6/node_modules/next/dist/client/dev/hot-reloader/app/hot-reloader-app.js:196
[  314668ms] [LOG] [Fast Refresh] done in 3ms @ webpack-internal:///(app-pages-browser)/../../node_modules/.pnpm/next@15.5.18_@babel+core@7.29.7_react-dom@19.2.6_react@19.2.6__react@19.2.6/node_modules/next/dist/client/dev/report-hmr-latency.js:13
[  314712ms] [LOG] [Fast Refresh] rebuilding @ webpack-internal:///(app-pages-browser)/../../node_modules/.pnpm/next@15.5.18_@babel+core@7.29.7_react-dom@19.2.6_react@19.2.6__react@19.2.6/node_modules/next/dist/client/dev/hot-reloader/app/hot-reloader-app.js:196
[  314714ms] [LOG] [Fast Refresh] done in 3ms @ webpack-internal:///(app-pages-browser)/../../node_modules/.pnpm/next@15.5.18_@babel+core@7.29.7_react-dom@19.2.6_react@19.2.6__react@19.2.6/node_modules/next/dist/client/dev/report-hmr-latency.js:13
[  314769ms] [LOG] [Fast Refresh] rebuilding @ webpack-internal:///(app-pages-browser)/../../node_modules/.pnpm/next@15.5.18_@babel+core@7.29.7_react-dom@19.2.6_react@19.2.6__react@19.2.6/node_modules/next/dist/client/dev/hot-reloader/app/hot-reloader-app.js:196
[  314792ms] [LOG] [Fast Refresh] done in 24ms @ webpack-internal:///(app-pages-browser)/../../node_modules/.pnpm/next@15.5.18_@babel+core@7.29.7_react-dom@19.2.6_react@19.2.6__react@19.2.6/node_modules/next/dist/client/dev/report-hmr-latency.js:13
[  314809ms] [LOG] [Fast Refresh] done in 41ms @ webpack-internal:///(app-pages-browser)/../../node_modules/.pnpm/next@15.5.18_@babel+core@7.29.7_react-dom@19.2.6_react@19.2.6__react@19.2.6/node_modules/next/dist/client/dev/report-hmr-latency.js:13
[  314810ms] [LOG] [Fast Refresh] rebuilding @ webpack-internal:///(app-pages-browser)/../../node_modules/.pnpm/next@15.5.18_@babel+core@7.29.7_react-dom@19.2.6_react@19.2.6__react@19.2.6/node_modules/next/dist/client/dev/hot-reloader/app/hot-reloader-app.js:196
[  314855ms] [LOG] [Fast Refresh] done in 46ms @ webpack-internal:///(app-pages-browser)/../../node_modules/.pnpm/next@15.5.18_@babel+core@7.29.7_react-dom@19.2.6_react@19.2.6__react@19.2.6/node_modules/next/dist/client/dev/report-hmr-latency.js:13
[  314860ms] [LOG] [Fast Refresh] rebuilding @ webpack-internal:///(app-pages-browser)/../../node_modules/.pnpm/next@15.5.18_@babel+core@7.29.7_react-dom@19.2.6_react@19.2.6__react@19.2.6/node_modules/next/dist/client/dev/hot-reloader/app/hot-reloader-app.js:196
[  314902ms] [LOG] [Fast Refresh] done in 42ms @ webpack-internal:///(app-pages-browser)/../../node_modules/.pnpm/next@15.5.18_@babel+core@7.29.7_react-dom@19.2.6_react@19.2.6__react@19.2.6/node_modules/next/dist/client/dev/report-hmr-latency.js:13
[  314911ms] [LOG] [Fast Refresh] rebuilding @ webpack-internal:///(app-pages-browser)/../../node_modules/.pnpm/next@15.5.18_@babel+core@7.29.7_react-dom@19.2.6_react@19.2.6__react@19.2.6/node_modules/next/dist/client/dev/hot-reloader/app/hot-reloader-app.js:196
[  314956ms] [LOG] [Fast Refresh] done in 46ms @ webpack-internal:///(app-pages-browser)/../../node_modules/.pnpm/next@15.5.18_@babel+core@7.29.7_react-dom@19.2.6_react@19.2.6__react@19.2.6/node_modules/next/dist/client/dev/report-hmr-latency.js:13
[  314961ms] [LOG] [Fast Refresh] rebuilding @ webpack-internal:///(app-pages-browser)/../../node_modules/.pnpm/next@15.5.18_@babel+core@7.29.7_react-dom@19.2.6_react@19.2.6__react@19.2.6/node_modules/next/dist/client/dev/hot-reloader/app/hot-reloader-app.js:196
[  315008ms] [LOG] [Fast Refresh] done in 47ms @ webpack-internal:///(app-pages-browser)/../../node_modules/.pnpm/next@15.5.18_@babel+core@7.29.7_react-dom@19.2.6_react@19.2.6__react@19.2.6/node_modules/next/dist/client/dev/report-hmr-latency.js:13
[  315011ms] [LOG] [Fast Refresh] rebuilding @ webpack-internal:///(app-pages-browser)/../../node_modules/.pnpm/next@15.5.18_@babel+core@7.29.7_react-dom@19.2.6_react@19.2.6__react@19.2.6/node_modules/next/dist/client/dev/hot-reloader/app/hot-reloader-app.js:196
[  315061ms] [LOG] [Fast Refresh] done in 50ms @ webpack-internal:///(app-pages-browser)/../../node_modules/.pnpm/next@15.5.18_@babel+core@7.29.7_react-dom@19.2.6_react@19.2.6__react@19.2.6/node_modules/next/dist/client/dev/report-hmr-latency.js:13
[  315062ms] [LOG] [Fast Refresh] rebuilding @ webpack-internal:///(app-pages-browser)/../../node_modules/.pnpm/next@15.5.18_@babel+core@7.29.7_react-dom@19.2.6_react@19.2.6__react@19.2.6/node_modules/next/dist/client/dev/hot-reloader/app/hot-reloader-app.js:196
[  315112ms] [LOG] [Fast Refresh] done in 50ms @ webpack-internal:///(app-pages-browser)/../../node_modules/.pnpm/next@15.5.18_@babel+core@7.29.7_react-dom@19.2.6_react@19.2.6__react@19.2.6/node_modules/next/dist/client/dev/report-hmr-latency.js:13
[  315112ms] [LOG] [Fast Refresh] rebuilding @ webpack-internal:///(app-pages-browser)/../../node_modules/.pnpm/next@15.5.18_@babel+core@7.29.7_react-dom@19.2.6_react@19.2.6__react@19.2.6/node_modules/next/dist/client/dev/hot-reloader/app/hot-reloader-app.js:196
[  315159ms] [LOG] [Fast Refresh] done in 46ms @ webpack-internal:///(app-pages-browser)/../../node_modules/.pnpm/next@15.5.18_@babel+core@7.29.7_react-dom@19.2.6_react@19.2.6__react@19.2.6/node_modules/next/dist/client/dev/report-hmr-latency.js:13
[  315163ms] [LOG] [Fast Refresh] rebuilding @ webpack-internal:///(app-pages-browser)/../../node_modules/.pnpm/next@15.5.18_@babel+core@7.29.7_react-dom@19.2.6_react@19.2.6__react@19.2.6/node_modules/next/dist/client/dev/hot-reloader/app/hot-reloader-app.js:196
[  315208ms] [LOG] [Fast Refresh] done in 45ms @ webpack-internal:///(app-pages-browser)/../../node_modules/.pnpm/next@15.5.18_@babel+core@7.29.7_react-dom@19.2.6_react@19.2.6__react@19.2.6/node_modules/next/dist/client/dev/report-hmr-latency.js:13
[  315213ms] [LOG] [Fast Refresh] rebuilding @ webpack-internal:///(app-pages-browser)/../../node_modules/.pnpm/next@15.5.18_@babel+core@7.29.7_react-dom@19.2.6_react@19.2.6__react@19.2.6/node_modules/next/dist/client/dev/hot-reloader/app/hot-reloader-app.js:196
[  315257ms] [LOG] [Fast Refresh] done in 44ms @ webpack-internal:///(app-pages-browser)/../../node_modules/.pnpm/next@15.5.18_@babel+core@7.29.7_react-dom@19.2.6_react@19.2.6__react@19.2.6/node_modules/next/dist/client/dev/report-hmr-latency.js:13
[  315264ms] [LOG] [Fast Refresh] rebuilding @ webpack-internal:///(app-pages-browser)/../../node_modules/.pnpm/next@15.5.18_@babel+core@7.29.7_react-dom@19.2.6_react@19.2.6__react@19.2.6/node_modules/next/dist/client/dev/hot-reloader/app/hot-reloader-app.js:196
[  315307ms] [LOG] [Fast Refresh] done in 43ms @ webpack-internal:///(app-pages-browser)/../../node_modules/.pnpm/next@15.5.18_@babel+core@7.29.7_react-dom@19.2.6_react@19.2.6__react@19.2.6/node_modules/next/dist/client/dev/report-hmr-latency.js:13
[  315313ms] [LOG] [Fast Refresh] rebuilding @ webpack-internal:///(app-pages-browser)/../../node_modules/.pnpm/next@15.5.18_@babel+core@7.29.7_react-dom@19.2.6_react@19.2.6__react@19.2.6/node_modules/next/dist/client/dev/hot-reloader/app/hot-reloader-app.js:196
[  315360ms] [LOG] [Fast Refresh] done in 46ms @ webpack-internal:///(app-pages-browser)/../../node_modules/.pnpm/next@15.5.18_@babel+core@7.29.7_react-dom@19.2.6_react@19.2.6__react@19.2.6/node_modules/next/dist/client/dev/report-hmr-latency.js:13
[  315364ms] [LOG] [Fast Refresh] rebuilding @ webpack-internal:///(app-pages-browser)/../../node_modules/.pnpm/next@15.5.18_@babel+core@7.29.7_react-dom@19.2.6_react@19.2.6__react@19.2.6/node_modules/next/dist/client/dev/hot-reloader/app/hot-reloader-app.js:196
[  315412ms] [LOG] [Fast Refresh] done in 48ms @ webpack-internal:///(app-pages-browser)/../../node_modules/.pnpm/next@15.5.18_@babel+core@7.29.7_react-dom@19.2.6_react@19.2.6__react@19.2.6/node_modules/next/dist/client/dev/report-hmr-latency.js:13
[  315414ms] [LOG] [Fast Refresh] rebuilding @ webpack-internal:///(app-pages-browser)/../../node_modules/.pnpm/next@15.5.18_@babel+core@7.29.7_react-dom@19.2.6_react@19.2.6__react@19.2.6/node_modules/next/dist/client/dev/hot-reloader/app/hot-reloader-app.js:196
[  315459ms] [LOG] [Fast Refresh] done in 44ms @ webpack-internal:///(app-pages-browser)/../../node_modules/.pnpm/next@15.5.18_@babel+core@7.29.7_react-dom@19.2.6_react@19.2.6__react@19.2.6/node_modules/next/dist/client/dev/report-hmr-latency.js:13
[  315465ms] [LOG] [Fast Refresh] rebuilding @ webpack-internal:///(app-pages-browser)/../../node_modules/.pnpm/next@15.5.18_@babel+core@7.29.7_react-dom@19.2.6_react@19.2.6__react@19.2.6/node_modules/next/dist/client/dev/hot-reloader/app/hot-reloader-app.js:196
[  315511ms] [LOG] [Fast Refresh] done in 47ms @ webpack-internal:///(app-pages-browser)/../../node_modules/.pnpm/next@15.5.18_@babel+core@7.29.7_react-dom@19.2.6_react@19.2.6__react@19.2.6/node_modules/next/dist/client/dev/report-hmr-latency.js:13
[  315515ms] [LOG] [Fast Refresh] rebuilding @ webpack-internal:///(app-pages-browser)/../../node_modules/.pnpm/next@15.5.18_@babel+core@7.29.7_react-dom@19.2.6_react@19.2.6__react@19.2.6/node_modules/next/dist/client/dev/hot-reloader/app/hot-reloader-app.js:196
[  315562ms] [LOG] [Fast Refresh] done in 47ms @ webpack-internal:///(app-pages-browser)/../../node_modules/.pnpm/next@15.5.18_@babel+core@7.29.7_react-dom@19.2.6_react@19.2.6__react@19.2.6/node_modules/next/dist/client/dev/report-hmr-latency.js:13
[  315565ms] [LOG] [Fast Refresh] rebuilding @ webpack-internal:///(app-pages-browser)/../../node_modules/.pnpm/next@15.5.18_@babel+core@7.29.7_react-dom@19.2.6_react@19.2.6__react@19.2.6/node_modules/next/dist/client/dev/hot-reloader/app/hot-reloader-app.js:196
[  315613ms] [LOG] [Fast Refresh] done in 49ms @ webpack-internal:///(app-pages-browser)/../../node_modules/.pnpm/next@15.5.18_@babel+core@7.29.7_react-dom@19.2.6_react@19.2.6__react@19.2.6/node_modules/next/dist/client/dev/report-hmr-latency.js:13
[  315615ms] [LOG] [Fast Refresh] rebuilding @ webpack-internal:///(app-pages-browser)/../../node_modules/.pnpm/next@15.5.18_@babel+core@7.29.7_react-dom@19.2.6_react@19.2.6__react@19.2.6/node_modules/next/dist/client/dev/hot-reloader/app/hot-reloader-app.js:196
[  315665ms] [LOG] [Fast Refresh] rebuilding @ webpack-internal:///(app-pages-browser)/../../node_modules/.pnpm/next@15.5.18_@babel+core@7.29.7_react-dom@19.2.6_react@19.2.6__react@19.2.6/node_modules/next/dist/client/dev/hot-reloader/app/hot-reloader-app.js:196
[  315667ms] [LOG] [Fast Refresh] done in 1ms @ webpack-internal:///(app-pages-browser)/../../node_modules/.pnpm/next@15.5.18_@babel+core@7.29.7_react-dom@19.2.6_react@19.2.6__react@19.2.6/node_modules/next/dist/client/dev/report-hmr-latency.js:13
[  315733ms] [LOG] [Fast Refresh] rebuilding @ webpack-internal:///(app-pages-browser)/../../node_modules/.pnpm/next@15.5.18_@babel+core@7.29.7_react-dom@19.2.6_react@19.2.6__react@19.2.6/node_modules/next/dist/client/dev/hot-reloader/app/hot-reloader-app.js:196
[  315737ms] [LOG] [Fast Refresh] done in 4ms @ webpack-internal:///(app-pages-browser)/../../node_modules/.pnpm/next@15.5.18_@babel+core@7.29.7_react-dom@19.2.6_react@19.2.6__react@19.2.6/node_modules/next/dist/client/dev/report-hmr-latency.js:13
[  315781ms] [LOG] [Fast Refresh] rebuilding @ webpack-internal:///(app-pages-browser)/../../node_modules/.pnpm/next@15.5.18_@babel+core@7.29.7_react-dom@19.2.6_react@19.2.6__react@19.2.6/node_modules/next/dist/client/dev/hot-reloader/app/hot-reloader-app.js:196
[  315783ms] [LOG] [Fast Refresh] done in 3ms @ webpack-internal:///(app-pages-browser)/../../node_modules/.pnpm/next@15.5.18_@babel+core@7.29.7_react-dom@19.2.6_react@19.2.6__react@19.2.6/node_modules/next/dist/client/dev/report-hmr-latency.js:13
[  315824ms] [LOG] [Fast Refresh] rebuilding @ webpack-internal:///(app-pages-browser)/../../node_modules/.pnpm/next@15.5.18_@babel+core@7.29.7_react-dom@19.2.6_react@19.2.6__react@19.2.6/node_modules/next/dist/client/dev/hot-reloader/app/hot-reloader-app.js:196
[  315826ms] [LOG] [Fast Refresh] done in 2ms @ webpack-internal:///(app-pages-browser)/../../node_modules/.pnpm/next@15.5.18_@babel+core@7.29.7_react-dom@19.2.6_react@19.2.6__react@19.2.6/node_modules/next/dist/client/dev/report-hmr-latency.js:13
[  315870ms] [LOG] [Fast Refresh] rebuilding @ webpack-internal:///(app-pages-browser)/../../node_modules/.pnpm/next@15.5.18_@babel+core@7.29.7_react-dom@19.2.6_react@19.2.6__react@19.2.6/node_modules/next/dist/client/dev/hot-reloader/app/hot-reloader-app.js:196
[  315872ms] [LOG] [Fast Refresh] done in 2ms @ webpack-internal:///(app-pages-browser)/../../node_modules/.pnpm/next@15.5.18_@babel+core@7.29.7_react-dom@19.2.6_react@19.2.6__react@19.2.6/node_modules/next/dist/client/dev/report-hmr-latency.js:13
[  315918ms] [LOG] [Fast Refresh] done in 47ms @ webpack-internal:///(app-pages-browser)/../../node_modules/.pnpm/next@15.5.18_@babel+core@7.29.7_react-dom@19.2.6_react@19.2.6__react@19.2.6/node_modules/next/dist/client/dev/report-hmr-latency.js:13
[  315918ms] [LOG] [Fast Refresh] rebuilding @ webpack-internal:///(app-pages-browser)/../../node_modules/.pnpm/next@15.5.18_@babel+core@7.29.7_react-dom@19.2.6_react@19.2.6__react@19.2.6/node_modules/next/dist/client/dev/hot-reloader/app/hot-reloader-app.js:196
[  315965ms] [LOG] [Fast Refresh] done in 46ms @ webpack-internal:///(app-pages-browser)/../../node_modules/.pnpm/next@15.5.18_@babel+core@7.29.7_react-dom@19.2.6_react@19.2.6__react@19.2.6/node_modules/next/dist/client/dev/report-hmr-latency.js:13
[  315969ms] [LOG] [Fast Refresh] rebuilding @ webpack-internal:///(app-pages-browser)/../../node_modules/.pnpm/next@15.5.18_@babel+core@7.29.7_react-dom@19.2.6_react@19.2.6__react@19.2.6/node_modules/next/dist/client/dev/hot-reloader/app/hot-reloader-app.js:196
[  316016ms] [LOG] [Fast Refresh] done in 48ms @ webpack-internal:///(app-pages-browser)/../../node_modules/.pnpm/next@15.5.18_@babel+core@7.29.7_react-dom@19.2.6_react@19.2.6__react@19.2.6/node_modules/next/dist/client/dev/report-hmr-latency.js:13
[  316019ms] [LOG] [Fast Refresh] rebuilding @ webpack-internal:///(app-pages-browser)/../../node_modules/.pnpm/next@15.5.18_@babel+core@7.29.7_react-dom@19.2.6_react@19.2.6__react@19.2.6/node_modules/next/dist/client/dev/hot-reloader/app/hot-reloader-app.js:196
[  316062ms] [LOG] [Fast Refresh] done in 43ms @ webpack-internal:///(app-pages-browser)/../../node_modules/.pnpm/next@15.5.18_@babel+core@7.29.7_react-dom@19.2.6_react@19.2.6__react@19.2.6/node_modules/next/dist/client/dev/report-hmr-latency.js:13
[  316069ms] [LOG] [Fast Refresh] rebuilding @ webpack-internal:///(app-pages-browser)/../../node_modules/.pnpm/next@15.5.18_@babel+core@7.29.7_react-dom@19.2.6_react@19.2.6__react@19.2.6/node_modules/next/dist/client/dev/hot-reloader/app/hot-reloader-app.js:196
[  316116ms] [LOG] [Fast Refresh] done in 48ms @ webpack-internal:///(app-pages-browser)/../../node_modules/.pnpm/next@15.5.18_@babel+core@7.29.7_react-dom@19.2.6_react@19.2.6__react@19.2.6/node_modules/next/dist/client/dev/report-hmr-latency.js:13
[  316119ms] [LOG] [Fast Refresh] rebuilding @ webpack-internal:///(app-pages-browser)/../../node_modules/.pnpm/next@15.5.18_@babel+core@7.29.7_react-dom@19.2.6_react@19.2.6__react@19.2.6/node_modules/next/dist/client/dev/hot-reloader/app/hot-reloader-app.js:196
[  316167ms] [LOG] [Fast Refresh] done in 47ms @ webpack-internal:///(app-pages-browser)/../../node_modules/.pnpm/next@15.5.18_@babel+core@7.29.7_react-dom@19.2.6_react@19.2.6__react@19.2.6/node_modules/next/dist/client/dev/report-hmr-latency.js:13
[  316169ms] [LOG] [Fast Refresh] rebuilding @ webpack-internal:///(app-pages-browser)/../../node_modules/.pnpm/next@15.5.18_@babel+core@7.29.7_react-dom@19.2.6_react@19.2.6__react@19.2.6/node_modules/next/dist/client/dev/hot-reloader/app/hot-reloader-app.js:196
[  316219ms] [LOG] [Fast Refresh] done in 50ms @ webpack-internal:///(app-pages-browser)/../../node_modules/.pnpm/next@15.5.18_@babel+core@7.29.7_react-dom@19.2.6_react@19.2.6__react@19.2.6/node_modules/next/dist/client/dev/report-hmr-latency.js:13
[  316219ms] [LOG] [Fast Refresh] rebuilding @ webpack-internal:///(app-pages-browser)/../../node_modules/.pnpm/next@15.5.18_@babel+core@7.29.7_react-dom@19.2.6_react@19.2.6__react@19.2.6/node_modules/next/dist/client/dev/hot-reloader/app/hot-reloader-app.js:196
[  316266ms] [LOG] [Fast Refresh] done in 46ms @ webpack-internal:///(app-pages-browser)/../../node_modules/.pnpm/next@15.5.18_@babel+core@7.29.7_react-dom@19.2.6_react@19.2.6__react@19.2.6/node_modules/next/dist/client/dev/report-hmr-latency.js:13
[  316270ms] [LOG] [Fast Refresh] rebuilding @ webpack-internal:///(app-pages-browser)/../../node_modules/.pnpm/next@15.5.18_@babel+core@7.29.7_react-dom@19.2.6_react@19.2.6__react@19.2.6/node_modules/next/dist/client/dev/hot-reloader/app/hot-reloader-app.js:196
[  316315ms] [LOG] [Fast Refresh] done in 46ms @ webpack-internal:///(app-pages-browser)/../../node_modules/.pnpm/next@15.5.18_@babel+core@7.29.7_react-dom@19.2.6_react@19.2.6__react@19.2.6/node_modules/next/dist/client/dev/report-hmr-latency.js:13
[  316320ms] [LOG] [Fast Refresh] rebuilding @ webpack-internal:///(app-pages-browser)/../../node_modules/.pnpm/next@15.5.18_@babel+core@7.29.7_react-dom@19.2.6_react@19.2.6__react@19.2.6/node_modules/next/dist/client/dev/hot-reloader/app/hot-reloader-app.js:196
[  316365ms] [LOG] [Fast Refresh] done in 46ms @ webpack-internal:///(app-pages-browser)/../../node_modules/.pnpm/next@15.5.18_@babel+core@7.29.7_react-dom@19.2.6_react@19.2.6__react@19.2.6/node_modules/next/dist/client/dev/report-hmr-latency.js:13
[  316370ms] [LOG] [Fast Refresh] rebuilding @ webpack-internal:///(app-pages-browser)/../../node_modules/.pnpm/next@15.5.18_@babel+core@7.29.7_react-dom@19.2.6_react@19.2.6__react@19.2.6/node_modules/next/dist/client/dev/hot-reloader/app/hot-reloader-app.js:196
[  316414ms] [LOG] [Fast Refresh] done in 44ms @ webpack-internal:///(app-pages-browser)/../../node_modules/.pnpm/next@15.5.18_@babel+core@7.29.7_react-dom@19.2.6_react@19.2.6__react@19.2.6/node_modules/next/dist/client/dev/report-hmr-latency.js:13
[  316420ms] [LOG] [Fast Refresh] rebuilding @ webpack-internal:///(app-pages-browser)/../../node_modules/.pnpm/next@15.5.18_@babel+core@7.29.7_react-dom@19.2.6_react@19.2.6__react@19.2.6/node_modules/next/dist/client/dev/hot-reloader/app/hot-reloader-app.js:196
[  316474ms] [LOG] [Fast Refresh] rebuilding @ webpack-internal:///(app-pages-browser)/../../node_modules/.pnpm/next@15.5.18_@babel+core@7.29.7_react-dom@19.2.6_react@19.2.6__react@19.2.6/node_modules/next/dist/client/dev/hot-reloader/app/hot-reloader-app.js:196
[  316476ms] [LOG] [Fast Refresh] done in 3ms @ webpack-internal:///(app-pages-browser)/../../node_modules/.pnpm/next@15.5.18_@babel+core@7.29.7_react-dom@19.2.6_react@19.2.6__react@19.2.6/node_modules/next/dist/client/dev/report-hmr-latency.js:13
[  316520ms] [LOG] [Fast Refresh] rebuilding @ webpack-internal:///(app-pages-browser)/../../node_modules/.pnpm/next@15.5.18_@babel+core@7.29.7_react-dom@19.2.6_react@19.2.6__react@19.2.6/node_modules/next/dist/client/dev/hot-reloader/app/hot-reloader-app.js:196
[  316521ms] [LOG] [Fast Refresh] done in 1ms @ webpack-internal:///(app-pages-browser)/../../node_modules/.pnpm/next@15.5.18_@babel+core@7.29.7_react-dom@19.2.6_react@19.2.6__react@19.2.6/node_modules/next/dist/client/dev/report-hmr-latency.js:13
[  316566ms] [LOG] [Fast Refresh] done in 45ms @ webpack-internal:///(app-pages-browser)/../../node_modules/.pnpm/next@15.5.18_@babel+core@7.29.7_react-dom@19.2.6_react@19.2.6__react@19.2.6/node_modules/next/dist/client/dev/report-hmr-latency.js:13
[  316571ms] [LOG] [Fast Refresh] rebuilding @ webpack-internal:///(app-pages-browser)/../../node_modules/.pnpm/next@15.5.18_@babel+core@7.29.7_react-dom@19.2.6_react@19.2.6__react@19.2.6/node_modules/next/dist/client/dev/hot-reloader/app/hot-reloader-app.js:196
[  316617ms] [LOG] [Fast Refresh] done in 46ms @ webpack-internal:///(app-pages-browser)/../../node_modules/.pnpm/next@15.5.18_@babel+core@7.29.7_react-dom@19.2.6_react@19.2.6__react@19.2.6/node_modules/next/dist/client/dev/report-hmr-latency.js:13
[  316621ms] [LOG] [Fast Refresh] rebuilding @ webpack-internal:///(app-pages-browser)/../../node_modules/.pnpm/next@15.5.18_@babel+core@7.29.7_react-dom@19.2.6_react@19.2.6__react@19.2.6/node_modules/next/dist/client/dev/hot-reloader/app/hot-reloader-app.js:196
[  316669ms] [LOG] [Fast Refresh] done in 47ms @ webpack-internal:///(app-pages-browser)/../../node_modules/.pnpm/next@15.5.18_@babel+core@7.29.7_react-dom@19.2.6_react@19.2.6__react@19.2.6/node_modules/next/dist/client/dev/report-hmr-latency.js:13
[  316671ms] [LOG] [Fast Refresh] rebuilding @ webpack-internal:///(app-pages-browser)/../../node_modules/.pnpm/next@15.5.18_@babel+core@7.29.7_react-dom@19.2.6_react@19.2.6__react@19.2.6/node_modules/next/dist/client/dev/hot-reloader/app/hot-reloader-app.js:196
[  316719ms] [LOG] [Fast Refresh] done in 47ms @ webpack-internal:///(app-pages-browser)/../../node_modules/.pnpm/next@15.5.18_@babel+core@7.29.7_react-dom@19.2.6_react@19.2.6__react@19.2.6/node_modules/next/dist/client/dev/report-hmr-latency.js:13
[  316721ms] [LOG] [Fast Refresh] rebuilding @ webpack-internal:///(app-pages-browser)/../../node_modules/.pnpm/next@15.5.18_@babel+core@7.29.7_react-dom@19.2.6_react@19.2.6__react@19.2.6/node_modules/next/dist/client/dev/hot-reloader/app/hot-reloader-app.js:196
[  316767ms] [LOG] [Fast Refresh] done in 46ms @ webpack-internal:///(app-pages-browser)/../../node_modules/.pnpm/next@15.5.18_@babel+core@7.29.7_react-dom@19.2.6_react@19.2.6__react@19.2.6/node_modules/next/dist/client/dev/report-hmr-latency.js:13
[  316771ms] [LOG] [Fast Refresh] rebuilding @ webpack-internal:///(app-pages-browser)/../../node_modules/.pnpm/next@15.5.18_@babel+core@7.29.7_react-dom@19.2.6_react@19.2.6__react@19.2.6/node_modules/next/dist/client/dev/hot-reloader/app/hot-reloader-app.js:196
[  316818ms] [LOG] [Fast Refresh] done in 46ms @ webpack-internal:///(app-pages-browser)/../../node_modules/.pnpm/next@15.5.18_@babel+core@7.29.7_react-dom@19.2.6_react@19.2.6__react@19.2.6/node_modules/next/dist/client/dev/report-hmr-latency.js:13
[  316821ms] [LOG] [Fast Refresh] rebuilding @ webpack-internal:///(app-pages-browser)/../../node_modules/.pnpm/next@15.5.18_@babel+core@7.29.7_react-dom@19.2.6_react@19.2.6__react@19.2.6/node_modules/next/dist/client/dev/hot-reloader/app/hot-reloader-app.js:196
[  316892ms] [LOG] [Fast Refresh] rebuilding @ webpack-internal:///(app-pages-browser)/../../node_modules/.pnpm/next@15.5.18_@babel+core@7.29.7_react-dom@19.2.6_react@19.2.6__react@19.2.6/node_modules/next/dist/client/dev/hot-reloader/app/hot-reloader-app.js:196
[  316894ms] [LOG] [Fast Refresh] done in 3ms @ webpack-internal:///(app-pages-browser)/../../node_modules/.pnpm/next@15.5.18_@babel+core@7.29.7_react-dom@19.2.6_react@19.2.6__react@19.2.6/node_modules/next/dist/client/dev/report-hmr-latency.js:13
[  316936ms] [LOG] [Fast Refresh] rebuilding @ webpack-internal:///(app-pages-browser)/../../node_modules/.pnpm/next@15.5.18_@babel+core@7.29.7_react-dom@19.2.6_react@19.2.6__react@19.2.6/node_modules/next/dist/client/dev/hot-reloader/app/hot-reloader-app.js:196
[  316939ms] [LOG] [Fast Refresh] done in 3ms @ webpack-internal:///(app-pages-browser)/../../node_modules/.pnpm/next@15.5.18_@babel+core@7.29.7_react-dom@19.2.6_react@19.2.6__react@19.2.6/node_modules/next/dist/client/dev/report-hmr-latency.js:13
[  316980ms] [LOG] [Fast Refresh] rebuilding @ webpack-internal:///(app-pages-browser)/../../node_modules/.pnpm/next@15.5.18_@babel+core@7.29.7_react-dom@19.2.6_react@19.2.6__react@19.2.6/node_modules/next/dist/client/dev/hot-reloader/app/hot-reloader-app.js:196
[  316982ms] [LOG] [Fast Refresh] done in 3ms @ webpack-internal:///(app-pages-browser)/../../node_modules/.pnpm/next@15.5.18_@babel+core@7.29.7_react-dom@19.2.6_react@19.2.6__react@19.2.6/node_modules/next/dist/client/dev/report-hmr-latency.js:13
[  317025ms] [LOG] [Fast Refresh] done in 46ms @ webpack-internal:///(app-pages-browser)/../../node_modules/.pnpm/next@15.5.18_@babel+core@7.29.7_react-dom@19.2.6_react@19.2.6__react@19.2.6/node_modules/next/dist/client/dev/report-hmr-latency.js:13
[  317025ms] [LOG] [Fast Refresh] rebuilding @ webpack-internal:///(app-pages-browser)/../../node_modules/.pnpm/next@15.5.18_@babel+core@7.29.7_react-dom@19.2.6_react@19.2.6__react@19.2.6/node_modules/next/dist/client/dev/hot-reloader/app/hot-reloader-app.js:196
[  317069ms] [LOG] [Fast Refresh] done in 43ms @ webpack-internal:///(app-pages-browser)/../../node_modules/.pnpm/next@15.5.18_@babel+core@7.29.7_react-dom@19.2.6_react@19.2.6__react@19.2.6/node_modules/next/dist/client/dev/report-hmr-latency.js:13
[  317076ms] [LOG] [Fast Refresh] rebuilding @ webpack-internal:///(app-pages-browser)/../../node_modules/.pnpm/next@15.5.18_@babel+core@7.29.7_react-dom@19.2.6_react@19.2.6__react@19.2.6/node_modules/next/dist/client/dev/hot-reloader/app/hot-reloader-app.js:196
[  317123ms] [LOG] [Fast Refresh] done in 48ms @ webpack-internal:///(app-pages-browser)/../../node_modules/.pnpm/next@15.5.18_@babel+core@7.29.7_react-dom@19.2.6_react@19.2.6__react@19.2.6/node_modules/next/dist/client/dev/report-hmr-latency.js:13
[  317125ms] [LOG] [Fast Refresh] rebuilding @ webpack-internal:///(app-pages-browser)/../../node_modules/.pnpm/next@15.5.18_@babel+core@7.29.7_react-dom@19.2.6_react@19.2.6__react@19.2.6/node_modules/next/dist/client/dev/hot-reloader/app/hot-reloader-app.js:196
[  317172ms] [LOG] [Fast Refresh] done in 47ms @ webpack-internal:///(app-pages-browser)/../../node_modules/.pnpm/next@15.5.18_@babel+core@7.29.7_react-dom@19.2.6_react@19.2.6__react@19.2.6/node_modules/next/dist/client/dev/report-hmr-latency.js:13
[  317176ms] [LOG] [Fast Refresh] rebuilding @ webpack-internal:///(app-pages-browser)/../../node_modules/.pnpm/next@15.5.18_@babel+core@7.29.7_react-dom@19.2.6_react@19.2.6__react@19.2.6/node_modules/next/dist/client/dev/hot-reloader/app/hot-reloader-app.js:196
[  317224ms] [LOG] [Fast Refresh] done in 49ms @ webpack-internal:///(app-pages-browser)/../../node_modules/.pnpm/next@15.5.18_@babel+core@7.29.7_react-dom@19.2.6_react@19.2.6__react@19.2.6/node_modules/next/dist/client/dev/report-hmr-latency.js:13
[  317225ms] [LOG] [Fast Refresh] rebuilding @ webpack-internal:///(app-pages-browser)/../../node_modules/.pnpm/next@15.5.18_@babel+core@7.29.7_react-dom@19.2.6_react@19.2.6__react@19.2.6/node_modules/next/dist/client/dev/hot-reloader/app/hot-reloader-app.js:196
[  317270ms] [LOG] [Fast Refresh] done in 45ms @ webpack-internal:///(app-pages-browser)/../../node_modules/.pnpm/next@15.5.18_@babel+core@7.29.7_react-dom@19.2.6_react@19.2.6__react@19.2.6/node_modules/next/dist/client/dev/report-hmr-latency.js:13
[  317276ms] [LOG] [Fast Refresh] rebuilding @ webpack-internal:///(app-pages-browser)/../../node_modules/.pnpm/next@15.5.18_@babel+core@7.29.7_react-dom@19.2.6_react@19.2.6__react@19.2.6/node_modules/next/dist/client/dev/hot-reloader/app/hot-reloader-app.js:196
[  317323ms] [LOG] [Fast Refresh] done in 48ms @ webpack-internal:///(app-pages-browser)/../../node_modules/.pnpm/next@15.5.18_@babel+core@7.29.7_react-dom@19.2.6_react@19.2.6__react@19.2.6/node_modules/next/dist/client/dev/report-hmr-latency.js:13
[  317326ms] [LOG] [Fast Refresh] rebuilding @ webpack-internal:///(app-pages-browser)/../../node_modules/.pnpm/next@15.5.18_@babel+core@7.29.7_react-dom@19.2.6_react@19.2.6__react@19.2.6/node_modules/next/dist/client/dev/hot-reloader/app/hot-reloader-app.js:196
[  317374ms] [LOG] [Fast Refresh] done in 48ms @ webpack-internal:///(app-pages-browser)/../../node_modules/.pnpm/next@15.5.18_@babel+core@7.29.7_react-dom@19.2.6_react@19.2.6__react@19.2.6/node_modules/next/dist/client/dev/report-hmr-latency.js:13
[  317376ms] [LOG] [Fast Refresh] rebuilding @ webpack-internal:///(app-pages-browser)/../../node_modules/.pnpm/next@15.5.18_@babel+core@7.29.7_react-dom@19.2.6_react@19.2.6__react@19.2.6/node_modules/next/dist/client/dev/hot-reloader/app/hot-reloader-app.js:196
[  317424ms] [LOG] [Fast Refresh] done in 47ms @ webpack-internal:///(app-pages-browser)/../../node_modules/.pnpm/next@15.5.18_@babel+core@7.29.7_react-dom@19.2.6_react@19.2.6__react@19.2.6/node_modules/next/dist/client/dev/report-hmr-latency.js:13
[  317427ms] [LOG] [Fast Refresh] rebuilding @ webpack-internal:///(app-pages-browser)/../../node_modules/.pnpm/next@15.5.18_@babel+core@7.29.7_react-dom@19.2.6_react@19.2.6__react@19.2.6/node_modules/next/dist/client/dev/hot-reloader/app/hot-reloader-app.js:196
[  317471ms] [LOG] [Fast Refresh] done in 45ms @ webpack-internal:///(app-pages-browser)/../../node_modules/.pnpm/next@15.5.18_@babel+core@7.29.7_react-dom@19.2.6_react@19.2.6__react@19.2.6/node_modules/next/dist/client/dev/report-hmr-latency.js:13
[  317477ms] [LOG] [Fast Refresh] rebuilding @ webpack-internal:///(app-pages-browser)/../../node_modules/.pnpm/next@15.5.18_@babel+core@7.29.7_react-dom@19.2.6_react@19.2.6__react@19.2.6/node_modules/next/dist/client/dev/hot-reloader/app/hot-reloader-app.js:196
[  317524ms] [LOG] [Fast Refresh] done in 47ms @ webpack-internal:///(app-pages-browser)/../../node_modules/.pnpm/next@15.5.18_@babel+core@7.29.7_react-dom@19.2.6_react@19.2.6__react@19.2.6/node_modules/next/dist/client/dev/report-hmr-latency.js:13
[  317527ms] [LOG] [Fast Refresh] rebuilding @ webpack-internal:///(app-pages-browser)/../../node_modules/.pnpm/next@15.5.18_@babel+core@7.29.7_react-dom@19.2.6_react@19.2.6__react@19.2.6/node_modules/next/dist/client/dev/hot-reloader/app/hot-reloader-app.js:196
[  317577ms] [LOG] [Fast Refresh] rebuilding @ webpack-internal:///(app-pages-browser)/../../node_modules/.pnpm/next@15.5.18_@babel+core@7.29.7_react-dom@19.2.6_react@19.2.6__react@19.2.6/node_modules/next/dist/client/dev/hot-reloader/app/hot-reloader-app.js:196
[  317578ms] [LOG] [Fast Refresh] done in 2ms @ webpack-internal:///(app-pages-browser)/../../node_modules/.pnpm/next@15.5.18_@babel+core@7.29.7_react-dom@19.2.6_react@19.2.6__react@19.2.6/node_modules/next/dist/client/dev/report-hmr-latency.js:13
[  317627ms] [LOG] [Fast Refresh] rebuilding @ webpack-internal:///(app-pages-browser)/../../node_modules/.pnpm/next@15.5.18_@babel+core@7.29.7_react-dom@19.2.6_react@19.2.6__react@19.2.6/node_modules/next/dist/client/dev/hot-reloader/app/hot-reloader-app.js:196
[  317631ms] [LOG] [Fast Refresh] done in 3ms @ webpack-internal:///(app-pages-browser)/../../node_modules/.pnpm/next@15.5.18_@babel+core@7.29.7_react-dom@19.2.6_react@19.2.6__react@19.2.6/node_modules/next/dist/client/dev/report-hmr-latency.js:13
[  317676ms] [LOG] [Fast Refresh] done in 48ms @ webpack-internal:///(app-pages-browser)/../../node_modules/.pnpm/next@15.5.18_@babel+core@7.29.7_react-dom@19.2.6_react@19.2.6__react@19.2.6/node_modules/next/dist/client/dev/report-hmr-latency.js:13
[  317678ms] [LOG] [Fast Refresh] rebuilding @ webpack-internal:///(app-pages-browser)/../../node_modules/.pnpm/next@15.5.18_@babel+core@7.29.7_react-dom@19.2.6_react@19.2.6__react@19.2.6/node_modules/next/dist/client/dev/hot-reloader/app/hot-reloader-app.js:196
[  317725ms] [LOG] [Fast Refresh] done in 47ms @ webpack-internal:///(app-pages-browser)/../../node_modules/.pnpm/next@15.5.18_@babel+core@7.29.7_react-dom@19.2.6_react@19.2.6__react@19.2.6/node_modules/next/dist/client/dev/report-hmr-latency.js:13
[  317727ms] [LOG] [Fast Refresh] rebuilding @ webpack-internal:///(app-pages-browser)/../../node_modules/.pnpm/next@15.5.18_@babel+core@7.29.7_react-dom@19.2.6_react@19.2.6__react@19.2.6/node_modules/next/dist/client/dev/hot-reloader/app/hot-reloader-app.js:196
[  317773ms] [LOG] [Fast Refresh] done in 46ms @ webpack-internal:///(app-pages-browser)/../../node_modules/.pnpm/next@15.5.18_@babel+core@7.29.7_react-dom@19.2.6_react@19.2.6__react@19.2.6/node_modules/next/dist/client/dev/report-hmr-latency.js:13
[  317778ms] [LOG] [Fast Refresh] rebuilding @ webpack-internal:///(app-pages-browser)/../../node_modules/.pnpm/next@15.5.18_@babel+core@7.29.7_react-dom@19.2.6_react@19.2.6__react@19.2.6/node_modules/next/dist/client/dev/hot-reloader/app/hot-reloader-app.js:196
[  317824ms] [LOG] [Fast Refresh] done in 45ms @ webpack-internal:///(app-pages-browser)/../../node_modules/.pnpm/next@15.5.18_@babel+core@7.29.7_react-dom@19.2.6_react@19.2.6__react@19.2.6/node_modules/next/dist/client/dev/report-hmr-latency.js:13
[  317828ms] [LOG] [Fast Refresh] rebuilding @ webpack-internal:///(app-pages-browser)/../../node_modules/.pnpm/next@15.5.18_@babel+core@7.29.7_react-dom@19.2.6_react@19.2.6__react@19.2.6/node_modules/next/dist/client/dev/hot-reloader/app/hot-reloader-app.js:196
[  317872ms] [LOG] [Fast Refresh] done in 44ms @ webpack-internal:///(app-pages-browser)/../../node_modules/.pnpm/next@15.5.18_@babel+core@7.29.7_react-dom@19.2.6_react@19.2.6__react@19.2.6/node_modules/next/dist/client/dev/report-hmr-latency.js:13
[  317879ms] [LOG] [Fast Refresh] rebuilding @ webpack-internal:///(app-pages-browser)/../../node_modules/.pnpm/next@15.5.18_@babel+core@7.29.7_react-dom@19.2.6_react@19.2.6__react@19.2.6/node_modules/next/dist/client/dev/hot-reloader/app/hot-reloader-app.js:196
[  317925ms] [LOG] [Fast Refresh] done in 47ms @ webpack-internal:///(app-pages-browser)/../../node_modules/.pnpm/next@15.5.18_@babel+core@7.29.7_react-dom@19.2.6_react@19.2.6__react@19.2.6/node_modules/next/dist/client/dev/report-hmr-latency.js:13
[  317929ms] [LOG] [Fast Refresh] rebuilding @ webpack-internal:///(app-pages-browser)/../../node_modules/.pnpm/next@15.5.18_@babel+core@7.29.7_react-dom@19.2.6_react@19.2.6__react@19.2.6/node_modules/next/dist/client/dev/hot-reloader/app/hot-reloader-app.js:196
[  317978ms] [LOG] [Fast Refresh] done in 49ms @ webpack-internal:///(app-pages-browser)/../../node_modules/.pnpm/next@15.5.18_@babel+core@7.29.7_react-dom@19.2.6_react@19.2.6__react@19.2.6/node_modules/next/dist/client/dev/report-hmr-latency.js:13
[  317979ms] [LOG] [Fast Refresh] rebuilding @ webpack-internal:///(app-pages-browser)/../../node_modules/.pnpm/next@15.5.18_@babel+core@7.29.7_react-dom@19.2.6_react@19.2.6__react@19.2.6/node_modules/next/dist/client/dev/hot-reloader/app/hot-reloader-app.js:196
[  318047ms] [LOG] [Fast Refresh] rebuilding @ webpack-internal:///(app-pages-browser)/../../node_modules/.pnpm/next@15.5.18_@babel+core@7.29.7_react-dom@19.2.6_react@19.2.6__react@19.2.6/node_modules/next/dist/client/dev/hot-reloader/app/hot-reloader-app.js:196
[  318050ms] [LOG] [Fast Refresh] done in 3ms @ webpack-internal:///(app-pages-browser)/../../node_modules/.pnpm/next@15.5.18_@babel+core@7.29.7_react-dom@19.2.6_react@19.2.6__react@19.2.6/node_modules/next/dist/client/dev/report-hmr-latency.js:13
[  318093ms] [LOG] [Fast Refresh] rebuilding @ webpack-internal:///(app-pages-browser)/../../node_modules/.pnpm/next@15.5.18_@babel+core@7.29.7_react-dom@19.2.6_react@19.2.6__react@19.2.6/node_modules/next/dist/client/dev/hot-reloader/app/hot-reloader-app.js:196
[  318095ms] [LOG] [Fast Refresh] done in 3ms @ webpack-internal:///(app-pages-browser)/../../node_modules/.pnpm/next@15.5.18_@babel+core@7.29.7_react-dom@19.2.6_react@19.2.6__react@19.2.6/node_modules/next/dist/client/dev/report-hmr-latency.js:13
[  318136ms] [LOG] [Fast Refresh] rebuilding @ webpack-internal:///(app-pages-browser)/../../node_modules/.pnpm/next@15.5.18_@babel+core@7.29.7_react-dom@19.2.6_react@19.2.6__react@19.2.6/node_modules/next/dist/client/dev/hot-reloader/app/hot-reloader-app.js:196
[  318145ms] [LOG] [Fast Refresh] done in 10ms @ webpack-internal:///(app-pages-browser)/../../node_modules/.pnpm/next@15.5.18_@babel+core@7.29.7_react-dom@19.2.6_react@19.2.6__react@19.2.6/node_modules/next/dist/client/dev/report-hmr-latency.js:13
[  318181ms] [LOG] [Fast Refresh] done in 46ms @ webpack-internal:///(app-pages-browser)/../../node_modules/.pnpm/next@15.5.18_@babel+core@7.29.7_react-dom@19.2.6_react@19.2.6__react@19.2.6/node_modules/next/dist/client/dev/report-hmr-latency.js:13
[  318182ms] [LOG] [Fast Refresh] rebuilding @ webpack-internal:///(app-pages-browser)/../../node_modules/.pnpm/next@15.5.18_@babel+core@7.29.7_react-dom@19.2.6_react@19.2.6__react@19.2.6/node_modules/next/dist/client/dev/hot-reloader/app/hot-reloader-app.js:196
[  318227ms] [LOG] [Fast Refresh] done in 45ms @ webpack-internal:///(app-pages-browser)/../../node_modules/.pnpm/next@15.5.18_@babel+core@7.29.7_react-dom@19.2.6_react@19.2.6__react@19.2.6/node_modules/next/dist/client/dev/report-hmr-latency.js:13
[  318232ms] [LOG] [Fast Refresh] rebuilding @ webpack-internal:///(app-pages-browser)/../../node_modules/.pnpm/next@15.5.18_@babel+core@7.29.7_react-dom@19.2.6_react@19.2.6__react@19.2.6/node_modules/next/dist/client/dev/hot-reloader/app/hot-reloader-app.js:196
[  318278ms] [LOG] [Fast Refresh] done in 47ms @ webpack-internal:///(app-pages-browser)/../../node_modules/.pnpm/next@15.5.18_@babel+core@7.29.7_react-dom@19.2.6_react@19.2.6__react@19.2.6/node_modules/next/dist/client/dev/report-hmr-latency.js:13
[  318282ms] [LOG] [Fast Refresh] rebuilding @ webpack-internal:///(app-pages-browser)/../../node_modules/.pnpm/next@15.5.18_@babel+core@7.29.7_react-dom@19.2.6_react@19.2.6__react@19.2.6/node_modules/next/dist/client/dev/hot-reloader/app/hot-reloader-app.js:196
[  318327ms] [LOG] [Fast Refresh] done in 45ms @ webpack-internal:///(app-pages-browser)/../../node_modules/.pnpm/next@15.5.18_@babel+core@7.29.7_react-dom@19.2.6_react@19.2.6__react@19.2.6/node_modules/next/dist/client/dev/report-hmr-latency.js:13
[  318333ms] [LOG] [Fast Refresh] rebuilding @ webpack-internal:///(app-pages-browser)/../../node_modules/.pnpm/next@15.5.18_@babel+core@7.29.7_react-dom@19.2.6_react@19.2.6__react@19.2.6/node_modules/next/dist/client/dev/hot-reloader/app/hot-reloader-app.js:196
[  318381ms] [LOG] [Fast Refresh] done in 48ms @ webpack-internal:///(app-pages-browser)/../../node_modules/.pnpm/next@15.5.18_@babel+core@7.29.7_react-dom@19.2.6_react@19.2.6__react@19.2.6/node_modules/next/dist/client/dev/report-hmr-latency.js:13
[  318383ms] [LOG] [Fast Refresh] rebuilding @ webpack-internal:///(app-pages-browser)/../../node_modules/.pnpm/next@15.5.18_@babel+core@7.29.7_react-dom@19.2.6_react@19.2.6__react@19.2.6/node_modules/next/dist/client/dev/hot-reloader/app/hot-reloader-app.js:196
[  318431ms] [LOG] [Fast Refresh] done in 49ms @ webpack-internal:///(app-pages-browser)/../../node_modules/.pnpm/next@15.5.18_@babel+core@7.29.7_react-dom@19.2.6_react@19.2.6__react@19.2.6/node_modules/next/dist/client/dev/report-hmr-latency.js:13
[  318433ms] [LOG] [Fast Refresh] rebuilding @ webpack-internal:///(app-pages-browser)/../../node_modules/.pnpm/next@15.5.18_@babel+core@7.29.7_react-dom@19.2.6_react@19.2.6__react@19.2.6/node_modules/next/dist/client/dev/hot-reloader/app/hot-reloader-app.js:196
[  318482ms] [LOG] [Fast Refresh] done in 48ms @ webpack-internal:///(app-pages-browser)/../../node_modules/.pnpm/next@15.5.18_@babel+core@7.29.7_react-dom@19.2.6_react@19.2.6__react@19.2.6/node_modules/next/dist/client/dev/report-hmr-latency.js:13
[  318483ms] [LOG] [Fast Refresh] rebuilding @ webpack-internal:///(app-pages-browser)/../../node_modules/.pnpm/next@15.5.18_@babel+core@7.29.7_react-dom@19.2.6_react@19.2.6__react@19.2.6/node_modules/next/dist/client/dev/hot-reloader/app/hot-reloader-app.js:196
[  318533ms] [LOG] [Fast Refresh] done in 49ms @ webpack-internal:///(app-pages-browser)/../../node_modules/.pnpm/next@15.5.18_@babel+core@7.29.7_react-dom@19.2.6_react@19.2.6__react@19.2.6/node_modules/next/dist/client/dev/report-hmr-latency.js:13
[  318533ms] [LOG] [Fast Refresh] rebuilding @ webpack-internal:///(app-pages-browser)/../../node_modules/.pnpm/next@15.5.18_@babel+core@7.29.7_react-dom@19.2.6_react@19.2.6__react@19.2.6/node_modules/next/dist/client/dev/hot-reloader/app/hot-reloader-app.js:196
[  318578ms] [LOG] [Fast Refresh] done in 44ms @ webpack-internal:///(app-pages-browser)/../../node_modules/.pnpm/next@15.5.18_@babel+core@7.29.7_react-dom@19.2.6_react@19.2.6__react@19.2.6/node_modules/next/dist/client/dev/report-hmr-latency.js:13
[  318584ms] [LOG] [Fast Refresh] rebuilding @ webpack-internal:///(app-pages-browser)/../../node_modules/.pnpm/next@15.5.18_@babel+core@7.29.7_react-dom@19.2.6_react@19.2.6__react@19.2.6/node_modules/next/dist/client/dev/hot-reloader/app/hot-reloader-app.js:196
[  318630ms] [LOG] [Fast Refresh] done in 47ms @ webpack-internal:///(app-pages-browser)/../../node_modules/.pnpm/next@15.5.18_@babel+core@7.29.7_react-dom@19.2.6_react@19.2.6__react@19.2.6/node_modules/next/dist/client/dev/report-hmr-latency.js:13
[  318634ms] [LOG] [Fast Refresh] rebuilding @ webpack-internal:///(app-pages-browser)/../../node_modules/.pnpm/next@15.5.18_@babel+core@7.29.7_react-dom@19.2.6_react@19.2.6__react@19.2.6/node_modules/next/dist/client/dev/hot-reloader/app/hot-reloader-app.js:196
[  318686ms] [LOG] [Fast Refresh] rebuilding @ webpack-internal:///(app-pages-browser)/../../node_modules/.pnpm/next@15.5.18_@babel+core@7.29.7_react-dom@19.2.6_react@19.2.6__react@19.2.6/node_modules/next/dist/client/dev/hot-reloader/app/hot-reloader-app.js:196
[  318704ms] [LOG] [Fast Refresh] done in 18ms @ webpack-internal:///(app-pages-browser)/../../node_modules/.pnpm/next@15.5.18_@babel+core@7.29.7_react-dom@19.2.6_react@19.2.6__react@19.2.6/node_modules/next/dist/client/dev/report-hmr-latency.js:13
[  319019ms] [LOG] [Fast Refresh] done in 333ms @ webpack-internal:///(app-pages-browser)/../../node_modules/.pnpm/next@15.5.18_@babel+core@7.29.7_react-dom@19.2.6_react@19.2.6__react@19.2.6/node_modules/next/dist/client/dev/report-hmr-latency.js:13
[  319102ms] [LOG] [Fast Refresh] rebuilding @ webpack-internal:///(app-pages-browser)/../../node_modules/.pnpm/next@15.5.18_@babel+core@7.29.7_react-dom@19.2.6_react@19.2.6__react@19.2.6/node_modules/next/dist/client/dev/hot-reloader/app/hot-reloader-app.js:196
[  319161ms] [LOG] [Fast Refresh] rebuilding @ webpack-internal:///(app-pages-browser)/../../node_modules/.pnpm/next@15.5.18_@babel+core@7.29.7_react-dom@19.2.6_react@19.2.6__react@19.2.6/node_modules/next/dist/client/dev/hot-reloader/app/hot-reloader-app.js:196
[  319164ms] [LOG] [Fast Refresh] done in 3ms @ webpack-internal:///(app-pages-browser)/../../node_modules/.pnpm/next@15.5.18_@babel+core@7.29.7_react-dom@19.2.6_react@19.2.6__react@19.2.6/node_modules/next/dist/client/dev/report-hmr-latency.js:13
[  319212ms] [LOG] [Fast Refresh] rebuilding @ webpack-internal:///(app-pages-browser)/../../node_modules/.pnpm/next@15.5.18_@babel+core@7.29.7_react-dom@19.2.6_react@19.2.6__react@19.2.6/node_modules/next/dist/client/dev/hot-reloader/app/hot-reloader-app.js:196
[  319213ms] [LOG] [Fast Refresh] done in 2ms @ webpack-internal:///(app-pages-browser)/../../node_modules/.pnpm/next@15.5.18_@babel+core@7.29.7_react-dom@19.2.6_react@19.2.6__react@19.2.6/node_modules/next/dist/client/dev/report-hmr-latency.js:13
[  319265ms] [LOG] [Fast Refresh] rebuilding @ webpack-internal:///(app-pages-browser)/../../node_modules/.pnpm/next@15.5.18_@babel+core@7.29.7_react-dom@19.2.6_react@19.2.6__react@19.2.6/node_modules/next/dist/client/dev/hot-reloader/app/hot-reloader-app.js:196
[  319268ms] [LOG] [Fast Refresh] done in 3ms @ webpack-internal:///(app-pages-browser)/../../node_modules/.pnpm/next@15.5.18_@babel+core@7.29.7_react-dom@19.2.6_react@19.2.6__react@19.2.6/node_modules/next/dist/client/dev/report-hmr-latency.js:13
[  319312ms] [LOG] [Fast Refresh] rebuilding @ webpack-internal:///(app-pages-browser)/../../node_modules/.pnpm/next@15.5.18_@babel+core@7.29.7_react-dom@19.2.6_react@19.2.6__react@19.2.6/node_modules/next/dist/client/dev/hot-reloader/app/hot-reloader-app.js:196
[  319315ms] [LOG] [Fast Refresh] done in 2ms @ webpack-internal:///(app-pages-browser)/../../node_modules/.pnpm/next@15.5.18_@babel+core@7.29.7_react-dom@19.2.6_react@19.2.6__react@19.2.6/node_modules/next/dist/client/dev/report-hmr-latency.js:13
[  319363ms] [LOG] [Fast Refresh] rebuilding @ webpack-internal:///(app-pages-browser)/../../node_modules/.pnpm/next@15.5.18_@babel+core@7.29.7_react-dom@19.2.6_react@19.2.6__react@19.2.6/node_modules/next/dist/client/dev/hot-reloader/app/hot-reloader-app.js:196
[  319366ms] [LOG] [Fast Refresh] done in 2ms @ webpack-internal:///(app-pages-browser)/../../node_modules/.pnpm/next@15.5.18_@babel+core@7.29.7_react-dom@19.2.6_react@19.2.6__react@19.2.6/node_modules/next/dist/client/dev/report-hmr-latency.js:13
[  319413ms] [LOG] [Fast Refresh] rebuilding @ webpack-internal:///(app-pages-browser)/../../node_modules/.pnpm/next@15.5.18_@babel+core@7.29.7_react-dom@19.2.6_react@19.2.6__react@19.2.6/node_modules/next/dist/client/dev/hot-reloader/app/hot-reloader-app.js:196
[  319415ms] [LOG] [Fast Refresh] done in 1ms @ webpack-internal:///(app-pages-browser)/../../node_modules/.pnpm/next@15.5.18_@babel+core@7.29.7_react-dom@19.2.6_react@19.2.6__react@19.2.6/node_modules/next/dist/client/dev/report-hmr-latency.js:13
[  319465ms] [LOG] [Fast Refresh] rebuilding @ webpack-internal:///(app-pages-browser)/../../node_modules/.pnpm/next@15.5.18_@babel+core@7.29.7_react-dom@19.2.6_react@19.2.6__react@19.2.6/node_modules/next/dist/client/dev/hot-reloader/app/hot-reloader-app.js:196
[  319468ms] [LOG] [Fast Refresh] done in 3ms @ webpack-internal:///(app-pages-browser)/../../node_modules/.pnpm/next@15.5.18_@babel+core@7.29.7_react-dom@19.2.6_react@19.2.6__react@19.2.6/node_modules/next/dist/client/dev/report-hmr-latency.js:13
[  319516ms] [LOG] [Fast Refresh] rebuilding @ webpack-internal:///(app-pages-browser)/../../node_modules/.pnpm/next@15.5.18_@babel+core@7.29.7_react-dom@19.2.6_react@19.2.6__react@19.2.6/node_modules/next/dist/client/dev/hot-reloader/app/hot-reloader-app.js:196
[  319520ms] [LOG] [Fast Refresh] done in 3ms @ webpack-internal:///(app-pages-browser)/../../node_modules/.pnpm/next@15.5.18_@babel+core@7.29.7_react-dom@19.2.6_react@19.2.6__react@19.2.6/node_modules/next/dist/client/dev/report-hmr-latency.js:13
[  319566ms] [LOG] [Fast Refresh] rebuilding @ webpack-internal:///(app-pages-browser)/../../node_modules/.pnpm/next@15.5.18_@babel+core@7.29.7_react-dom@19.2.6_react@19.2.6__react@19.2.6/node_modules/next/dist/client/dev/hot-reloader/app/hot-reloader-app.js:196
[  319569ms] [LOG] [Fast Refresh] done in 4ms @ webpack-internal:///(app-pages-browser)/../../node_modules/.pnpm/next@15.5.18_@babel+core@7.29.7_react-dom@19.2.6_react@19.2.6__react@19.2.6/node_modules/next/dist/client/dev/report-hmr-latency.js:13
[  319615ms] [LOG] [Fast Refresh] rebuilding @ webpack-internal:///(app-pages-browser)/../../node_modules/.pnpm/next@15.5.18_@babel+core@7.29.7_react-dom@19.2.6_react@19.2.6__react@19.2.6/node_modules/next/dist/client/dev/hot-reloader/app/hot-reloader-app.js:196
[  319618ms] [LOG] [Fast Refresh] done in 3ms @ webpack-internal:///(app-pages-browser)/../../node_modules/.pnpm/next@15.5.18_@babel+core@7.29.7_react-dom@19.2.6_react@19.2.6__react@19.2.6/node_modules/next/dist/client/dev/report-hmr-latency.js:13
[  319667ms] [LOG] [Fast Refresh] rebuilding @ webpack-internal:///(app-pages-browser)/../../node_modules/.pnpm/next@15.5.18_@babel+core@7.29.7_react-dom@19.2.6_react@19.2.6__react@19.2.6/node_modules/next/dist/client/dev/hot-reloader/app/hot-reloader-app.js:196
[  319670ms] [LOG] [Fast Refresh] done in 3ms @ webpack-internal:///(app-pages-browser)/../../node_modules/.pnpm/next@15.5.18_@babel+core@7.29.7_react-dom@19.2.6_react@19.2.6__react@19.2.6/node_modules/next/dist/client/dev/report-hmr-latency.js:13
[  319720ms] [LOG] [Fast Refresh] rebuilding @ webpack-internal:///(app-pages-browser)/../../node_modules/.pnpm/next@15.5.18_@babel+core@7.29.7_react-dom@19.2.6_react@19.2.6__react@19.2.6/node_modules/next/dist/client/dev/hot-reloader/app/hot-reloader-app.js:196
[  319723ms] [LOG] [Fast Refresh] done in 3ms @ webpack-internal:///(app-pages-browser)/../../node_modules/.pnpm/next@15.5.18_@babel+core@7.29.7_react-dom@19.2.6_react@19.2.6__react@19.2.6/node_modules/next/dist/client/dev/report-hmr-latency.js:13
[  319777ms] [LOG] [Fast Refresh] rebuilding @ webpack-internal:///(app-pages-browser)/../../node_modules/.pnpm/next@15.5.18_@babel+core@7.29.7_react-dom@19.2.6_react@19.2.6__react@19.2.6/node_modules/next/dist/client/dev/hot-reloader/app/hot-reloader-app.js:196
[  319779ms] [LOG] [Fast Refresh] done in 3ms @ webpack-internal:///(app-pages-browser)/../../node_modules/.pnpm/next@15.5.18_@babel+core@7.29.7_react-dom@19.2.6_react@19.2.6__react@19.2.6/node_modules/next/dist/client/dev/report-hmr-latency.js:13
[  319829ms] [LOG] [Fast Refresh] rebuilding @ webpack-internal:///(app-pages-browser)/../../node_modules/.pnpm/next@15.5.18_@babel+core@7.29.7_react-dom@19.2.6_react@19.2.6__react@19.2.6/node_modules/next/dist/client/dev/hot-reloader/app/hot-reloader-app.js:196
[  319832ms] [LOG] [Fast Refresh] done in 2ms @ webpack-internal:///(app-pages-browser)/../../node_modules/.pnpm/next@15.5.18_@babel+core@7.29.7_react-dom@19.2.6_react@19.2.6__react@19.2.6/node_modules/next/dist/client/dev/report-hmr-latency.js:13
[  319876ms] [LOG] [Fast Refresh] rebuilding @ webpack-internal:///(app-pages-browser)/../../node_modules/.pnpm/next@15.5.18_@babel+core@7.29.7_react-dom@19.2.6_react@19.2.6__react@19.2.6/node_modules/next/dist/client/dev/hot-reloader/app/hot-reloader-app.js:196
[  319879ms] [LOG] [Fast Refresh] done in 3ms @ webpack-internal:///(app-pages-browser)/../../node_modules/.pnpm/next@15.5.18_@babel+core@7.29.7_react-dom@19.2.6_react@19.2.6__react@19.2.6/node_modules/next/dist/client/dev/report-hmr-latency.js:13
[  319925ms] [LOG] [Fast Refresh] rebuilding @ webpack-internal:///(app-pages-browser)/../../node_modules/.pnpm/next@15.5.18_@babel+core@7.29.7_react-dom@19.2.6_react@19.2.6__react@19.2.6/node_modules/next/dist/client/dev/hot-reloader/app/hot-reloader-app.js:196
[  319927ms] [LOG] [Fast Refresh] done in 3ms @ webpack-internal:///(app-pages-browser)/../../node_modules/.pnpm/next@15.5.18_@babel+core@7.29.7_react-dom@19.2.6_react@19.2.6__react@19.2.6/node_modules/next/dist/client/dev/report-hmr-latency.js:13
[  319976ms] [LOG] [Fast Refresh] rebuilding @ webpack-internal:///(app-pages-browser)/../../node_modules/.pnpm/next@15.5.18_@babel+core@7.29.7_react-dom@19.2.6_react@19.2.6__react@19.2.6/node_modules/next/dist/client/dev/hot-reloader/app/hot-reloader-app.js:196
[  319979ms] [LOG] [Fast Refresh] done in 3ms @ webpack-internal:///(app-pages-browser)/../../node_modules/.pnpm/next@15.5.18_@babel+core@7.29.7_react-dom@19.2.6_react@19.2.6__react@19.2.6/node_modules/next/dist/client/dev/report-hmr-latency.js:13
[  320024ms] [LOG] [Fast Refresh] rebuilding @ webpack-internal:///(app-pages-browser)/../../node_modules/.pnpm/next@15.5.18_@babel+core@7.29.7_react-dom@19.2.6_react@19.2.6__react@19.2.6/node_modules/next/dist/client/dev/hot-reloader/app/hot-reloader-app.js:196
[  320026ms] [LOG] [Fast Refresh] done in 3ms @ webpack-internal:///(app-pages-browser)/../../node_modules/.pnpm/next@15.5.18_@babel+core@7.29.7_react-dom@19.2.6_react@19.2.6__react@19.2.6/node_modules/next/dist/client/dev/report-hmr-latency.js:13
[  320071ms] [LOG] [Fast Refresh] rebuilding @ webpack-internal:///(app-pages-browser)/../../node_modules/.pnpm/next@15.5.18_@babel+core@7.29.7_react-dom@19.2.6_react@19.2.6__react@19.2.6/node_modules/next/dist/client/dev/hot-reloader/app/hot-reloader-app.js:196
[  320072ms] [LOG] [Fast Refresh] done in 1ms @ webpack-internal:///(app-pages-browser)/../../node_modules/.pnpm/next@15.5.18_@babel+core@7.29.7_react-dom@19.2.6_react@19.2.6__react@19.2.6/node_modules/next/dist/client/dev/report-hmr-latency.js:13
[  320119ms] [LOG] [Fast Refresh] done in 48ms @ webpack-internal:///(app-pages-browser)/../../node_modules/.pnpm/next@15.5.18_@babel+core@7.29.7_react-dom@19.2.6_react@19.2.6__react@19.2.6/node_modules/next/dist/client/dev/report-hmr-latency.js:13
[  320121ms] [LOG] [Fast Refresh] rebuilding @ webpack-internal:///(app-pages-browser)/../../node_modules/.pnpm/next@15.5.18_@babel+core@7.29.7_react-dom@19.2.6_react@19.2.6__react@19.2.6/node_modules/next/dist/client/dev/hot-reloader/app/hot-reloader-app.js:196
[  320166ms] [LOG] [Fast Refresh] done in 46ms @ webpack-internal:///(app-pages-browser)/../../node_modules/.pnpm/next@15.5.18_@babel+core@7.29.7_react-dom@19.2.6_react@19.2.6__react@19.2.6/node_modules/next/dist/client/dev/report-hmr-latency.js:13
[  320172ms] [LOG] [Fast Refresh] rebuilding @ webpack-internal:///(app-pages-browser)/../../node_modules/.pnpm/next@15.5.18_@babel+core@7.29.7_react-dom@19.2.6_react@19.2.6__react@19.2.6/node_modules/next/dist/client/dev/hot-reloader/app/hot-reloader-app.js:196
[  320218ms] [LOG] [Fast Refresh] done in 47ms @ webpack-internal:///(app-pages-browser)/../../node_modules/.pnpm/next@15.5.18_@babel+core@7.29.7_react-dom@19.2.6_react@19.2.6__react@19.2.6/node_modules/next/dist/client/dev/report-hmr-latency.js:13
[  320222ms] [LOG] [Fast Refresh] rebuilding @ webpack-internal:///(app-pages-browser)/../../node_modules/.pnpm/next@15.5.18_@babel+core@7.29.7_react-dom@19.2.6_react@19.2.6__react@19.2.6/node_modules/next/dist/client/dev/hot-reloader/app/hot-reloader-app.js:196
[  320273ms] [LOG] [Fast Refresh] rebuilding @ webpack-internal:///(app-pages-browser)/../../node_modules/.pnpm/next@15.5.18_@babel+core@7.29.7_react-dom@19.2.6_react@19.2.6__react@19.2.6/node_modules/next/dist/client/dev/hot-reloader/app/hot-reloader-app.js:196
[  320277ms] [LOG] [Fast Refresh] done in 4ms @ webpack-internal:///(app-pages-browser)/../../node_modules/.pnpm/next@15.5.18_@babel+core@7.29.7_react-dom@19.2.6_react@19.2.6__react@19.2.6/node_modules/next/dist/client/dev/report-hmr-latency.js:13
[  320348ms] [LOG] [Fast Refresh] rebuilding @ webpack-internal:///(app-pages-browser)/../../node_modules/.pnpm/next@15.5.18_@babel+core@7.29.7_react-dom@19.2.6_react@19.2.6__react@19.2.6/node_modules/next/dist/client/dev/hot-reloader/app/hot-reloader-app.js:196
[  320351ms] [LOG] [Fast Refresh] done in 4ms @ webpack-internal:///(app-pages-browser)/../../node_modules/.pnpm/next@15.5.18_@babel+core@7.29.7_react-dom@19.2.6_react@19.2.6__react@19.2.6/node_modules/next/dist/client/dev/report-hmr-latency.js:13
[  320390ms] [LOG] [Fast Refresh] rebuilding @ webpack-internal:///(app-pages-browser)/../../node_modules/.pnpm/next@15.5.18_@babel+core@7.29.7_react-dom@19.2.6_react@19.2.6__react@19.2.6/node_modules/next/dist/client/dev/hot-reloader/app/hot-reloader-app.js:196
[  320392ms] [LOG] [Fast Refresh] done in 2ms @ webpack-internal:///(app-pages-browser)/../../node_modules/.pnpm/next@15.5.18_@babel+core@7.29.7_react-dom@19.2.6_react@19.2.6__react@19.2.6/node_modules/next/dist/client/dev/report-hmr-latency.js:13
[  320434ms] [LOG] [Fast Refresh] rebuilding @ webpack-internal:///(app-pages-browser)/../../node_modules/.pnpm/next@15.5.18_@babel+core@7.29.7_react-dom@19.2.6_react@19.2.6__react@19.2.6/node_modules/next/dist/client/dev/hot-reloader/app/hot-reloader-app.js:196
[  320437ms] [LOG] [Fast Refresh] done in 3ms @ webpack-internal:///(app-pages-browser)/../../node_modules/.pnpm/next@15.5.18_@babel+core@7.29.7_react-dom@19.2.6_react@19.2.6__react@19.2.6/node_modules/next/dist/client/dev/report-hmr-latency.js:13
[  320482ms] [LOG] [Fast Refresh] rebuilding @ webpack-internal:///(app-pages-browser)/../../node_modules/.pnpm/next@15.5.18_@babel+core@7.29.7_react-dom@19.2.6_react@19.2.6__react@19.2.6/node_modules/next/dist/client/dev/hot-reloader/app/hot-reloader-app.js:196
[  320485ms] [LOG] [Fast Refresh] done in 3ms @ webpack-internal:///(app-pages-browser)/../../node_modules/.pnpm/next@15.5.18_@babel+core@7.29.7_react-dom@19.2.6_react@19.2.6__react@19.2.6/node_modules/next/dist/client/dev/report-hmr-latency.js:13
[  320529ms] [LOG] [Fast Refresh] rebuilding @ webpack-internal:///(app-pages-browser)/../../node_modules/.pnpm/next@15.5.18_@babel+core@7.29.7_react-dom@19.2.6_react@19.2.6__react@19.2.6/node_modules/next/dist/client/dev/hot-reloader/app/hot-reloader-app.js:196
[  320531ms] [LOG] [Fast Refresh] done in 2ms @ webpack-internal:///(app-pages-browser)/../../node_modules/.pnpm/next@15.5.18_@babel+core@7.29.7_react-dom@19.2.6_react@19.2.6__react@19.2.6/node_modules/next/dist/client/dev/report-hmr-latency.js:13
[  320576ms] [LOG] [Fast Refresh] rebuilding @ webpack-internal:///(app-pages-browser)/../../node_modules/.pnpm/next@15.5.18_@babel+core@7.29.7_react-dom@19.2.6_react@19.2.6__react@19.2.6/node_modules/next/dist/client/dev/hot-reloader/app/hot-reloader-app.js:196
[  320577ms] [LOG] [Fast Refresh] done in 2ms @ webpack-internal:///(app-pages-browser)/../../node_modules/.pnpm/next@15.5.18_@babel+core@7.29.7_react-dom@19.2.6_react@19.2.6__react@19.2.6/node_modules/next/dist/client/dev/report-hmr-latency.js:13
[  320624ms] [LOG] [Fast Refresh] done in 48ms @ webpack-internal:///(app-pages-browser)/../../node_modules/.pnpm/next@15.5.18_@babel+core@7.29.7_react-dom@19.2.6_react@19.2.6__react@19.2.6/node_modules/next/dist/client/dev/report-hmr-latency.js:13
[  320626ms] [LOG] [Fast Refresh] rebuilding @ webpack-internal:///(app-pages-browser)/../../node_modules/.pnpm/next@15.5.18_@babel+core@7.29.7_react-dom@19.2.6_react@19.2.6__react@19.2.6/node_modules/next/dist/client/dev/hot-reloader/app/hot-reloader-app.js:196
[  320676ms] [LOG] [Fast Refresh] done in 50ms @ webpack-internal:///(app-pages-browser)/../../node_modules/.pnpm/next@15.5.18_@babel+core@7.29.7_react-dom@19.2.6_react@19.2.6__react@19.2.6/node_modules/next/dist/client/dev/report-hmr-latency.js:13
[  320676ms] [LOG] [Fast Refresh] rebuilding @ webpack-internal:///(app-pages-browser)/../../node_modules/.pnpm/next@15.5.18_@babel+core@7.29.7_react-dom@19.2.6_react@19.2.6__react@19.2.6/node_modules/next/dist/client/dev/hot-reloader/app/hot-reloader-app.js:196
[  320727ms] [LOG] [Fast Refresh] rebuilding @ webpack-internal:///(app-pages-browser)/../../node_modules/.pnpm/next@15.5.18_@babel+core@7.29.7_react-dom@19.2.6_react@19.2.6__react@19.2.6/node_modules/next/dist/client/dev/hot-reloader/app/hot-reloader-app.js:196
[  320729ms] [LOG] [Fast Refresh] done in 3ms @ webpack-internal:///(app-pages-browser)/../../node_modules/.pnpm/next@15.5.18_@babel+core@7.29.7_react-dom@19.2.6_react@19.2.6__react@19.2.6/node_modules/next/dist/client/dev/report-hmr-latency.js:13
[  320772ms] [LOG] [Fast Refresh] done in 46ms @ webpack-internal:///(app-pages-browser)/../../node_modules/.pnpm/next@15.5.18_@babel+core@7.29.7_react-dom@19.2.6_react@19.2.6__react@19.2.6/node_modules/next/dist/client/dev/report-hmr-latency.js:13
[  320777ms] [LOG] [Fast Refresh] rebuilding @ webpack-internal:///(app-pages-browser)/../../node_modules/.pnpm/next@15.5.18_@babel+core@7.29.7_react-dom@19.2.6_react@19.2.6__react@19.2.6/node_modules/next/dist/client/dev/hot-reloader/app/hot-reloader-app.js:196
[  320824ms] [LOG] [Fast Refresh] done in 48ms @ webpack-internal:///(app-pages-browser)/../../node_modules/.pnpm/next@15.5.18_@babel+core@7.29.7_react-dom@19.2.6_react@19.2.6__react@19.2.6/node_modules/next/dist/client/dev/report-hmr-latency.js:13
[  320827ms] [LOG] [Fast Refresh] rebuilding @ webpack-internal:///(app-pages-browser)/../../node_modules/.pnpm/next@15.5.18_@babel+core@7.29.7_react-dom@19.2.6_react@19.2.6__react@19.2.6/node_modules/next/dist/client/dev/hot-reloader/app/hot-reloader-app.js:196
[  320874ms] [LOG] [Fast Refresh] done in 47ms @ webpack-internal:///(app-pages-browser)/../../node_modules/.pnpm/next@15.5.18_@babel+core@7.29.7_react-dom@19.2.6_react@19.2.6__react@19.2.6/node_modules/next/dist/client/dev/report-hmr-latency.js:13
[  320877ms] [LOG] [Fast Refresh] rebuilding @ webpack-internal:///(app-pages-browser)/../../node_modules/.pnpm/next@15.5.18_@babel+core@7.29.7_react-dom@19.2.6_react@19.2.6__react@19.2.6/node_modules/next/dist/client/dev/hot-reloader/app/hot-reloader-app.js:196
[  320924ms] [LOG] [Fast Refresh] done in 48ms @ webpack-internal:///(app-pages-browser)/../../node_modules/.pnpm/next@15.5.18_@babel+core@7.29.7_react-dom@19.2.6_react@19.2.6__react@19.2.6/node_modules/next/dist/client/dev/report-hmr-latency.js:13
[  320927ms] [LOG] [Fast Refresh] rebuilding @ webpack-internal:///(app-pages-browser)/../../node_modules/.pnpm/next@15.5.18_@babel+core@7.29.7_react-dom@19.2.6_react@19.2.6__react@19.2.6/node_modules/next/dist/client/dev/hot-reloader/app/hot-reloader-app.js:196
[  320977ms] [LOG] [Fast Refresh] rebuilding @ webpack-internal:///(app-pages-browser)/../../node_modules/.pnpm/next@15.5.18_@babel+core@7.29.7_react-dom@19.2.6_react@19.2.6__react@19.2.6/node_modules/next/dist/client/dev/hot-reloader/app/hot-reloader-app.js:196
[  320978ms] [LOG] [Fast Refresh] done in 2ms @ webpack-internal:///(app-pages-browser)/../../node_modules/.pnpm/next@15.5.18_@babel+core@7.29.7_react-dom@19.2.6_react@19.2.6__react@19.2.6/node_modules/next/dist/client/dev/report-hmr-latency.js:13
[  321028ms] [LOG] [Fast Refresh] done in 52ms @ webpack-internal:///(app-pages-browser)/../../node_modules/.pnpm/next@15.5.18_@babel+core@7.29.7_react-dom@19.2.6_react@19.2.6__react@19.2.6/node_modules/next/dist/client/dev/report-hmr-latency.js:13
[  321028ms] [LOG] [Fast Refresh] rebuilding @ webpack-internal:///(app-pages-browser)/../../node_modules/.pnpm/next@15.5.18_@babel+core@7.29.7_react-dom@19.2.6_react@19.2.6__react@19.2.6/node_modules/next/dist/client/dev/hot-reloader/app/hot-reloader-app.js:196
[  321072ms] [LOG] [Fast Refresh] done in 44ms @ webpack-internal:///(app-pages-browser)/../../node_modules/.pnpm/next@15.5.18_@babel+core@7.29.7_react-dom@19.2.6_react@19.2.6__react@19.2.6/node_modules/next/dist/client/dev/report-hmr-latency.js:13
[  321078ms] [LOG] [Fast Refresh] rebuilding @ webpack-internal:///(app-pages-browser)/../../node_modules/.pnpm/next@15.5.18_@babel+core@7.29.7_react-dom@19.2.6_react@19.2.6__react@19.2.6/node_modules/next/dist/client/dev/hot-reloader/app/hot-reloader-app.js:196
[  321127ms] [LOG] [Fast Refresh] done in 49ms @ webpack-internal:///(app-pages-browser)/../../node_modules/.pnpm/next@15.5.18_@babel+core@7.29.7_react-dom@19.2.6_react@19.2.6__react@19.2.6/node_modules/next/dist/client/dev/report-hmr-latency.js:13
[  321128ms] [LOG] [Fast Refresh] rebuilding @ webpack-internal:///(app-pages-browser)/../../node_modules/.pnpm/next@15.5.18_@babel+core@7.29.7_react-dom@19.2.6_react@19.2.6__react@19.2.6/node_modules/next/dist/client/dev/hot-reloader/app/hot-reloader-app.js:196
[  321178ms] [LOG] [Fast Refresh] rebuilding @ webpack-internal:///(app-pages-browser)/../../node_modules/.pnpm/next@15.5.18_@babel+core@7.29.7_react-dom@19.2.6_react@19.2.6__react@19.2.6/node_modules/next/dist/client/dev/hot-reloader/app/hot-reloader-app.js:196
[  321181ms] [LOG] [Fast Refresh] done in 2ms @ webpack-internal:///(app-pages-browser)/../../node_modules/.pnpm/next@15.5.18_@babel+core@7.29.7_react-dom@19.2.6_react@19.2.6__react@19.2.6/node_modules/next/dist/client/dev/report-hmr-latency.js:13
[  321227ms] [LOG] [Fast Refresh] done in 49ms @ webpack-internal:///(app-pages-browser)/../../node_modules/.pnpm/next@15.5.18_@babel+core@7.29.7_react-dom@19.2.6_react@19.2.6__react@19.2.6/node_modules/next/dist/client/dev/report-hmr-latency.js:13
[  321228ms] [LOG] [Fast Refresh] rebuilding @ webpack-internal:///(app-pages-browser)/../../node_modules/.pnpm/next@15.5.18_@babel+core@7.29.7_react-dom@19.2.6_react@19.2.6__react@19.2.6/node_modules/next/dist/client/dev/hot-reloader/app/hot-reloader-app.js:196
[  321275ms] [LOG] [Fast Refresh] done in 46ms @ webpack-internal:///(app-pages-browser)/../../node_modules/.pnpm/next@15.5.18_@babel+core@7.29.7_react-dom@19.2.6_react@19.2.6__react@19.2.6/node_modules/next/dist/client/dev/report-hmr-latency.js:13
[  321279ms] [LOG] [Fast Refresh] rebuilding @ webpack-internal:///(app-pages-browser)/../../node_modules/.pnpm/next@15.5.18_@babel+core@7.29.7_react-dom@19.2.6_react@19.2.6__react@19.2.6/node_modules/next/dist/client/dev/hot-reloader/app/hot-reloader-app.js:196
[  321325ms] [LOG] [Fast Refresh] done in 46ms @ webpack-internal:///(app-pages-browser)/../../node_modules/.pnpm/next@15.5.18_@babel+core@7.29.7_react-dom@19.2.6_react@19.2.6__react@19.2.6/node_modules/next/dist/client/dev/report-hmr-latency.js:13
[  321329ms] [LOG] [Fast Refresh] rebuilding @ webpack-internal:///(app-pages-browser)/../../node_modules/.pnpm/next@15.5.18_@babel+core@7.29.7_react-dom@19.2.6_react@19.2.6__react@19.2.6/node_modules/next/dist/client/dev/hot-reloader/app/hot-reloader-app.js:196
[  321377ms] [LOG] [Fast Refresh] done in 47ms @ webpack-internal:///(app-pages-browser)/../../node_modules/.pnpm/next@15.5.18_@babel+core@7.29.7_react-dom@19.2.6_react@19.2.6__react@19.2.6/node_modules/next/dist/client/dev/report-hmr-latency.js:13
[  321380ms] [LOG] [Fast Refresh] rebuilding @ webpack-internal:///(app-pages-browser)/../../node_modules/.pnpm/next@15.5.18_@babel+core@7.29.7_react-dom@19.2.6_react@19.2.6__react@19.2.6/node_modules/next/dist/client/dev/hot-reloader/app/hot-reloader-app.js:196
[  321430ms] [LOG] [Fast Refresh] rebuilding @ webpack-internal:///(app-pages-browser)/../../node_modules/.pnpm/next@15.5.18_@babel+core@7.29.7_react-dom@19.2.6_react@19.2.6__react@19.2.6/node_modules/next/dist/client/dev/hot-reloader/app/hot-reloader-app.js:196
[  321431ms] [LOG] [Fast Refresh] done in 1ms @ webpack-internal:///(app-pages-browser)/../../node_modules/.pnpm/next@15.5.18_@babel+core@7.29.7_react-dom@19.2.6_react@19.2.6__react@19.2.6/node_modules/next/dist/client/dev/report-hmr-latency.js:13
[  321505ms] [LOG] [Fast Refresh] rebuilding @ webpack-internal:///(app-pages-browser)/../../node_modules/.pnpm/next@15.5.18_@babel+core@7.29.7_react-dom@19.2.6_react@19.2.6__react@19.2.6/node_modules/next/dist/client/dev/hot-reloader/app/hot-reloader-app.js:196
[  321508ms] [LOG] [Fast Refresh] done in 2ms @ webpack-internal:///(app-pages-browser)/../../node_modules/.pnpm/next@15.5.18_@babel+core@7.29.7_react-dom@19.2.6_react@19.2.6__react@19.2.6/node_modules/next/dist/client/dev/report-hmr-latency.js:13
[  321553ms] [LOG] [Fast Refresh] rebuilding @ webpack-internal:///(app-pages-browser)/../../node_modules/.pnpm/next@15.5.18_@babel+core@7.29.7_react-dom@19.2.6_react@19.2.6__react@19.2.6/node_modules/next/dist/client/dev/hot-reloader/app/hot-reloader-app.js:196
[  321555ms] [LOG] [Fast Refresh] done in 3ms @ webpack-internal:///(app-pages-browser)/../../node_modules/.pnpm/next@15.5.18_@babel+core@7.29.7_react-dom@19.2.6_react@19.2.6__react@19.2.6/node_modules/next/dist/client/dev/report-hmr-latency.js:13
[  321597ms] [LOG] [Fast Refresh] rebuilding @ webpack-internal:///(app-pages-browser)/../../node_modules/.pnpm/next@15.5.18_@babel+core@7.29.7_react-dom@19.2.6_react@19.2.6__react@19.2.6/node_modules/next/dist/client/dev/hot-reloader/app/hot-reloader-app.js:196
[  321600ms] [LOG] [Fast Refresh] done in 2ms @ webpack-internal:///(app-pages-browser)/../../node_modules/.pnpm/next@15.5.18_@babel+core@7.29.7_react-dom@19.2.6_react@19.2.6__react@19.2.6/node_modules/next/dist/client/dev/report-hmr-latency.js:13
[  321644ms] [LOG] [Fast Refresh] rebuilding @ webpack-internal:///(app-pages-browser)/../../node_modules/.pnpm/next@15.5.18_@babel+core@7.29.7_react-dom@19.2.6_react@19.2.6__react@19.2.6/node_modules/next/dist/client/dev/hot-reloader/app/hot-reloader-app.js:196
[  321646ms] [LOG] [Fast Refresh] done in 3ms @ webpack-internal:///(app-pages-browser)/../../node_modules/.pnpm/next@15.5.18_@babel+core@7.29.7_react-dom@19.2.6_react@19.2.6__react@19.2.6/node_modules/next/dist/client/dev/report-hmr-latency.js:13
[  321689ms] [LOG] [Fast Refresh] rebuilding @ webpack-internal:///(app-pages-browser)/../../node_modules/.pnpm/next@15.5.18_@babel+core@7.29.7_react-dom@19.2.6_react@19.2.6__react@19.2.6/node_modules/next/dist/client/dev/hot-reloader/app/hot-reloader-app.js:196
[  321691ms] [LOG] [Fast Refresh] done in 2ms @ webpack-internal:///(app-pages-browser)/../../node_modules/.pnpm/next@15.5.18_@babel+core@7.29.7_react-dom@19.2.6_react@19.2.6__react@19.2.6/node_modules/next/dist/client/dev/report-hmr-latency.js:13
[  321734ms] [LOG] [Fast Refresh] rebuilding @ webpack-internal:///(app-pages-browser)/../../node_modules/.pnpm/next@15.5.18_@babel+core@7.29.7_react-dom@19.2.6_react@19.2.6__react@19.2.6/node_modules/next/dist/client/dev/hot-reloader/app/hot-reloader-app.js:196
[  321736ms] [LOG] [Fast Refresh] done in 2ms @ webpack-internal:///(app-pages-browser)/../../node_modules/.pnpm/next@15.5.18_@babel+core@7.29.7_react-dom@19.2.6_react@19.2.6__react@19.2.6/node_modules/next/dist/client/dev/report-hmr-latency.js:13
[  321780ms] [LOG] [Fast Refresh] done in 47ms @ webpack-internal:///(app-pages-browser)/../../node_modules/.pnpm/next@15.5.18_@babel+core@7.29.7_react-dom@19.2.6_react@19.2.6__react@19.2.6/node_modules/next/dist/client/dev/report-hmr-latency.js:13
[  321785ms] [LOG] [Fast Refresh] rebuilding @ webpack-internal:///(app-pages-browser)/../../node_modules/.pnpm/next@15.5.18_@babel+core@7.29.7_react-dom@19.2.6_react@19.2.6__react@19.2.6/node_modules/next/dist/client/dev/hot-reloader/app/hot-reloader-app.js:196
[  321830ms] [LOG] [Fast Refresh] done in 46ms @ webpack-internal:///(app-pages-browser)/../../node_modules/.pnpm/next@15.5.18_@babel+core@7.29.7_react-dom@19.2.6_react@19.2.6__react@19.2.6/node_modules/next/dist/client/dev/report-hmr-latency.js:13
[  321835ms] [LOG] [Fast Refresh] rebuilding @ webpack-internal:///(app-pages-browser)/../../node_modules/.pnpm/next@15.5.18_@babel+core@7.29.7_react-dom@19.2.6_react@19.2.6__react@19.2.6/node_modules/next/dist/client/dev/hot-reloader/app/hot-reloader-app.js:196
[  321882ms] [LOG] [Fast Refresh] done in 47ms @ webpack-internal:///(app-pages-browser)/../../node_modules/.pnpm/next@15.5.18_@babel+core@7.29.7_react-dom@19.2.6_react@19.2.6__react@19.2.6/node_modules/next/dist/client/dev/report-hmr-latency.js:13
[  321885ms] [LOG] [Fast Refresh] rebuilding @ webpack-internal:///(app-pages-browser)/../../node_modules/.pnpm/next@15.5.18_@babel+core@7.29.7_react-dom@19.2.6_react@19.2.6__react@19.2.6/node_modules/next/dist/client/dev/hot-reloader/app/hot-reloader-app.js:196
[  321929ms] [LOG] [Fast Refresh] done in 45ms @ webpack-internal:///(app-pages-browser)/../../node_modules/.pnpm/next@15.5.18_@babel+core@7.29.7_react-dom@19.2.6_react@19.2.6__react@19.2.6/node_modules/next/dist/client/dev/report-hmr-latency.js:13
[  321935ms] [LOG] [Fast Refresh] rebuilding @ webpack-internal:///(app-pages-browser)/../../node_modules/.pnpm/next@15.5.18_@babel+core@7.29.7_react-dom@19.2.6_react@19.2.6__react@19.2.6/node_modules/next/dist/client/dev/hot-reloader/app/hot-reloader-app.js:196
[  321982ms] [LOG] [Fast Refresh] done in 48ms @ webpack-internal:///(app-pages-browser)/../../node_modules/.pnpm/next@15.5.18_@babel+core@7.29.7_react-dom@19.2.6_react@19.2.6__react@19.2.6/node_modules/next/dist/client/dev/report-hmr-latency.js:13
[  321985ms] [LOG] [Fast Refresh] rebuilding @ webpack-internal:///(app-pages-browser)/../../node_modules/.pnpm/next@15.5.18_@babel+core@7.29.7_react-dom@19.2.6_react@19.2.6__react@19.2.6/node_modules/next/dist/client/dev/hot-reloader/app/hot-reloader-app.js:196
[  322032ms] [LOG] [Fast Refresh] done in 48ms @ webpack-internal:///(app-pages-browser)/../../node_modules/.pnpm/next@15.5.18_@babel+core@7.29.7_react-dom@19.2.6_react@19.2.6__react@19.2.6/node_modules/next/dist/client/dev/report-hmr-latency.js:13
[  322035ms] [LOG] [Fast Refresh] rebuilding @ webpack-internal:///(app-pages-browser)/../../node_modules/.pnpm/next@15.5.18_@babel+core@7.29.7_react-dom@19.2.6_react@19.2.6__react@19.2.6/node_modules/next/dist/client/dev/hot-reloader/app/hot-reloader-app.js:196
[  322082ms] [LOG] [Fast Refresh] done in 46ms @ webpack-internal:///(app-pages-browser)/../../node_modules/.pnpm/next@15.5.18_@babel+core@7.29.7_react-dom@19.2.6_react@19.2.6__react@19.2.6/node_modules/next/dist/client/dev/report-hmr-latency.js:13
[  322085ms] [LOG] [Fast Refresh] rebuilding @ webpack-internal:///(app-pages-browser)/../../node_modules/.pnpm/next@15.5.18_@babel+core@7.29.7_react-dom@19.2.6_react@19.2.6__react@19.2.6/node_modules/next/dist/client/dev/hot-reloader/app/hot-reloader-app.js:196
[  322129ms] [LOG] [Fast Refresh] done in 44ms @ webpack-internal:///(app-pages-browser)/../../node_modules/.pnpm/next@15.5.18_@babel+core@7.29.7_react-dom@19.2.6_react@19.2.6__react@19.2.6/node_modules/next/dist/client/dev/report-hmr-latency.js:13
[  322135ms] [LOG] [Fast Refresh] rebuilding @ webpack-internal:///(app-pages-browser)/../../node_modules/.pnpm/next@15.5.18_@babel+core@7.29.7_react-dom@19.2.6_react@19.2.6__react@19.2.6/node_modules/next/dist/client/dev/hot-reloader/app/hot-reloader-app.js:196
[  322183ms] [LOG] [Fast Refresh] done in 47ms @ webpack-internal:///(app-pages-browser)/../../node_modules/.pnpm/next@15.5.18_@babel+core@7.29.7_react-dom@19.2.6_react@19.2.6__react@19.2.6/node_modules/next/dist/client/dev/report-hmr-latency.js:13
[  322186ms] [LOG] [Fast Refresh] rebuilding @ webpack-internal:///(app-pages-browser)/../../node_modules/.pnpm/next@15.5.18_@babel+core@7.29.7_react-dom@19.2.6_react@19.2.6__react@19.2.6/node_modules/next/dist/client/dev/hot-reloader/app/hot-reloader-app.js:196
[  322232ms] [LOG] [Fast Refresh] done in 46ms @ webpack-internal:///(app-pages-browser)/../../node_modules/.pnpm/next@15.5.18_@babel+core@7.29.7_react-dom@19.2.6_react@19.2.6__react@19.2.6/node_modules/next/dist/client/dev/report-hmr-latency.js:13
[  322236ms] [LOG] [Fast Refresh] rebuilding @ webpack-internal:///(app-pages-browser)/../../node_modules/.pnpm/next@15.5.18_@babel+core@7.29.7_react-dom@19.2.6_react@19.2.6__react@19.2.6/node_modules/next/dist/client/dev/hot-reloader/app/hot-reloader-app.js:196
[  322283ms] [LOG] [Fast Refresh] done in 48ms @ webpack-internal:///(app-pages-browser)/../../node_modules/.pnpm/next@15.5.18_@babel+core@7.29.7_react-dom@19.2.6_react@19.2.6__react@19.2.6/node_modules/next/dist/client/dev/report-hmr-latency.js:13
[  322286ms] [LOG] [Fast Refresh] rebuilding @ webpack-internal:///(app-pages-browser)/../../node_modules/.pnpm/next@15.5.18_@babel+core@7.29.7_react-dom@19.2.6_react@19.2.6__react@19.2.6/node_modules/next/dist/client/dev/hot-reloader/app/hot-reloader-app.js:196
[  322335ms] [LOG] [Fast Refresh] done in 49ms @ webpack-internal:///(app-pages-browser)/../../node_modules/.pnpm/next@15.5.18_@babel+core@7.29.7_react-dom@19.2.6_react@19.2.6__react@19.2.6/node_modules/next/dist/client/dev/report-hmr-latency.js:13
[  322336ms] [LOG] [Fast Refresh] rebuilding @ webpack-internal:///(app-pages-browser)/../../node_modules/.pnpm/next@15.5.18_@babel+core@7.29.7_react-dom@19.2.6_react@19.2.6__react@19.2.6/node_modules/next/dist/client/dev/hot-reloader/app/hot-reloader-app.js:196
[  322383ms] [LOG] [Fast Refresh] done in 47ms @ webpack-internal:///(app-pages-browser)/../../node_modules/.pnpm/next@15.5.18_@babel+core@7.29.7_react-dom@19.2.6_react@19.2.6__react@19.2.6/node_modules/next/dist/client/dev/report-hmr-latency.js:13
[  322386ms] [LOG] [Fast Refresh] rebuilding @ webpack-internal:///(app-pages-browser)/../../node_modules/.pnpm/next@15.5.18_@babel+core@7.29.7_react-dom@19.2.6_react@19.2.6__react@19.2.6/node_modules/next/dist/client/dev/hot-reloader/app/hot-reloader-app.js:196
[  322435ms] [LOG] [Fast Refresh] done in 49ms @ webpack-internal:///(app-pages-browser)/../../node_modules/.pnpm/next@15.5.18_@babel+core@7.29.7_react-dom@19.2.6_react@19.2.6__react@19.2.6/node_modules/next/dist/client/dev/report-hmr-latency.js:13
[  322436ms] [LOG] [Fast Refresh] rebuilding @ webpack-internal:///(app-pages-browser)/../../node_modules/.pnpm/next@15.5.18_@babel+core@7.29.7_react-dom@19.2.6_react@19.2.6__react@19.2.6/node_modules/next/dist/client/dev/hot-reloader/app/hot-reloader-app.js:196
[  322484ms] [LOG] [Fast Refresh] done in 48ms @ webpack-internal:///(app-pages-browser)/../../node_modules/.pnpm/next@15.5.18_@babel+core@7.29.7_react-dom@19.2.6_react@19.2.6__react@19.2.6/node_modules/next/dist/client/dev/report-hmr-latency.js:13
[  322486ms] [LOG] [Fast Refresh] rebuilding @ webpack-internal:///(app-pages-browser)/../../node_modules/.pnpm/next@15.5.18_@babel+core@7.29.7_react-dom@19.2.6_react@19.2.6__react@19.2.6/node_modules/next/dist/client/dev/hot-reloader/app/hot-reloader-app.js:196
[  322533ms] [LOG] [Fast Refresh] done in 46ms @ webpack-internal:///(app-pages-browser)/../../node_modules/.pnpm/next@15.5.18_@babel+core@7.29.7_react-dom@19.2.6_react@19.2.6__react@19.2.6/node_modules/next/dist/client/dev/report-hmr-latency.js:13
[  322537ms] [LOG] [Fast Refresh] rebuilding @ webpack-internal:///(app-pages-browser)/../../node_modules/.pnpm/next@15.5.18_@babel+core@7.29.7_react-dom@19.2.6_react@19.2.6__react@19.2.6/node_modules/next/dist/client/dev/hot-reloader/app/hot-reloader-app.js:196
[  322588ms] [LOG] [Fast Refresh] rebuilding @ webpack-internal:///(app-pages-browser)/../../node_modules/.pnpm/next@15.5.18_@babel+core@7.29.7_react-dom@19.2.6_react@19.2.6__react@19.2.6/node_modules/next/dist/client/dev/hot-reloader/app/hot-reloader-app.js:196
[  322589ms] [LOG] [Fast Refresh] done in 1ms @ webpack-internal:///(app-pages-browser)/../../node_modules/.pnpm/next@15.5.18_@babel+core@7.29.7_react-dom@19.2.6_react@19.2.6__react@19.2.6/node_modules/next/dist/client/dev/report-hmr-latency.js:13
[  322656ms] [LOG] [Fast Refresh] rebuilding @ webpack-internal:///(app-pages-browser)/../../node_modules/.pnpm/next@15.5.18_@babel+core@7.29.7_react-dom@19.2.6_react@19.2.6__react@19.2.6/node_modules/next/dist/client/dev/hot-reloader/app/hot-reloader-app.js:196
[  322659ms] [LOG] [Fast Refresh] done in 3ms @ webpack-internal:///(app-pages-browser)/../../node_modules/.pnpm/next@15.5.18_@babel+core@7.29.7_react-dom@19.2.6_react@19.2.6__react@19.2.6/node_modules/next/dist/client/dev/report-hmr-latency.js:13
[  322701ms] [LOG] [Fast Refresh] rebuilding @ webpack-internal:///(app-pages-browser)/../../node_modules/.pnpm/next@15.5.18_@babel+core@7.29.7_react-dom@19.2.6_react@19.2.6__react@19.2.6/node_modules/next/dist/client/dev/hot-reloader/app/hot-reloader-app.js:196
[  322705ms] [LOG] [Fast Refresh] done in 4ms @ webpack-internal:///(app-pages-browser)/../../node_modules/.pnpm/next@15.5.18_@babel+core@7.29.7_react-dom@19.2.6_react@19.2.6__react@19.2.6/node_modules/next/dist/client/dev/report-hmr-latency.js:13
[  322743ms] [LOG] [Fast Refresh] rebuilding @ webpack-internal:///(app-pages-browser)/../../node_modules/.pnpm/next@15.5.18_@babel+core@7.29.7_react-dom@19.2.6_react@19.2.6__react@19.2.6/node_modules/next/dist/client/dev/hot-reloader/app/hot-reloader-app.js:196
[  322746ms] [LOG] [Fast Refresh] done in 2ms @ webpack-internal:///(app-pages-browser)/../../node_modules/.pnpm/next@15.5.18_@babel+core@7.29.7_react-dom@19.2.6_react@19.2.6__react@19.2.6/node_modules/next/dist/client/dev/report-hmr-latency.js:13
[  322790ms] [LOG] [Fast Refresh] rebuilding @ webpack-internal:///(app-pages-browser)/../../node_modules/.pnpm/next@15.5.18_@babel+core@7.29.7_react-dom@19.2.6_react@19.2.6__react@19.2.6/node_modules/next/dist/client/dev/hot-reloader/app/hot-reloader-app.js:196
[  322792ms] [LOG] [Fast Refresh] done in 2ms @ webpack-internal:///(app-pages-browser)/../../node_modules/.pnpm/next@15.5.18_@babel+core@7.29.7_react-dom@19.2.6_react@19.2.6__react@19.2.6/node_modules/next/dist/client/dev/report-hmr-latency.js:13
[  322839ms] [LOG] [Fast Refresh] done in 49ms @ webpack-internal:///(app-pages-browser)/../../node_modules/.pnpm/next@15.5.18_@babel+core@7.29.7_react-dom@19.2.6_react@19.2.6__react@19.2.6/node_modules/next/dist/client/dev/report-hmr-latency.js:13
[  322840ms] [LOG] [Fast Refresh] rebuilding @ webpack-internal:///(app-pages-browser)/../../node_modules/.pnpm/next@15.5.18_@babel+core@7.29.7_react-dom@19.2.6_react@19.2.6__react@19.2.6/node_modules/next/dist/client/dev/hot-reloader/app/hot-reloader-app.js:196
[  322887ms] [LOG] [Fast Refresh] done in 47ms @ webpack-internal:///(app-pages-browser)/../../node_modules/.pnpm/next@15.5.18_@babel+core@7.29.7_react-dom@19.2.6_react@19.2.6__react@19.2.6/node_modules/next/dist/client/dev/report-hmr-latency.js:13
[  322891ms] [LOG] [Fast Refresh] rebuilding @ webpack-internal:///(app-pages-browser)/../../node_modules/.pnpm/next@15.5.18_@babel+core@7.29.7_react-dom@19.2.6_react@19.2.6__react@19.2.6/node_modules/next/dist/client/dev/hot-reloader/app/hot-reloader-app.js:196
[  322938ms] [LOG] [Fast Refresh] done in 48ms @ webpack-internal:///(app-pages-browser)/../../node_modules/.pnpm/next@15.5.18_@babel+core@7.29.7_react-dom@19.2.6_react@19.2.6__react@19.2.6/node_modules/next/dist/client/dev/report-hmr-latency.js:13
[  322940ms] [LOG] [Fast Refresh] rebuilding @ webpack-internal:///(app-pages-browser)/../../node_modules/.pnpm/next@15.5.18_@babel+core@7.29.7_react-dom@19.2.6_react@19.2.6__react@19.2.6/node_modules/next/dist/client/dev/hot-reloader/app/hot-reloader-app.js:196
[  322989ms] [LOG] [Fast Refresh] done in 49ms @ webpack-internal:///(app-pages-browser)/../../node_modules/.pnpm/next@15.5.18_@babel+core@7.29.7_react-dom@19.2.6_react@19.2.6__react@19.2.6/node_modules/next/dist/client/dev/report-hmr-latency.js:13
[  322990ms] [LOG] [Fast Refresh] rebuilding @ webpack-internal:///(app-pages-browser)/../../node_modules/.pnpm/next@15.5.18_@babel+core@7.29.7_react-dom@19.2.6_react@19.2.6__react@19.2.6/node_modules/next/dist/client/dev/hot-reloader/app/hot-reloader-app.js:196
[  323038ms] [LOG] [Fast Refresh] done in 47ms @ webpack-internal:///(app-pages-browser)/../../node_modules/.pnpm/next@15.5.18_@babel+core@7.29.7_react-dom@19.2.6_react@19.2.6__react@19.2.6/node_modules/next/dist/client/dev/report-hmr-latency.js:13
[  323041ms] [LOG] [Fast Refresh] rebuilding @ webpack-internal:///(app-pages-browser)/../../node_modules/.pnpm/next@15.5.18_@babel+core@7.29.7_react-dom@19.2.6_react@19.2.6__react@19.2.6/node_modules/next/dist/client/dev/hot-reloader/app/hot-reloader-app.js:196
[  323089ms] [LOG] [Fast Refresh] done in 48ms @ webpack-internal:///(app-pages-browser)/../../node_modules/.pnpm/next@15.5.18_@babel+core@7.29.7_react-dom@19.2.6_react@19.2.6__react@19.2.6/node_modules/next/dist/client/dev/report-hmr-latency.js:13
[  323091ms] [LOG] [Fast Refresh] rebuilding @ webpack-internal:///(app-pages-browser)/../../node_modules/.pnpm/next@15.5.18_@babel+core@7.29.7_react-dom@19.2.6_react@19.2.6__react@19.2.6/node_modules/next/dist/client/dev/hot-reloader/app/hot-reloader-app.js:196
[  323139ms] [LOG] [Fast Refresh] done in 48ms @ webpack-internal:///(app-pages-browser)/../../node_modules/.pnpm/next@15.5.18_@babel+core@7.29.7_react-dom@19.2.6_react@19.2.6__react@19.2.6/node_modules/next/dist/client/dev/report-hmr-latency.js:13
[  323141ms] [LOG] [Fast Refresh] rebuilding @ webpack-internal:///(app-pages-browser)/../../node_modules/.pnpm/next@15.5.18_@babel+core@7.29.7_react-dom@19.2.6_react@19.2.6__react@19.2.6/node_modules/next/dist/client/dev/hot-reloader/app/hot-reloader-app.js:196
[  323188ms] [LOG] [Fast Refresh] done in 48ms @ webpack-internal:///(app-pages-browser)/../../node_modules/.pnpm/next@15.5.18_@babel+core@7.29.7_react-dom@19.2.6_react@19.2.6__react@19.2.6/node_modules/next/dist/client/dev/report-hmr-latency.js:13
[  323191ms] [LOG] [Fast Refresh] rebuilding @ webpack-internal:///(app-pages-browser)/../../node_modules/.pnpm/next@15.5.18_@babel+core@7.29.7_react-dom@19.2.6_react@19.2.6__react@19.2.6/node_modules/next/dist/client/dev/hot-reloader/app/hot-reloader-app.js:196
[  323235ms] [LOG] [Fast Refresh] done in 44ms @ webpack-internal:///(app-pages-browser)/../../node_modules/.pnpm/next@15.5.18_@babel+core@7.29.7_react-dom@19.2.6_react@19.2.6__react@19.2.6/node_modules/next/dist/client/dev/report-hmr-latency.js:13
[  323241ms] [LOG] [Fast Refresh] rebuilding @ webpack-internal:///(app-pages-browser)/../../node_modules/.pnpm/next@15.5.18_@babel+core@7.29.7_react-dom@19.2.6_react@19.2.6__react@19.2.6/node_modules/next/dist/client/dev/hot-reloader/app/hot-reloader-app.js:196
[  323287ms] [LOG] [Fast Refresh] done in 46ms @ webpack-internal:///(app-pages-browser)/../../node_modules/.pnpm/next@15.5.18_@babel+core@7.29.7_react-dom@19.2.6_react@19.2.6__react@19.2.6/node_modules/next/dist/client/dev/report-hmr-latency.js:13
[  323291ms] [LOG] [Fast Refresh] rebuilding @ webpack-internal:///(app-pages-browser)/../../node_modules/.pnpm/next@15.5.18_@babel+core@7.29.7_react-dom@19.2.6_react@19.2.6__react@19.2.6/node_modules/next/dist/client/dev/hot-reloader/app/hot-reloader-app.js:196
[  323339ms] [LOG] [Fast Refresh] done in 47ms @ webpack-internal:///(app-pages-browser)/../../node_modules/.pnpm/next@15.5.18_@babel+core@7.29.7_react-dom@19.2.6_react@19.2.6__react@19.2.6/node_modules/next/dist/client/dev/report-hmr-latency.js:13
[  323341ms] [LOG] [Fast Refresh] rebuilding @ webpack-internal:///(app-pages-browser)/../../node_modules/.pnpm/next@15.5.18_@babel+core@7.29.7_react-dom@19.2.6_react@19.2.6__react@19.2.6/node_modules/next/dist/client/dev/hot-reloader/app/hot-reloader-app.js:196
[  323390ms] [LOG] [Fast Refresh] done in 49ms @ webpack-internal:///(app-pages-browser)/../../node_modules/.pnpm/next@15.5.18_@babel+core@7.29.7_react-dom@19.2.6_react@19.2.6__react@19.2.6/node_modules/next/dist/client/dev/report-hmr-latency.js:13
[  323391ms] [LOG] [Fast Refresh] rebuilding @ webpack-internal:///(app-pages-browser)/../../node_modules/.pnpm/next@15.5.18_@babel+core@7.29.7_react-dom@19.2.6_react@19.2.6__react@19.2.6/node_modules/next/dist/client/dev/hot-reloader/app/hot-reloader-app.js:196
[  323438ms] [LOG] [Fast Refresh] done in 47ms @ webpack-internal:///(app-pages-browser)/../../node_modules/.pnpm/next@15.5.18_@babel+core@7.29.7_react-dom@19.2.6_react@19.2.6__react@19.2.6/node_modules/next/dist/client/dev/report-hmr-latency.js:13
[  323442ms] [LOG] [Fast Refresh] rebuilding @ webpack-internal:///(app-pages-browser)/../../node_modules/.pnpm/next@15.5.18_@babel+core@7.29.7_react-dom@19.2.6_react@19.2.6__react@19.2.6/node_modules/next/dist/client/dev/hot-reloader/app/hot-reloader-app.js:196
[  323489ms] [LOG] [Fast Refresh] done in 47ms @ webpack-internal:///(app-pages-browser)/../../node_modules/.pnpm/next@15.5.18_@babel+core@7.29.7_react-dom@19.2.6_react@19.2.6__react@19.2.6/node_modules/next/dist/client/dev/report-hmr-latency.js:13
[  323492ms] [LOG] [Fast Refresh] rebuilding @ webpack-internal:///(app-pages-browser)/../../node_modules/.pnpm/next@15.5.18_@babel+core@7.29.7_react-dom@19.2.6_react@19.2.6__react@19.2.6/node_modules/next/dist/client/dev/hot-reloader/app/hot-reloader-app.js:196
[  323540ms] [LOG] [Fast Refresh] done in 48ms @ webpack-internal:///(app-pages-browser)/../../node_modules/.pnpm/next@15.5.18_@babel+core@7.29.7_react-dom@19.2.6_react@19.2.6__react@19.2.6/node_modules/next/dist/client/dev/report-hmr-latency.js:13
[  323542ms] [LOG] [Fast Refresh] rebuilding @ webpack-internal:///(app-pages-browser)/../../node_modules/.pnpm/next@15.5.18_@babel+core@7.29.7_react-dom@19.2.6_react@19.2.6__react@19.2.6/node_modules/next/dist/client/dev/hot-reloader/app/hot-reloader-app.js:196
[  323590ms] [LOG] [Fast Refresh] done in 48ms @ webpack-internal:///(app-pages-browser)/../../node_modules/.pnpm/next@15.5.18_@babel+core@7.29.7_react-dom@19.2.6_react@19.2.6__react@19.2.6/node_modules/next/dist/client/dev/report-hmr-latency.js:13
[  323592ms] [LOG] [Fast Refresh] rebuilding @ webpack-internal:///(app-pages-browser)/../../node_modules/.pnpm/next@15.5.18_@babel+core@7.29.7_react-dom@19.2.6_react@19.2.6__react@19.2.6/node_modules/next/dist/client/dev/hot-reloader/app/hot-reloader-app.js:196
[  323639ms] [LOG] [Fast Refresh] done in 46ms @ webpack-internal:///(app-pages-browser)/../../node_modules/.pnpm/next@15.5.18_@babel+core@7.29.7_react-dom@19.2.6_react@19.2.6__react@19.2.6/node_modules/next/dist/client/dev/report-hmr-latency.js:13
[  323642ms] [LOG] [Fast Refresh] rebuilding @ webpack-internal:///(app-pages-browser)/../../node_modules/.pnpm/next@15.5.18_@babel+core@7.29.7_react-dom@19.2.6_react@19.2.6__react@19.2.6/node_modules/next/dist/client/dev/hot-reloader/app/hot-reloader-app.js:196
[  323692ms] [LOG] [Fast Refresh] done in 49ms @ webpack-internal:///(app-pages-browser)/../../node_modules/.pnpm/next@15.5.18_@babel+core@7.29.7_react-dom@19.2.6_react@19.2.6__react@19.2.6/node_modules/next/dist/client/dev/report-hmr-latency.js:13
[  323692ms] [LOG] [Fast Refresh] rebuilding @ webpack-internal:///(app-pages-browser)/../../node_modules/.pnpm/next@15.5.18_@babel+core@7.29.7_react-dom@19.2.6_react@19.2.6__react@19.2.6/node_modules/next/dist/client/dev/hot-reloader/app/hot-reloader-app.js:196
[  323743ms] [LOG] [Fast Refresh] rebuilding @ webpack-internal:///(app-pages-browser)/../../node_modules/.pnpm/next@15.5.18_@babel+core@7.29.7_react-dom@19.2.6_react@19.2.6__react@19.2.6/node_modules/next/dist/client/dev/hot-reloader/app/hot-reloader-app.js:196
[  323744ms] [LOG] [Fast Refresh] done in 1ms @ webpack-internal:///(app-pages-browser)/../../node_modules/.pnpm/next@15.5.18_@babel+core@7.29.7_react-dom@19.2.6_react@19.2.6__react@19.2.6/node_modules/next/dist/client/dev/report-hmr-latency.js:13
[  323814ms] [LOG] [Fast Refresh] rebuilding @ webpack-internal:///(app-pages-browser)/../../node_modules/.pnpm/next@15.5.18_@babel+core@7.29.7_react-dom@19.2.6_react@19.2.6__react@19.2.6/node_modules/next/dist/client/dev/hot-reloader/app/hot-reloader-app.js:196
[  323818ms] [LOG] [Fast Refresh] done in 3ms @ webpack-internal:///(app-pages-browser)/../../node_modules/.pnpm/next@15.5.18_@babel+core@7.29.7_react-dom@19.2.6_react@19.2.6__react@19.2.6/node_modules/next/dist/client/dev/report-hmr-latency.js:13
[  323860ms] [LOG] [Fast Refresh] rebuilding @ webpack-internal:///(app-pages-browser)/../../node_modules/.pnpm/next@15.5.18_@babel+core@7.29.7_react-dom@19.2.6_react@19.2.6__react@19.2.6/node_modules/next/dist/client/dev/hot-reloader/app/hot-reloader-app.js:196
[  323862ms] [LOG] [Fast Refresh] done in 3ms @ webpack-internal:///(app-pages-browser)/../../node_modules/.pnpm/next@15.5.18_@babel+core@7.29.7_react-dom@19.2.6_react@19.2.6__react@19.2.6/node_modules/next/dist/client/dev/report-hmr-latency.js:13
[  323905ms] [LOG] [Fast Refresh] rebuilding @ webpack-internal:///(app-pages-browser)/../../node_modules/.pnpm/next@15.5.18_@babel+core@7.29.7_react-dom@19.2.6_react@19.2.6__react@19.2.6/node_modules/next/dist/client/dev/hot-reloader/app/hot-reloader-app.js:196
[  323908ms] [LOG] [Fast Refresh] done in 2ms @ webpack-internal:///(app-pages-browser)/../../node_modules/.pnpm/next@15.5.18_@babel+core@7.29.7_react-dom@19.2.6_react@19.2.6__react@19.2.6/node_modules/next/dist/client/dev/report-hmr-latency.js:13
[  323952ms] [LOG] [Fast Refresh] rebuilding @ webpack-internal:///(app-pages-browser)/../../node_modules/.pnpm/next@15.5.18_@babel+core@7.29.7_react-dom@19.2.6_react@19.2.6__react@19.2.6/node_modules/next/dist/client/dev/hot-reloader/app/hot-reloader-app.js:196
[  323955ms] [LOG] [Fast Refresh] done in 3ms @ webpack-internal:///(app-pages-browser)/../../node_modules/.pnpm/next@15.5.18_@babel+core@7.29.7_react-dom@19.2.6_react@19.2.6__react@19.2.6/node_modules/next/dist/client/dev/report-hmr-latency.js:13
[  323998ms] [LOG] [Fast Refresh] rebuilding @ webpack-internal:///(app-pages-browser)/../../node_modules/.pnpm/next@15.5.18_@babel+core@7.29.7_react-dom@19.2.6_react@19.2.6__react@19.2.6/node_modules/next/dist/client/dev/hot-reloader/app/hot-reloader-app.js:196
[  324001ms] [LOG] [Fast Refresh] done in 2ms @ webpack-internal:///(app-pages-browser)/../../node_modules/.pnpm/next@15.5.18_@babel+core@7.29.7_react-dom@19.2.6_react@19.2.6__react@19.2.6/node_modules/next/dist/client/dev/report-hmr-latency.js:13
[  324046ms] [LOG] [Fast Refresh] rebuilding @ webpack-internal:///(app-pages-browser)/../../node_modules/.pnpm/next@15.5.18_@babel+core@7.29.7_react-dom@19.2.6_react@19.2.6__react@19.2.6/node_modules/next/dist/client/dev/hot-reloader/app/hot-reloader-app.js:196
[  324048ms] [LOG] [Fast Refresh] done in 1ms @ webpack-internal:///(app-pages-browser)/../../node_modules/.pnpm/next@15.5.18_@babel+core@7.29.7_react-dom@19.2.6_react@19.2.6__react@19.2.6/node_modules/next/dist/client/dev/report-hmr-latency.js:13
[  324097ms] [LOG] [Fast Refresh] rebuilding @ webpack-internal:///(app-pages-browser)/../../node_modules/.pnpm/next@15.5.18_@babel+core@7.29.7_react-dom@19.2.6_react@19.2.6__react@19.2.6/node_modules/next/dist/client/dev/hot-reloader/app/hot-reloader-app.js:196
[  324100ms] [LOG] [Fast Refresh] done in 2ms @ webpack-internal:///(app-pages-browser)/../../node_modules/.pnpm/next@15.5.18_@babel+core@7.29.7_react-dom@19.2.6_react@19.2.6__react@19.2.6/node_modules/next/dist/client/dev/report-hmr-latency.js:13
[  324144ms] [LOG] [Fast Refresh] done in 47ms @ webpack-internal:///(app-pages-browser)/../../node_modules/.pnpm/next@15.5.18_@babel+core@7.29.7_react-dom@19.2.6_react@19.2.6__react@19.2.6/node_modules/next/dist/client/dev/report-hmr-latency.js:13
[  324147ms] [LOG] [Fast Refresh] rebuilding @ webpack-internal:///(app-pages-browser)/../../node_modules/.pnpm/next@15.5.18_@babel+core@7.29.7_react-dom@19.2.6_react@19.2.6__react@19.2.6/node_modules/next/dist/client/dev/hot-reloader/app/hot-reloader-app.js:196
[  324193ms] [LOG] [Fast Refresh] done in 46ms @ webpack-internal:///(app-pages-browser)/../../node_modules/.pnpm/next@15.5.18_@babel+core@7.29.7_react-dom@19.2.6_react@19.2.6__react@19.2.6/node_modules/next/dist/client/dev/report-hmr-latency.js:13
[  324196ms] [LOG] [Fast Refresh] rebuilding @ webpack-internal:///(app-pages-browser)/../../node_modules/.pnpm/next@15.5.18_@babel+core@7.29.7_react-dom@19.2.6_react@19.2.6__react@19.2.6/node_modules/next/dist/client/dev/hot-reloader/app/hot-reloader-app.js:196
[  324244ms] [LOG] [Fast Refresh] done in 48ms @ webpack-internal:///(app-pages-browser)/../../node_modules/.pnpm/next@15.5.18_@babel+core@7.29.7_react-dom@19.2.6_react@19.2.6__react@19.2.6/node_modules/next/dist/client/dev/report-hmr-latency.js:13
[  324249ms] [LOG] [Fast Refresh] rebuilding @ webpack-internal:///(app-pages-browser)/../../node_modules/.pnpm/next@15.5.18_@babel+core@7.29.7_react-dom@19.2.6_react@19.2.6__react@19.2.6/node_modules/next/dist/client/dev/hot-reloader/app/hot-reloader-app.js:196
[  324297ms] [LOG] [Fast Refresh] rebuilding @ webpack-internal:///(app-pages-browser)/../../node_modules/.pnpm/next@15.5.18_@babel+core@7.29.7_react-dom@19.2.6_react@19.2.6__react@19.2.6/node_modules/next/dist/client/dev/hot-reloader/app/hot-reloader-app.js:196
[  324299ms] [LOG] [Fast Refresh] done in 3ms @ webpack-internal:///(app-pages-browser)/../../node_modules/.pnpm/next@15.5.18_@babel+core@7.29.7_react-dom@19.2.6_react@19.2.6__react@19.2.6/node_modules/next/dist/client/dev/report-hmr-latency.js:13
[  324344ms] [LOG] [Fast Refresh] done in 47ms @ webpack-internal:///(app-pages-browser)/../../node_modules/.pnpm/next@15.5.18_@babel+core@7.29.7_react-dom@19.2.6_react@19.2.6__react@19.2.6/node_modules/next/dist/client/dev/report-hmr-latency.js:13
[  324347ms] [LOG] [Fast Refresh] rebuilding @ webpack-internal:///(app-pages-browser)/../../node_modules/.pnpm/next@15.5.18_@babel+core@7.29.7_react-dom@19.2.6_react@19.2.6__react@19.2.6/node_modules/next/dist/client/dev/hot-reloader/app/hot-reloader-app.js:196
[  324398ms] [LOG] [Fast Refresh] rebuilding @ webpack-internal:///(app-pages-browser)/../../node_modules/.pnpm/next@15.5.18_@babel+core@7.29.7_react-dom@19.2.6_react@19.2.6__react@19.2.6/node_modules/next/dist/client/dev/hot-reloader/app/hot-reloader-app.js:196
[  324402ms] [LOG] [Fast Refresh] done in 4ms @ webpack-internal:///(app-pages-browser)/../../node_modules/.pnpm/next@15.5.18_@babel+core@7.29.7_react-dom@19.2.6_react@19.2.6__react@19.2.6/node_modules/next/dist/client/dev/report-hmr-latency.js:13
[  324448ms] [LOG] [Fast Refresh] rebuilding @ webpack-internal:///(app-pages-browser)/../../node_modules/.pnpm/next@15.5.18_@babel+core@7.29.7_react-dom@19.2.6_react@19.2.6__react@19.2.6/node_modules/next/dist/client/dev/hot-reloader/app/hot-reloader-app.js:196
[  324450ms] [LOG] [Fast Refresh] done in 3ms @ webpack-internal:///(app-pages-browser)/../../node_modules/.pnpm/next@15.5.18_@babel+core@7.29.7_react-dom@19.2.6_react@19.2.6__react@19.2.6/node_modules/next/dist/client/dev/report-hmr-latency.js:13
[  324498ms] [LOG] [Fast Refresh] done in 50ms @ webpack-internal:///(app-pages-browser)/../../node_modules/.pnpm/next@15.5.18_@babel+core@7.29.7_react-dom@19.2.6_react@19.2.6__react@19.2.6/node_modules/next/dist/client/dev/report-hmr-latency.js:13
[  324498ms] [LOG] [Fast Refresh] rebuilding @ webpack-internal:///(app-pages-browser)/../../node_modules/.pnpm/next@15.5.18_@babel+core@7.29.7_react-dom@19.2.6_react@19.2.6__react@19.2.6/node_modules/next/dist/client/dev/hot-reloader/app/hot-reloader-app.js:196
[  324547ms] [LOG] [Fast Refresh] done in 49ms @ webpack-internal:///(app-pages-browser)/../../node_modules/.pnpm/next@15.5.18_@babel+core@7.29.7_react-dom@19.2.6_react@19.2.6__react@19.2.6/node_modules/next/dist/client/dev/report-hmr-latency.js:13
[  324548ms] [LOG] [Fast Refresh] rebuilding @ webpack-internal:///(app-pages-browser)/../../node_modules/.pnpm/next@15.5.18_@babel+core@7.29.7_react-dom@19.2.6_react@19.2.6__react@19.2.6/node_modules/next/dist/client/dev/hot-reloader/app/hot-reloader-app.js:196
[  324597ms] [LOG] [Fast Refresh] done in 49ms @ webpack-internal:///(app-pages-browser)/../../node_modules/.pnpm/next@15.5.18_@babel+core@7.29.7_react-dom@19.2.6_react@19.2.6__react@19.2.6/node_modules/next/dist/client/dev/report-hmr-latency.js:13
[  324598ms] [LOG] [Fast Refresh] rebuilding @ webpack-internal:///(app-pages-browser)/../../node_modules/.pnpm/next@15.5.18_@babel+core@7.29.7_react-dom@19.2.6_react@19.2.6__react@19.2.6/node_modules/next/dist/client/dev/hot-reloader/app/hot-reloader-app.js:196
[  324646ms] [LOG] [Fast Refresh] done in 47ms @ webpack-internal:///(app-pages-browser)/../../node_modules/.pnpm/next@15.5.18_@babel+core@7.29.7_react-dom@19.2.6_react@19.2.6__react@19.2.6/node_modules/next/dist/client/dev/report-hmr-latency.js:13
[  324649ms] [LOG] [Fast Refresh] rebuilding @ webpack-internal:///(app-pages-browser)/../../node_modules/.pnpm/next@15.5.18_@babel+core@7.29.7_react-dom@19.2.6_react@19.2.6__react@19.2.6/node_modules/next/dist/client/dev/hot-reloader/app/hot-reloader-app.js:196
[  324698ms] [LOG] [Fast Refresh] done in 49ms @ webpack-internal:///(app-pages-browser)/../../node_modules/.pnpm/next@15.5.18_@babel+core@7.29.7_react-dom@19.2.6_react@19.2.6__react@19.2.6/node_modules/next/dist/client/dev/report-hmr-latency.js:13
[  324698ms] [LOG] [Fast Refresh] rebuilding @ webpack-internal:///(app-pages-browser)/../../node_modules/.pnpm/next@15.5.18_@babel+core@7.29.7_react-dom@19.2.6_react@19.2.6__react@19.2.6/node_modules/next/dist/client/dev/hot-reloader/app/hot-reloader-app.js:196
[  324746ms] [LOG] [Fast Refresh] done in 48ms @ webpack-internal:///(app-pages-browser)/../../node_modules/.pnpm/next@15.5.18_@babel+core@7.29.7_react-dom@19.2.6_react@19.2.6__react@19.2.6/node_modules/next/dist/client/dev/report-hmr-latency.js:13
[  324749ms] [LOG] [Fast Refresh] rebuilding @ webpack-internal:///(app-pages-browser)/../../node_modules/.pnpm/next@15.5.18_@babel+core@7.29.7_react-dom@19.2.6_react@19.2.6__react@19.2.6/node_modules/next/dist/client/dev/hot-reloader/app/hot-reloader-app.js:196
[  324795ms] [LOG] [Fast Refresh] done in 46ms @ webpack-internal:///(app-pages-browser)/../../node_modules/.pnpm/next@15.5.18_@babel+core@7.29.7_react-dom@19.2.6_react@19.2.6__react@19.2.6/node_modules/next/dist/client/dev/report-hmr-latency.js:13
[  324799ms] [LOG] [Fast Refresh] rebuilding @ webpack-internal:///(app-pages-browser)/../../node_modules/.pnpm/next@15.5.18_@babel+core@7.29.7_react-dom@19.2.6_react@19.2.6__react@19.2.6/node_modules/next/dist/client/dev/hot-reloader/app/hot-reloader-app.js:196
[  324845ms] [LOG] [Fast Refresh] done in 45ms @ webpack-internal:///(app-pages-browser)/../../node_modules/.pnpm/next@15.5.18_@babel+core@7.29.7_react-dom@19.2.6_react@19.2.6__react@19.2.6/node_modules/next/dist/client/dev/report-hmr-latency.js:13
[  324850ms] [LOG] [Fast Refresh] rebuilding @ webpack-internal:///(app-pages-browser)/../../node_modules/.pnpm/next@15.5.18_@babel+core@7.29.7_react-dom@19.2.6_react@19.2.6__react@19.2.6/node_modules/next/dist/client/dev/hot-reloader/app/hot-reloader-app.js:196
[  324900ms] [LOG] [Fast Refresh] rebuilding @ webpack-internal:///(app-pages-browser)/../../node_modules/.pnpm/next@15.5.18_@babel+core@7.29.7_react-dom@19.2.6_react@19.2.6__react@19.2.6/node_modules/next/dist/client/dev/hot-reloader/app/hot-reloader-app.js:196
[  324904ms] [LOG] [Fast Refresh] done in 3ms @ webpack-internal:///(app-pages-browser)/../../node_modules/.pnpm/next@15.5.18_@babel+core@7.29.7_react-dom@19.2.6_react@19.2.6__react@19.2.6/node_modules/next/dist/client/dev/report-hmr-latency.js:13
[  324972ms] [LOG] [Fast Refresh] rebuilding @ webpack-internal:///(app-pages-browser)/../../node_modules/.pnpm/next@15.5.18_@babel+core@7.29.7_react-dom@19.2.6_react@19.2.6__react@19.2.6/node_modules/next/dist/client/dev/hot-reloader/app/hot-reloader-app.js:196
[  324975ms] [LOG] [Fast Refresh] done in 4ms @ webpack-internal:///(app-pages-browser)/../../node_modules/.pnpm/next@15.5.18_@babel+core@7.29.7_react-dom@19.2.6_react@19.2.6__react@19.2.6/node_modules/next/dist/client/dev/report-hmr-latency.js:13
[  325016ms] [LOG] [Fast Refresh] rebuilding @ webpack-internal:///(app-pages-browser)/../../node_modules/.pnpm/next@15.5.18_@babel+core@7.29.7_react-dom@19.2.6_react@19.2.6__react@19.2.6/node_modules/next/dist/client/dev/hot-reloader/app/hot-reloader-app.js:196
[  325018ms] [LOG] [Fast Refresh] done in 3ms @ webpack-internal:///(app-pages-browser)/../../node_modules/.pnpm/next@15.5.18_@babel+core@7.29.7_react-dom@19.2.6_react@19.2.6__react@19.2.6/node_modules/next/dist/client/dev/report-hmr-latency.js:13
[  325062ms] [LOG] [Fast Refresh] rebuilding @ webpack-internal:///(app-pages-browser)/../../node_modules/.pnpm/next@15.5.18_@babel+core@7.29.7_react-dom@19.2.6_react@19.2.6__react@19.2.6/node_modules/next/dist/client/dev/hot-reloader/app/hot-reloader-app.js:196
[  325064ms] [LOG] [Fast Refresh] done in 3ms @ webpack-internal:///(app-pages-browser)/../../node_modules/.pnpm/next@15.5.18_@babel+core@7.29.7_react-dom@19.2.6_react@19.2.6__react@19.2.6/node_modules/next/dist/client/dev/report-hmr-latency.js:13
[  325109ms] [LOG] [Fast Refresh] rebuilding @ webpack-internal:///(app-pages-browser)/../../node_modules/.pnpm/next@15.5.18_@babel+core@7.29.7_react-dom@19.2.6_react@19.2.6__react@19.2.6/node_modules/next/dist/client/dev/hot-reloader/app/hot-reloader-app.js:196
[  325112ms] [LOG] [Fast Refresh] done in 2ms @ webpack-internal:///(app-pages-browser)/../../node_modules/.pnpm/next@15.5.18_@babel+core@7.29.7_react-dom@19.2.6_react@19.2.6__react@19.2.6/node_modules/next/dist/client/dev/report-hmr-latency.js:13
[  325155ms] [LOG] [Fast Refresh] rebuilding @ webpack-internal:///(app-pages-browser)/../../node_modules/.pnpm/next@15.5.18_@babel+core@7.29.7_react-dom@19.2.6_react@19.2.6__react@19.2.6/node_modules/next/dist/client/dev/hot-reloader/app/hot-reloader-app.js:196
[  325157ms] [LOG] [Fast Refresh] done in 2ms @ webpack-internal:///(app-pages-browser)/../../node_modules/.pnpm/next@15.5.18_@babel+core@7.29.7_react-dom@19.2.6_react@19.2.6__react@19.2.6/node_modules/next/dist/client/dev/report-hmr-latency.js:13
[  325203ms] [LOG] [Fast Refresh] done in 48ms @ webpack-internal:///(app-pages-browser)/../../node_modules/.pnpm/next@15.5.18_@babel+core@7.29.7_react-dom@19.2.6_react@19.2.6__react@19.2.6/node_modules/next/dist/client/dev/report-hmr-latency.js:13
[  325204ms] [LOG] [Fast Refresh] rebuilding @ webpack-internal:///(app-pages-browser)/../../node_modules/.pnpm/next@15.5.18_@babel+core@7.29.7_react-dom@19.2.6_react@19.2.6__react@19.2.6/node_modules/next/dist/client/dev/hot-reloader/app/hot-reloader-app.js:196
[  325252ms] [LOG] [Fast Refresh] done in 48ms @ webpack-internal:///(app-pages-browser)/../../node_modules/.pnpm/next@15.5.18_@babel+core@7.29.7_react-dom@19.2.6_react@19.2.6__react@19.2.6/node_modules/next/dist/client/dev/report-hmr-latency.js:13
[  325255ms] [LOG] [Fast Refresh] rebuilding @ webpack-internal:///(app-pages-browser)/../../node_modules/.pnpm/next@15.5.18_@babel+core@7.29.7_react-dom@19.2.6_react@19.2.6__react@19.2.6/node_modules/next/dist/client/dev/hot-reloader/app/hot-reloader-app.js:196
[  325302ms] [LOG] [Fast Refresh] done in 47ms @ webpack-internal:///(app-pages-browser)/../../node_modules/.pnpm/next@15.5.18_@babel+core@7.29.7_react-dom@19.2.6_react@19.2.6__react@19.2.6/node_modules/next/dist/client/dev/report-hmr-latency.js:13
[  325305ms] [LOG] [Fast Refresh] rebuilding @ webpack-internal:///(app-pages-browser)/../../node_modules/.pnpm/next@15.5.18_@babel+core@7.29.7_react-dom@19.2.6_react@19.2.6__react@19.2.6/node_modules/next/dist/client/dev/hot-reloader/app/hot-reloader-app.js:196
[  325352ms] [LOG] [Fast Refresh] done in 48ms @ webpack-internal:///(app-pages-browser)/../../node_modules/.pnpm/next@15.5.18_@babel+core@7.29.7_react-dom@19.2.6_react@19.2.6__react@19.2.6/node_modules/next/dist/client/dev/report-hmr-latency.js:13
[  325355ms] [LOG] [Fast Refresh] rebuilding @ webpack-internal:///(app-pages-browser)/../../node_modules/.pnpm/next@15.5.18_@babel+core@7.29.7_react-dom@19.2.6_react@19.2.6__react@19.2.6/node_modules/next/dist/client/dev/hot-reloader/app/hot-reloader-app.js:196
[  325403ms] [LOG] [Fast Refresh] done in 49ms @ webpack-internal:///(app-pages-browser)/../../node_modules/.pnpm/next@15.5.18_@babel+core@7.29.7_react-dom@19.2.6_react@19.2.6__react@19.2.6/node_modules/next/dist/client/dev/report-hmr-latency.js:13
[  325405ms] [LOG] [Fast Refresh] rebuilding @ webpack-internal:///(app-pages-browser)/../../node_modules/.pnpm/next@15.5.18_@babel+core@7.29.7_react-dom@19.2.6_react@19.2.6__react@19.2.6/node_modules/next/dist/client/dev/hot-reloader/app/hot-reloader-app.js:196
[  325463ms] [LOG] [Fast Refresh] rebuilding @ webpack-internal:///(app-pages-browser)/../../node_modules/.pnpm/next@15.5.18_@babel+core@7.29.7_react-dom@19.2.6_react@19.2.6__react@19.2.6/node_modules/next/dist/client/dev/hot-reloader/app/hot-reloader-app.js:196
[  325467ms] [LOG] [Fast Refresh] done in 3ms @ webpack-internal:///(app-pages-browser)/../../node_modules/.pnpm/next@15.5.18_@babel+core@7.29.7_react-dom@19.2.6_react@19.2.6__react@19.2.6/node_modules/next/dist/client/dev/report-hmr-latency.js:13
[  325534ms] [LOG] [Fast Refresh] rebuilding @ webpack-internal:///(app-pages-browser)/../../node_modules/.pnpm/next@15.5.18_@babel+core@7.29.7_react-dom@19.2.6_react@19.2.6__react@19.2.6/node_modules/next/dist/client/dev/hot-reloader/app/hot-reloader-app.js:196
[  325548ms] [LOG] [Fast Refresh] done in 14ms @ webpack-internal:///(app-pages-browser)/../../node_modules/.pnpm/next@15.5.18_@babel+core@7.29.7_react-dom@19.2.6_react@19.2.6__react@19.2.6/node_modules/next/dist/client/dev/report-hmr-latency.js:13
[  325590ms] [LOG] [Fast Refresh] rebuilding @ webpack-internal:///(app-pages-browser)/../../node_modules/.pnpm/next@15.5.18_@babel+core@7.29.7_react-dom@19.2.6_react@19.2.6__react@19.2.6/node_modules/next/dist/client/dev/hot-reloader/app/hot-reloader-app.js:196
[  325592ms] [LOG] [Fast Refresh] done in 2ms @ webpack-internal:///(app-pages-browser)/../../node_modules/.pnpm/next@15.5.18_@babel+core@7.29.7_react-dom@19.2.6_react@19.2.6__react@19.2.6/node_modules/next/dist/client/dev/report-hmr-latency.js:13
[  325630ms] [LOG] [Fast Refresh] rebuilding @ webpack-internal:///(app-pages-browser)/../../node_modules/.pnpm/next@15.5.18_@babel+core@7.29.7_react-dom@19.2.6_react@19.2.6__react@19.2.6/node_modules/next/dist/client/dev/hot-reloader/app/hot-reloader-app.js:196
[  325640ms] [LOG] [Fast Refresh] done in 10ms @ webpack-internal:///(app-pages-browser)/../../node_modules/.pnpm/next@15.5.18_@babel+core@7.29.7_react-dom@19.2.6_react@19.2.6__react@19.2.6/node_modules/next/dist/client/dev/report-hmr-latency.js:13
[  325676ms] [LOG] [Fast Refresh] rebuilding @ webpack-internal:///(app-pages-browser)/../../node_modules/.pnpm/next@15.5.18_@babel+core@7.29.7_react-dom@19.2.6_react@19.2.6__react@19.2.6/node_modules/next/dist/client/dev/hot-reloader/app/hot-reloader-app.js:196
[  325679ms] [LOG] [Fast Refresh] done in 3ms @ webpack-internal:///(app-pages-browser)/../../node_modules/.pnpm/next@15.5.18_@babel+core@7.29.7_react-dom@19.2.6_react@19.2.6__react@19.2.6/node_modules/next/dist/client/dev/report-hmr-latency.js:13
[  325726ms] [LOG] [Fast Refresh] rebuilding @ webpack-internal:///(app-pages-browser)/../../node_modules/.pnpm/next@15.5.18_@babel+core@7.29.7_react-dom@19.2.6_react@19.2.6__react@19.2.6/node_modules/next/dist/client/dev/hot-reloader/app/hot-reloader-app.js:196
[  325728ms] [LOG] [Fast Refresh] done in 3ms @ webpack-internal:///(app-pages-browser)/../../node_modules/.pnpm/next@15.5.18_@babel+core@7.29.7_react-dom@19.2.6_react@19.2.6__react@19.2.6/node_modules/next/dist/client/dev/report-hmr-latency.js:13
[  325772ms] [LOG] [Fast Refresh] rebuilding @ webpack-internal:///(app-pages-browser)/../../node_modules/.pnpm/next@15.5.18_@babel+core@7.29.7_react-dom@19.2.6_react@19.2.6__react@19.2.6/node_modules/next/dist/client/dev/hot-reloader/app/hot-reloader-app.js:196
[  325774ms] [LOG] [Fast Refresh] done in 3ms @ webpack-internal:///(app-pages-browser)/../../node_modules/.pnpm/next@15.5.18_@babel+core@7.29.7_react-dom@19.2.6_react@19.2.6__react@19.2.6/node_modules/next/dist/client/dev/report-hmr-latency.js:13
[  325819ms] [LOG] [Fast Refresh] rebuilding @ webpack-internal:///(app-pages-browser)/../../node_modules/.pnpm/next@15.5.18_@babel+core@7.29.7_react-dom@19.2.6_react@19.2.6__react@19.2.6/node_modules/next/dist/client/dev/hot-reloader/app/hot-reloader-app.js:196
[  325821ms] [LOG] [Fast Refresh] done in 3ms @ webpack-internal:///(app-pages-browser)/../../node_modules/.pnpm/next@15.5.18_@babel+core@7.29.7_react-dom@19.2.6_react@19.2.6__react@19.2.6/node_modules/next/dist/client/dev/report-hmr-latency.js:13
[  325867ms] [LOG] [Fast Refresh] rebuilding @ webpack-internal:///(app-pages-browser)/../../node_modules/.pnpm/next@15.5.18_@babel+core@7.29.7_react-dom@19.2.6_react@19.2.6__react@19.2.6/node_modules/next/dist/client/dev/hot-reloader/app/hot-reloader-app.js:196
[  325870ms] [LOG] [Fast Refresh] done in 3ms @ webpack-internal:///(app-pages-browser)/../../node_modules/.pnpm/next@15.5.18_@babel+core@7.29.7_react-dom@19.2.6_react@19.2.6__react@19.2.6/node_modules/next/dist/client/dev/report-hmr-latency.js:13
[  325912ms] [LOG] [Fast Refresh] rebuilding @ webpack-internal:///(app-pages-browser)/../../node_modules/.pnpm/next@15.5.18_@babel+core@7.29.7_react-dom@19.2.6_react@19.2.6__react@19.2.6/node_modules/next/dist/client/dev/hot-reloader/app/hot-reloader-app.js:196
[  325913ms] [LOG] [Fast Refresh] done in 2ms @ webpack-internal:///(app-pages-browser)/../../node_modules/.pnpm/next@15.5.18_@babel+core@7.29.7_react-dom@19.2.6_react@19.2.6__react@19.2.6/node_modules/next/dist/client/dev/report-hmr-latency.js:13
[  325960ms] [LOG] [Fast Refresh] done in 49ms @ webpack-internal:///(app-pages-browser)/../../node_modules/.pnpm/next@15.5.18_@babel+core@7.29.7_react-dom@19.2.6_react@19.2.6__react@19.2.6/node_modules/next/dist/client/dev/report-hmr-latency.js:13
[  325962ms] [LOG] [Fast Refresh] rebuilding @ webpack-internal:///(app-pages-browser)/../../node_modules/.pnpm/next@15.5.18_@babel+core@7.29.7_react-dom@19.2.6_react@19.2.6__react@19.2.6/node_modules/next/dist/client/dev/hot-reloader/app/hot-reloader-app.js:196
[  326011ms] [LOG] [Fast Refresh] done in 49ms @ webpack-internal:///(app-pages-browser)/../../node_modules/.pnpm/next@15.5.18_@babel+core@7.29.7_react-dom@19.2.6_react@19.2.6__react@19.2.6/node_modules/next/dist/client/dev/report-hmr-latency.js:13
[  326012ms] [LOG] [Fast Refresh] rebuilding @ webpack-internal:///(app-pages-browser)/../../node_modules/.pnpm/next@15.5.18_@babel+core@7.29.7_react-dom@19.2.6_react@19.2.6__react@19.2.6/node_modules/next/dist/client/dev/hot-reloader/app/hot-reloader-app.js:196
[  326063ms] [LOG] [Fast Refresh] done in 50ms @ webpack-internal:///(app-pages-browser)/../../node_modules/.pnpm/next@15.5.18_@babel+core@7.29.7_react-dom@19.2.6_react@19.2.6__react@19.2.6/node_modules/next/dist/client/dev/report-hmr-latency.js:13
[  326063ms] [LOG] [Fast Refresh] rebuilding @ webpack-internal:///(app-pages-browser)/../../node_modules/.pnpm/next@15.5.18_@babel+core@7.29.7_react-dom@19.2.6_react@19.2.6__react@19.2.6/node_modules/next/dist/client/dev/hot-reloader/app/hot-reloader-app.js:196
[  326136ms] [LOG] [Fast Refresh] rebuilding @ webpack-internal:///(app-pages-browser)/../../node_modules/.pnpm/next@15.5.18_@babel+core@7.29.7_react-dom@19.2.6_react@19.2.6__react@19.2.6/node_modules/next/dist/client/dev/hot-reloader/app/hot-reloader-app.js:196
[  326140ms] [LOG] [Fast Refresh] done in 4ms @ webpack-internal:///(app-pages-browser)/../../node_modules/.pnpm/next@15.5.18_@babel+core@7.29.7_react-dom@19.2.6_react@19.2.6__react@19.2.6/node_modules/next/dist/client/dev/report-hmr-latency.js:13
[  326179ms] [LOG] [Fast Refresh] rebuilding @ webpack-internal:///(app-pages-browser)/../../node_modules/.pnpm/next@15.5.18_@babel+core@7.29.7_react-dom@19.2.6_react@19.2.6__react@19.2.6/node_modules/next/dist/client/dev/hot-reloader/app/hot-reloader-app.js:196
[  326182ms] [LOG] [Fast Refresh] done in 3ms @ webpack-internal:///(app-pages-browser)/../../node_modules/.pnpm/next@15.5.18_@babel+core@7.29.7_react-dom@19.2.6_react@19.2.6__react@19.2.6/node_modules/next/dist/client/dev/report-hmr-latency.js:13
[  326223ms] [LOG] [Fast Refresh] rebuilding @ webpack-internal:///(app-pages-browser)/../../node_modules/.pnpm/next@15.5.18_@babel+core@7.29.7_react-dom@19.2.6_react@19.2.6__react@19.2.6/node_modules/next/dist/client/dev/hot-reloader/app/hot-reloader-app.js:196
[  326227ms] [LOG] [Fast Refresh] done in 4ms @ webpack-internal:///(app-pages-browser)/../../node_modules/.pnpm/next@15.5.18_@babel+core@7.29.7_react-dom@19.2.6_react@19.2.6__react@19.2.6/node_modules/next/dist/client/dev/report-hmr-latency.js:13
[  326272ms] [LOG] [Fast Refresh] rebuilding @ webpack-internal:///(app-pages-browser)/../../node_modules/.pnpm/next@15.5.18_@babel+core@7.29.7_react-dom@19.2.6_react@19.2.6__react@19.2.6/node_modules/next/dist/client/dev/hot-reloader/app/hot-reloader-app.js:196
[  326275ms] [LOG] [Fast Refresh] done in 2ms @ webpack-internal:///(app-pages-browser)/../../node_modules/.pnpm/next@15.5.18_@babel+core@7.29.7_react-dom@19.2.6_react@19.2.6__react@19.2.6/node_modules/next/dist/client/dev/report-hmr-latency.js:13
[  326320ms] [LOG] [Fast Refresh] rebuilding @ webpack-internal:///(app-pages-browser)/../../node_modules/.pnpm/next@15.5.18_@babel+core@7.29.7_react-dom@19.2.6_react@19.2.6__react@19.2.6/node_modules/next/dist/client/dev/hot-reloader/app/hot-reloader-app.js:196
[  326322ms] [LOG] [Fast Refresh] done in 3ms @ webpack-internal:///(app-pages-browser)/../../node_modules/.pnpm/next@15.5.18_@babel+core@7.29.7_react-dom@19.2.6_react@19.2.6__react@19.2.6/node_modules/next/dist/client/dev/report-hmr-latency.js:13
[  326367ms] [LOG] [Fast Refresh] rebuilding @ webpack-internal:///(app-pages-browser)/../../node_modules/.pnpm/next@15.5.18_@babel+core@7.29.7_react-dom@19.2.6_react@19.2.6__react@19.2.6/node_modules/next/dist/client/dev/hot-reloader/app/hot-reloader-app.js:196
[  326370ms] [LOG] [Fast Refresh] done in 3ms @ webpack-internal:///(app-pages-browser)/../../node_modules/.pnpm/next@15.5.18_@babel+core@7.29.7_react-dom@19.2.6_react@19.2.6__react@19.2.6/node_modules/next/dist/client/dev/report-hmr-latency.js:13
[  326413ms] [LOG] [Fast Refresh] done in 47ms @ webpack-internal:///(app-pages-browser)/../../node_modules/.pnpm/next@15.5.18_@babel+core@7.29.7_react-dom@19.2.6_react@19.2.6__react@19.2.6/node_modules/next/dist/client/dev/report-hmr-latency.js:13
[  326417ms] [LOG] [Fast Refresh] rebuilding @ webpack-internal:///(app-pages-browser)/../../node_modules/.pnpm/next@15.5.18_@babel+core@7.29.7_react-dom@19.2.6_react@19.2.6__react@19.2.6/node_modules/next/dist/client/dev/hot-reloader/app/hot-reloader-app.js:196
[  326463ms] [LOG] [Fast Refresh] done in 45ms @ webpack-internal:///(app-pages-browser)/../../node_modules/.pnpm/next@15.5.18_@babel+core@7.29.7_react-dom@19.2.6_react@19.2.6__react@19.2.6/node_modules/next/dist/client/dev/report-hmr-latency.js:13
[  326467ms] [LOG] [Fast Refresh] rebuilding @ webpack-internal:///(app-pages-browser)/../../node_modules/.pnpm/next@15.5.18_@babel+core@7.29.7_react-dom@19.2.6_react@19.2.6__react@19.2.6/node_modules/next/dist/client/dev/hot-reloader/app/hot-reloader-app.js:196
[  326515ms] [LOG] [Fast Refresh] done in 47ms @ webpack-internal:///(app-pages-browser)/../../node_modules/.pnpm/next@15.5.18_@babel+core@7.29.7_react-dom@19.2.6_react@19.2.6__react@19.2.6/node_modules/next/dist/client/dev/report-hmr-latency.js:13
[  326517ms] [LOG] [Fast Refresh] rebuilding @ webpack-internal:///(app-pages-browser)/../../node_modules/.pnpm/next@15.5.18_@babel+core@7.29.7_react-dom@19.2.6_react@19.2.6__react@19.2.6/node_modules/next/dist/client/dev/hot-reloader/app/hot-reloader-app.js:196
[  326567ms] [LOG] [Fast Refresh] rebuilding @ webpack-internal:///(app-pages-browser)/../../node_modules/.pnpm/next@15.5.18_@babel+core@7.29.7_react-dom@19.2.6_react@19.2.6__react@19.2.6/node_modules/next/dist/client/dev/hot-reloader/app/hot-reloader-app.js:196
[  326569ms] [LOG] [Fast Refresh] done in 1ms @ webpack-internal:///(app-pages-browser)/../../node_modules/.pnpm/next@15.5.18_@babel+core@7.29.7_react-dom@19.2.6_react@19.2.6__react@19.2.6/node_modules/next/dist/client/dev/report-hmr-latency.js:13
[  326617ms] [LOG] [Fast Refresh] done in 49ms @ webpack-internal:///(app-pages-browser)/../../node_modules/.pnpm/next@15.5.18_@babel+core@7.29.7_react-dom@19.2.6_react@19.2.6__react@19.2.6/node_modules/next/dist/client/dev/report-hmr-latency.js:13
[  326618ms] [LOG] [Fast Refresh] rebuilding @ webpack-internal:///(app-pages-browser)/../../node_modules/.pnpm/next@15.5.18_@babel+core@7.29.7_react-dom@19.2.6_react@19.2.6__react@19.2.6/node_modules/next/dist/client/dev/hot-reloader/app/hot-reloader-app.js:196
[  326666ms] [LOG] [Fast Refresh] done in 49ms @ webpack-internal:///(app-pages-browser)/../../node_modules/.pnpm/next@15.5.18_@babel+core@7.29.7_react-dom@19.2.6_react@19.2.6__react@19.2.6/node_modules/next/dist/client/dev/report-hmr-latency.js:13
[  326667ms] [LOG] [Fast Refresh] rebuilding @ webpack-internal:///(app-pages-browser)/../../node_modules/.pnpm/next@15.5.18_@babel+core@7.29.7_react-dom@19.2.6_react@19.2.6__react@19.2.6/node_modules/next/dist/client/dev/hot-reloader/app/hot-reloader-app.js:196
[  326712ms] [LOG] [Fast Refresh] done in 45ms @ webpack-internal:///(app-pages-browser)/../../node_modules/.pnpm/next@15.5.18_@babel+core@7.29.7_react-dom@19.2.6_react@19.2.6__react@19.2.6/node_modules/next/dist/client/dev/report-hmr-latency.js:13
[  326717ms] [LOG] [Fast Refresh] rebuilding @ webpack-internal:///(app-pages-browser)/../../node_modules/.pnpm/next@15.5.18_@babel+core@7.29.7_react-dom@19.2.6_react@19.2.6__react@19.2.6/node_modules/next/dist/client/dev/hot-reloader/app/hot-reloader-app.js:196
[  326764ms] [LOG] [Fast Refresh] done in 46ms @ webpack-internal:///(app-pages-browser)/../../node_modules/.pnpm/next@15.5.18_@babel+core@7.29.7_react-dom@19.2.6_react@19.2.6__react@19.2.6/node_modules/next/dist/client/dev/report-hmr-latency.js:13
[  326768ms] [LOG] [Fast Refresh] rebuilding @ webpack-internal:///(app-pages-browser)/../../node_modules/.pnpm/next@15.5.18_@babel+core@7.29.7_react-dom@19.2.6_react@19.2.6__react@19.2.6/node_modules/next/dist/client/dev/hot-reloader/app/hot-reloader-app.js:196
[  326827ms] [LOG] [Fast Refresh] rebuilding @ webpack-internal:///(app-pages-browser)/../../node_modules/.pnpm/next@15.5.18_@babel+core@7.29.7_react-dom@19.2.6_react@19.2.6__react@19.2.6/node_modules/next/dist/client/dev/hot-reloader/app/hot-reloader-app.js:196
[  326829ms] [LOG] [Fast Refresh] done in 3ms @ webpack-internal:///(app-pages-browser)/../../node_modules/.pnpm/next@15.5.18_@babel+core@7.29.7_react-dom@19.2.6_react@19.2.6__react@19.2.6/node_modules/next/dist/client/dev/report-hmr-latency.js:13
[  326872ms] [LOG] [Fast Refresh] rebuilding @ webpack-internal:///(app-pages-browser)/../../node_modules/.pnpm/next@15.5.18_@babel+core@7.29.7_react-dom@19.2.6_react@19.2.6__react@19.2.6/node_modules/next/dist/client/dev/hot-reloader/app/hot-reloader-app.js:196
[  326874ms] [LOG] [Fast Refresh] done in 1ms @ webpack-internal:///(app-pages-browser)/../../node_modules/.pnpm/next@15.5.18_@babel+core@7.29.7_react-dom@19.2.6_react@19.2.6__react@19.2.6/node_modules/next/dist/client/dev/report-hmr-latency.js:13
[  326929ms] [LOG] [Fast Refresh] rebuilding @ webpack-internal:///(app-pages-browser)/../../node_modules/.pnpm/next@15.5.18_@babel+core@7.29.7_react-dom@19.2.6_react@19.2.6__react@19.2.6/node_modules/next/dist/client/dev/hot-reloader/app/hot-reloader-app.js:196
[  326952ms] [LOG] [Fast Refresh] done in 22ms @ webpack-internal:///(app-pages-browser)/../../node_modules/.pnpm/next@15.5.18_@babel+core@7.29.7_react-dom@19.2.6_react@19.2.6__react@19.2.6/node_modules/next/dist/client/dev/report-hmr-latency.js:13
[  326992ms] [LOG] [Fast Refresh] rebuilding @ webpack-internal:///(app-pages-browser)/../../node_modules/.pnpm/next@15.5.18_@babel+core@7.29.7_react-dom@19.2.6_react@19.2.6__react@19.2.6/node_modules/next/dist/client/dev/hot-reloader/app/hot-reloader-app.js:196
[  326995ms] [LOG] [Fast Refresh] done in 4ms @ webpack-internal:///(app-pages-browser)/../../node_modules/.pnpm/next@15.5.18_@babel+core@7.29.7_react-dom@19.2.6_react@19.2.6__react@19.2.6/node_modules/next/dist/client/dev/report-hmr-latency.js:13
[  327040ms] [LOG] [Fast Refresh] rebuilding @ webpack-internal:///(app-pages-browser)/../../node_modules/.pnpm/next@15.5.18_@babel+core@7.29.7_react-dom@19.2.6_react@19.2.6__react@19.2.6/node_modules/next/dist/client/dev/hot-reloader/app/hot-reloader-app.js:196
[  327042ms] [LOG] [Fast Refresh] done in 2ms @ webpack-internal:///(app-pages-browser)/../../node_modules/.pnpm/next@15.5.18_@babel+core@7.29.7_react-dom@19.2.6_react@19.2.6__react@19.2.6/node_modules/next/dist/client/dev/report-hmr-latency.js:13
[  327089ms] [LOG] [Fast Refresh] rebuilding @ webpack-internal:///(app-pages-browser)/../../node_modules/.pnpm/next@15.5.18_@babel+core@7.29.7_react-dom@19.2.6_react@19.2.6__react@19.2.6/node_modules/next/dist/client/dev/hot-reloader/app/hot-reloader-app.js:196
[  327093ms] [LOG] [Fast Refresh] done in 3ms @ webpack-internal:///(app-pages-browser)/../../node_modules/.pnpm/next@15.5.18_@babel+core@7.29.7_react-dom@19.2.6_react@19.2.6__react@19.2.6/node_modules/next/dist/client/dev/report-hmr-latency.js:13
[  327141ms] [LOG] [Fast Refresh] rebuilding @ webpack-internal:///(app-pages-browser)/../../node_modules/.pnpm/next@15.5.18_@babel+core@7.29.7_react-dom@19.2.6_react@19.2.6__react@19.2.6/node_modules/next/dist/client/dev/hot-reloader/app/hot-reloader-app.js:196
[  327143ms] [LOG] [Fast Refresh] done in 2ms @ webpack-internal:///(app-pages-browser)/../../node_modules/.pnpm/next@15.5.18_@babel+core@7.29.7_react-dom@19.2.6_react@19.2.6__react@19.2.6/node_modules/next/dist/client/dev/report-hmr-latency.js:13
[  327185ms] [LOG] [Fast Refresh] rebuilding @ webpack-internal:///(app-pages-browser)/../../node_modules/.pnpm/next@15.5.18_@babel+core@7.29.7_react-dom@19.2.6_react@19.2.6__react@19.2.6/node_modules/next/dist/client/dev/hot-reloader/app/hot-reloader-app.js:196
[  327188ms] [LOG] [Fast Refresh] done in 4ms @ webpack-internal:///(app-pages-browser)/../../node_modules/.pnpm/next@15.5.18_@babel+core@7.29.7_react-dom@19.2.6_react@19.2.6__react@19.2.6/node_modules/next/dist/client/dev/report-hmr-latency.js:13
[  327232ms] [LOG] [Fast Refresh] rebuilding @ webpack-internal:///(app-pages-browser)/../../node_modules/.pnpm/next@15.5.18_@babel+core@7.29.7_react-dom@19.2.6_react@19.2.6__react@19.2.6/node_modules/next/dist/client/dev/hot-reloader/app/hot-reloader-app.js:196
[  327236ms] [LOG] [Fast Refresh] done in 4ms @ webpack-internal:///(app-pages-browser)/../../node_modules/.pnpm/next@15.5.18_@babel+core@7.29.7_react-dom@19.2.6_react@19.2.6__react@19.2.6/node_modules/next/dist/client/dev/report-hmr-latency.js:13
[  327312ms] [LOG] [Fast Refresh] rebuilding @ webpack-internal:///(app-pages-browser)/../../node_modules/.pnpm/next@15.5.18_@babel+core@7.29.7_react-dom@19.2.6_react@19.2.6__react@19.2.6/node_modules/next/dist/client/dev/hot-reloader/app/hot-reloader-app.js:196
[  327315ms] [LOG] [Fast Refresh] done in 4ms @ webpack-internal:///(app-pages-browser)/../../node_modules/.pnpm/next@15.5.18_@babel+core@7.29.7_react-dom@19.2.6_react@19.2.6__react@19.2.6/node_modules/next/dist/client/dev/report-hmr-latency.js:13
[  327357ms] [LOG] [Fast Refresh] rebuilding @ webpack-internal:///(app-pages-browser)/../../node_modules/.pnpm/next@15.5.18_@babel+core@7.29.7_react-dom@19.2.6_react@19.2.6__react@19.2.6/node_modules/next/dist/client/dev/hot-reloader/app/hot-reloader-app.js:196
[  327359ms] [LOG] [Fast Refresh] done in 3ms @ webpack-internal:///(app-pages-browser)/../../node_modules/.pnpm/next@15.5.18_@babel+core@7.29.7_react-dom@19.2.6_react@19.2.6__react@19.2.6/node_modules/next/dist/client/dev/report-hmr-latency.js:13
[  327406ms] [LOG] [Fast Refresh] rebuilding @ webpack-internal:///(app-pages-browser)/../../node_modules/.pnpm/next@15.5.18_@babel+core@7.29.7_react-dom@19.2.6_react@19.2.6__react@19.2.6/node_modules/next/dist/client/dev/hot-reloader/app/hot-reloader-app.js:196
[  327409ms] [LOG] [Fast Refresh] done in 2ms @ webpack-internal:///(app-pages-browser)/../../node_modules/.pnpm/next@15.5.18_@babel+core@7.29.7_react-dom@19.2.6_react@19.2.6__react@19.2.6/node_modules/next/dist/client/dev/report-hmr-latency.js:13
[  327455ms] [LOG] [Fast Refresh] rebuilding @ webpack-internal:///(app-pages-browser)/../../node_modules/.pnpm/next@15.5.18_@babel+core@7.29.7_react-dom@19.2.6_react@19.2.6__react@19.2.6/node_modules/next/dist/client/dev/hot-reloader/app/hot-reloader-app.js:196
[  327457ms] [LOG] [Fast Refresh] done in 2ms @ webpack-internal:///(app-pages-browser)/../../node_modules/.pnpm/next@15.5.18_@babel+core@7.29.7_react-dom@19.2.6_react@19.2.6__react@19.2.6/node_modules/next/dist/client/dev/report-hmr-latency.js:13
[  327501ms] [LOG] [Fast Refresh] rebuilding @ webpack-internal:///(app-pages-browser)/../../node_modules/.pnpm/next@15.5.18_@babel+core@7.29.7_react-dom@19.2.6_react@19.2.6__react@19.2.6/node_modules/next/dist/client/dev/hot-reloader/app/hot-reloader-app.js:196
[  327504ms] [LOG] [Fast Refresh] done in 3ms @ webpack-internal:///(app-pages-browser)/../../node_modules/.pnpm/next@15.5.18_@babel+core@7.29.7_react-dom@19.2.6_react@19.2.6__react@19.2.6/node_modules/next/dist/client/dev/report-hmr-latency.js:13
[  327547ms] [LOG] [Fast Refresh] rebuilding @ webpack-internal:///(app-pages-browser)/../../node_modules/.pnpm/next@15.5.18_@babel+core@7.29.7_react-dom@19.2.6_react@19.2.6__react@19.2.6/node_modules/next/dist/client/dev/hot-reloader/app/hot-reloader-app.js:196
[  327550ms] [LOG] [Fast Refresh] done in 2ms @ webpack-internal:///(app-pages-browser)/../../node_modules/.pnpm/next@15.5.18_@babel+core@7.29.7_react-dom@19.2.6_react@19.2.6__react@19.2.6/node_modules/next/dist/client/dev/report-hmr-latency.js:13
[  327591ms] [LOG] [Fast Refresh] rebuilding @ webpack-internal:///(app-pages-browser)/../../node_modules/.pnpm/next@15.5.18_@babel+core@7.29.7_react-dom@19.2.6_react@19.2.6__react@19.2.6/node_modules/next/dist/client/dev/hot-reloader/app/hot-reloader-app.js:196
[  327593ms] [LOG] [Fast Refresh] done in 2ms @ webpack-internal:///(app-pages-browser)/../../node_modules/.pnpm/next@15.5.18_@babel+core@7.29.7_react-dom@19.2.6_react@19.2.6__react@19.2.6/node_modules/next/dist/client/dev/report-hmr-latency.js:13
[  327637ms] [LOG] [Fast Refresh] rebuilding @ webpack-internal:///(app-pages-browser)/../../node_modules/.pnpm/next@15.5.18_@babel+core@7.29.7_react-dom@19.2.6_react@19.2.6__react@19.2.6/node_modules/next/dist/client/dev/hot-reloader/app/hot-reloader-app.js:196
[  327639ms] [LOG] [Fast Refresh] done in 2ms @ webpack-internal:///(app-pages-browser)/../../node_modules/.pnpm/next@15.5.18_@babel+core@7.29.7_react-dom@19.2.6_react@19.2.6__react@19.2.6/node_modules/next/dist/client/dev/report-hmr-latency.js:13
[  327683ms] [LOG] [Fast Refresh] done in 46ms @ webpack-internal:///(app-pages-browser)/../../node_modules/.pnpm/next@15.5.18_@babel+core@7.29.7_react-dom@19.2.6_react@19.2.6__react@19.2.6/node_modules/next/dist/client/dev/report-hmr-latency.js:13
[  327683ms] [LOG] [Fast Refresh] rebuilding @ webpack-internal:///(app-pages-browser)/../../node_modules/.pnpm/next@15.5.18_@babel+core@7.29.7_react-dom@19.2.6_react@19.2.6__react@19.2.6/node_modules/next/dist/client/dev/hot-reloader/app/hot-reloader-app.js:196
[  327728ms] [LOG] [Fast Refresh] done in 44ms @ webpack-internal:///(app-pages-browser)/../../node_modules/.pnpm/next@15.5.18_@babel+core@7.29.7_react-dom@19.2.6_react@19.2.6__react@19.2.6/node_modules/next/dist/client/dev/report-hmr-latency.js:13
[  327734ms] [LOG] [Fast Refresh] rebuilding @ webpack-internal:///(app-pages-browser)/../../node_modules/.pnpm/next@15.5.18_@babel+core@7.29.7_react-dom@19.2.6_react@19.2.6__react@19.2.6/node_modules/next/dist/client/dev/hot-reloader/app/hot-reloader-app.js:196
[  327784ms] [LOG] [Fast Refresh] rebuilding @ webpack-internal:///(app-pages-browser)/../../node_modules/.pnpm/next@15.5.18_@babel+core@7.29.7_react-dom@19.2.6_react@19.2.6__react@19.2.6/node_modules/next/dist/client/dev/hot-reloader/app/hot-reloader-app.js:196
[  327787ms] [LOG] [Fast Refresh] done in 2ms @ webpack-internal:///(app-pages-browser)/../../node_modules/.pnpm/next@15.5.18_@babel+core@7.29.7_react-dom@19.2.6_react@19.2.6__react@19.2.6/node_modules/next/dist/client/dev/report-hmr-latency.js:13
[  327831ms] [LOG] [Fast Refresh] done in 46ms @ webpack-internal:///(app-pages-browser)/../../node_modules/.pnpm/next@15.5.18_@babel+core@7.29.7_react-dom@19.2.6_react@19.2.6__react@19.2.6/node_modules/next/dist/client/dev/report-hmr-latency.js:13
[  327835ms] [LOG] [Fast Refresh] rebuilding @ webpack-internal:///(app-pages-browser)/../../node_modules/.pnpm/next@15.5.18_@babel+core@7.29.7_react-dom@19.2.6_react@19.2.6__react@19.2.6/node_modules/next/dist/client/dev/hot-reloader/app/hot-reloader-app.js:196
[  327881ms] [LOG] [Fast Refresh] done in 45ms @ webpack-internal:///(app-pages-browser)/../../node_modules/.pnpm/next@15.5.18_@babel+core@7.29.7_react-dom@19.2.6_react@19.2.6__react@19.2.6/node_modules/next/dist/client/dev/report-hmr-latency.js:13
[  327885ms] [LOG] [Fast Refresh] rebuilding @ webpack-internal:///(app-pages-browser)/../../node_modules/.pnpm/next@15.5.18_@babel+core@7.29.7_react-dom@19.2.6_react@19.2.6__react@19.2.6/node_modules/next/dist/client/dev/hot-reloader/app/hot-reloader-app.js:196
[  327929ms] [LOG] [Fast Refresh] done in 44ms @ webpack-internal:///(app-pages-browser)/../../node_modules/.pnpm/next@15.5.18_@babel+core@7.29.7_react-dom@19.2.6_react@19.2.6__react@19.2.6/node_modules/next/dist/client/dev/report-hmr-latency.js:13
[  327935ms] [LOG] [Fast Refresh] rebuilding @ webpack-internal:///(app-pages-browser)/../../node_modules/.pnpm/next@15.5.18_@babel+core@7.29.7_react-dom@19.2.6_react@19.2.6__react@19.2.6/node_modules/next/dist/client/dev/hot-reloader/app/hot-reloader-app.js:196
[  327982ms] [LOG] [Fast Refresh] done in 46ms @ webpack-internal:///(app-pages-browser)/../../node_modules/.pnpm/next@15.5.18_@babel+core@7.29.7_react-dom@19.2.6_react@19.2.6__react@19.2.6/node_modules/next/dist/client/dev/report-hmr-latency.js:13
[  327985ms] [LOG] [Fast Refresh] rebuilding @ webpack-internal:///(app-pages-browser)/../../node_modules/.pnpm/next@15.5.18_@babel+core@7.29.7_react-dom@19.2.6_react@19.2.6__react@19.2.6/node_modules/next/dist/client/dev/hot-reloader/app/hot-reloader-app.js:196
[  328032ms] [LOG] [Fast Refresh] done in 47ms @ webpack-internal:///(app-pages-browser)/../../node_modules/.pnpm/next@15.5.18_@babel+core@7.29.7_react-dom@19.2.6_react@19.2.6__react@19.2.6/node_modules/next/dist/client/dev/report-hmr-latency.js:13
[  328035ms] [LOG] [Fast Refresh] rebuilding @ webpack-internal:///(app-pages-browser)/../../node_modules/.pnpm/next@15.5.18_@babel+core@7.29.7_react-dom@19.2.6_react@19.2.6__react@19.2.6/node_modules/next/dist/client/dev/hot-reloader/app/hot-reloader-app.js:196
[  328082ms] [LOG] [Fast Refresh] done in 47ms @ webpack-internal:///(app-pages-browser)/../../node_modules/.pnpm/next@15.5.18_@babel+core@7.29.7_react-dom@19.2.6_react@19.2.6__react@19.2.6/node_modules/next/dist/client/dev/report-hmr-latency.js:13
[  328085ms] [LOG] [Fast Refresh] rebuilding @ webpack-internal:///(app-pages-browser)/../../node_modules/.pnpm/next@15.5.18_@babel+core@7.29.7_react-dom@19.2.6_react@19.2.6__react@19.2.6/node_modules/next/dist/client/dev/hot-reloader/app/hot-reloader-app.js:196
[  328133ms] [LOG] [Fast Refresh] done in 47ms @ webpack-internal:///(app-pages-browser)/../../node_modules/.pnpm/next@15.5.18_@babel+core@7.29.7_react-dom@19.2.6_react@19.2.6__react@19.2.6/node_modules/next/dist/client/dev/report-hmr-latency.js:13
[  328135ms] [LOG] [Fast Refresh] rebuilding @ webpack-internal:///(app-pages-browser)/../../node_modules/.pnpm/next@15.5.18_@babel+core@7.29.7_react-dom@19.2.6_react@19.2.6__react@19.2.6/node_modules/next/dist/client/dev/hot-reloader/app/hot-reloader-app.js:196
[  328182ms] [LOG] [Fast Refresh] done in 47ms @ webpack-internal:///(app-pages-browser)/../../node_modules/.pnpm/next@15.5.18_@babel+core@7.29.7_react-dom@19.2.6_react@19.2.6__react@19.2.6/node_modules/next/dist/client/dev/report-hmr-latency.js:13
[  328186ms] [LOG] [Fast Refresh] rebuilding @ webpack-internal:///(app-pages-browser)/../../node_modules/.pnpm/next@15.5.18_@babel+core@7.29.7_react-dom@19.2.6_react@19.2.6__react@19.2.6/node_modules/next/dist/client/dev/hot-reloader/app/hot-reloader-app.js:196
[  328234ms] [LOG] [Fast Refresh] done in 47ms @ webpack-internal:///(app-pages-browser)/../../node_modules/.pnpm/next@15.5.18_@babel+core@7.29.7_react-dom@19.2.6_react@19.2.6__react@19.2.6/node_modules/next/dist/client/dev/report-hmr-latency.js:13
[  328236ms] [LOG] [Fast Refresh] rebuilding @ webpack-internal:///(app-pages-browser)/../../node_modules/.pnpm/next@15.5.18_@babel+core@7.29.7_react-dom@19.2.6_react@19.2.6__react@19.2.6/node_modules/next/dist/client/dev/hot-reloader/app/hot-reloader-app.js:196
[  328280ms] [LOG] [Fast Refresh] done in 45ms @ webpack-internal:///(app-pages-browser)/../../node_modules/.pnpm/next@15.5.18_@babel+core@7.29.7_react-dom@19.2.6_react@19.2.6__react@19.2.6/node_modules/next/dist/client/dev/report-hmr-latency.js:13
[  328286ms] [LOG] [Fast Refresh] rebuilding @ webpack-internal:///(app-pages-browser)/../../node_modules/.pnpm/next@15.5.18_@babel+core@7.29.7_react-dom@19.2.6_react@19.2.6__react@19.2.6/node_modules/next/dist/client/dev/hot-reloader/app/hot-reloader-app.js:196
[  328333ms] [LOG] [Fast Refresh] done in 46ms @ webpack-internal:///(app-pages-browser)/../../node_modules/.pnpm/next@15.5.18_@babel+core@7.29.7_react-dom@19.2.6_react@19.2.6__react@19.2.6/node_modules/next/dist/client/dev/report-hmr-latency.js:13
[  328337ms] [LOG] [Fast Refresh] rebuilding @ webpack-internal:///(app-pages-browser)/../../node_modules/.pnpm/next@15.5.18_@babel+core@7.29.7_react-dom@19.2.6_react@19.2.6__react@19.2.6/node_modules/next/dist/client/dev/hot-reloader/app/hot-reloader-app.js:196
[  328385ms] [LOG] [Fast Refresh] done in 49ms @ webpack-internal:///(app-pages-browser)/../../node_modules/.pnpm/next@15.5.18_@babel+core@7.29.7_react-dom@19.2.6_react@19.2.6__react@19.2.6/node_modules/next/dist/client/dev/report-hmr-latency.js:13
[  328387ms] [LOG] [Fast Refresh] rebuilding @ webpack-internal:///(app-pages-browser)/../../node_modules/.pnpm/next@15.5.18_@babel+core@7.29.7_react-dom@19.2.6_react@19.2.6__react@19.2.6/node_modules/next/dist/client/dev/hot-reloader/app/hot-reloader-app.js:196
[  328450ms] [LOG] [Fast Refresh] rebuilding @ webpack-internal:///(app-pages-browser)/../../node_modules/.pnpm/next@15.5.18_@babel+core@7.29.7_react-dom@19.2.6_react@19.2.6__react@19.2.6/node_modules/next/dist/client/dev/hot-reloader/app/hot-reloader-app.js:196
[  328455ms] [LOG] [Fast Refresh] done in 5ms @ webpack-internal:///(app-pages-browser)/../../node_modules/.pnpm/next@15.5.18_@babel+core@7.29.7_react-dom@19.2.6_react@19.2.6__react@19.2.6/node_modules/next/dist/client/dev/report-hmr-latency.js:13
[  328494ms] [LOG] [Fast Refresh] rebuilding @ webpack-internal:///(app-pages-browser)/../../node_modules/.pnpm/next@15.5.18_@babel+core@7.29.7_react-dom@19.2.6_react@19.2.6__react@19.2.6/node_modules/next/dist/client/dev/hot-reloader/app/hot-reloader-app.js:196
[  328497ms] [LOG] [Fast Refresh] done in 2ms @ webpack-internal:///(app-pages-browser)/../../node_modules/.pnpm/next@15.5.18_@babel+core@7.29.7_react-dom@19.2.6_react@19.2.6__react@19.2.6/node_modules/next/dist/client/dev/report-hmr-latency.js:13
[  328539ms] [LOG] [Fast Refresh] done in 44ms @ webpack-internal:///(app-pages-browser)/../../node_modules/.pnpm/next@15.5.18_@babel+core@7.29.7_react-dom@19.2.6_react@19.2.6__react@19.2.6/node_modules/next/dist/client/dev/report-hmr-latency.js:13
[  328539ms] [LOG] [Fast Refresh] rebuilding @ webpack-internal:///(app-pages-browser)/../../node_modules/.pnpm/next@15.5.18_@babel+core@7.29.7_react-dom@19.2.6_react@19.2.6__react@19.2.6/node_modules/next/dist/client/dev/hot-reloader/app/hot-reloader-app.js:196
[  328589ms] [LOG] [Fast Refresh] rebuilding @ webpack-internal:///(app-pages-browser)/../../node_modules/.pnpm/next@15.5.18_@babel+core@7.29.7_react-dom@19.2.6_react@19.2.6__react@19.2.6/node_modules/next/dist/client/dev/hot-reloader/app/hot-reloader-app.js:196
[  328590ms] [LOG] [Fast Refresh] done in 1ms @ webpack-internal:///(app-pages-browser)/../../node_modules/.pnpm/next@15.5.18_@babel+core@7.29.7_react-dom@19.2.6_react@19.2.6__react@19.2.6/node_modules/next/dist/client/dev/report-hmr-latency.js:13
[  328640ms] [LOG] [Fast Refresh] rebuilding @ webpack-internal:///(app-pages-browser)/../../node_modules/.pnpm/next@15.5.18_@babel+core@7.29.7_react-dom@19.2.6_react@19.2.6__react@19.2.6/node_modules/next/dist/client/dev/hot-reloader/app/hot-reloader-app.js:196
[  328641ms] [LOG] [Fast Refresh] done in 2ms @ webpack-internal:///(app-pages-browser)/../../node_modules/.pnpm/next@15.5.18_@babel+core@7.29.7_react-dom@19.2.6_react@19.2.6__react@19.2.6/node_modules/next/dist/client/dev/report-hmr-latency.js:13
[  328691ms] [LOG] [Fast Refresh] rebuilding @ webpack-internal:///(app-pages-browser)/../../node_modules/.pnpm/next@15.5.18_@babel+core@7.29.7_react-dom@19.2.6_react@19.2.6__react@19.2.6/node_modules/next/dist/client/dev/hot-reloader/app/hot-reloader-app.js:196
[  328694ms] [LOG] [Fast Refresh] done in 2ms @ webpack-internal:///(app-pages-browser)/../../node_modules/.pnpm/next@15.5.18_@babel+core@7.29.7_react-dom@19.2.6_react@19.2.6__react@19.2.6/node_modules/next/dist/client/dev/report-hmr-latency.js:13
[  328741ms] [LOG] [Fast Refresh] rebuilding @ webpack-internal:///(app-pages-browser)/../../node_modules/.pnpm/next@15.5.18_@babel+core@7.29.7_react-dom@19.2.6_react@19.2.6__react@19.2.6/node_modules/next/dist/client/dev/hot-reloader/app/hot-reloader-app.js:196
[  328741ms] [LOG] [Fast Refresh] done in 0ms @ webpack-internal:///(app-pages-browser)/../../node_modules/.pnpm/next@15.5.18_@babel+core@7.29.7_react-dom@19.2.6_react@19.2.6__react@19.2.6/node_modules/next/dist/client/dev/report-hmr-latency.js:13
[  328789ms] [LOG] [Fast Refresh] done in 48ms @ webpack-internal:///(app-pages-browser)/../../node_modules/.pnpm/next@15.5.18_@babel+core@7.29.7_react-dom@19.2.6_react@19.2.6__react@19.2.6/node_modules/next/dist/client/dev/report-hmr-latency.js:13
[  328790ms] [LOG] [Fast Refresh] rebuilding @ webpack-internal:///(app-pages-browser)/../../node_modules/.pnpm/next@15.5.18_@babel+core@7.29.7_react-dom@19.2.6_react@19.2.6__react@19.2.6/node_modules/next/dist/client/dev/hot-reloader/app/hot-reloader-app.js:196
[  328838ms] [LOG] [Fast Refresh] done in 48ms @ webpack-internal:///(app-pages-browser)/../../node_modules/.pnpm/next@15.5.18_@babel+core@7.29.7_react-dom@19.2.6_react@19.2.6__react@19.2.6/node_modules/next/dist/client/dev/report-hmr-latency.js:13
[  328841ms] [LOG] [Fast Refresh] rebuilding @ webpack-internal:///(app-pages-browser)/../../node_modules/.pnpm/next@15.5.18_@babel+core@7.29.7_react-dom@19.2.6_react@19.2.6__react@19.2.6/node_modules/next/dist/client/dev/hot-reloader/app/hot-reloader-app.js:196
[  328890ms] [LOG] [Fast Refresh] done in 49ms @ webpack-internal:///(app-pages-browser)/../../node_modules/.pnpm/next@15.5.18_@babel+core@7.29.7_react-dom@19.2.6_react@19.2.6__react@19.2.6/node_modules/next/dist/client/dev/report-hmr-latency.js:13
[  328890ms] [LOG] [Fast Refresh] rebuilding @ webpack-internal:///(app-pages-browser)/../../node_modules/.pnpm/next@15.5.18_@babel+core@7.29.7_react-dom@19.2.6_react@19.2.6__react@19.2.6/node_modules/next/dist/client/dev/hot-reloader/app/hot-reloader-app.js:196
[  328938ms] [LOG] [Fast Refresh] done in 48ms @ webpack-internal:///(app-pages-browser)/../../node_modules/.pnpm/next@15.5.18_@babel+core@7.29.7_react-dom@19.2.6_react@19.2.6__react@19.2.6/node_modules/next/dist/client/dev/report-hmr-latency.js:13
[  328941ms] [LOG] [Fast Refresh] rebuilding @ webpack-internal:///(app-pages-browser)/../../node_modules/.pnpm/next@15.5.18_@babel+core@7.29.7_react-dom@19.2.6_react@19.2.6__react@19.2.6/node_modules/next/dist/client/dev/hot-reloader/app/hot-reloader-app.js:196
[  328986ms] [LOG] [Fast Refresh] done in 46ms @ webpack-internal:///(app-pages-browser)/../../node_modules/.pnpm/next@15.5.18_@babel+core@7.29.7_react-dom@19.2.6_react@19.2.6__react@19.2.6/node_modules/next/dist/client/dev/report-hmr-latency.js:13
[  328992ms] [LOG] [Fast Refresh] rebuilding @ webpack-internal:///(app-pages-browser)/../../node_modules/.pnpm/next@15.5.18_@babel+core@7.29.7_react-dom@19.2.6_react@19.2.6__react@19.2.6/node_modules/next/dist/client/dev/hot-reloader/app/hot-reloader-app.js:196
[  329038ms] [LOG] [Fast Refresh] done in 47ms @ webpack-internal:///(app-pages-browser)/../../node_modules/.pnpm/next@15.5.18_@babel+core@7.29.7_react-dom@19.2.6_react@19.2.6__react@19.2.6/node_modules/next/dist/client/dev/report-hmr-latency.js:13
[  329042ms] [LOG] [Fast Refresh] rebuilding @ webpack-internal:///(app-pages-browser)/../../node_modules/.pnpm/next@15.5.18_@babel+core@7.29.7_react-dom@19.2.6_react@19.2.6__react@19.2.6/node_modules/next/dist/client/dev/hot-reloader/app/hot-reloader-app.js:196
[  329087ms] [LOG] [Fast Refresh] done in 46ms @ webpack-internal:///(app-pages-browser)/../../node_modules/.pnpm/next@15.5.18_@babel+core@7.29.7_react-dom@19.2.6_react@19.2.6__react@19.2.6/node_modules/next/dist/client/dev/report-hmr-latency.js:13
[  329092ms] [LOG] [Fast Refresh] rebuilding @ webpack-internal:///(app-pages-browser)/../../node_modules/.pnpm/next@15.5.18_@babel+core@7.29.7_react-dom@19.2.6_react@19.2.6__react@19.2.6/node_modules/next/dist/client/dev/hot-reloader/app/hot-reloader-app.js:196
[  329139ms] [LOG] [Fast Refresh] done in 47ms @ webpack-internal:///(app-pages-browser)/../../node_modules/.pnpm/next@15.5.18_@babel+core@7.29.7_react-dom@19.2.6_react@19.2.6__react@19.2.6/node_modules/next/dist/client/dev/report-hmr-latency.js:13
[  329142ms] [LOG] [Fast Refresh] rebuilding @ webpack-internal:///(app-pages-browser)/../../node_modules/.pnpm/next@15.5.18_@babel+core@7.29.7_react-dom@19.2.6_react@19.2.6__react@19.2.6/node_modules/next/dist/client/dev/hot-reloader/app/hot-reloader-app.js:196
[  329190ms] [LOG] [Fast Refresh] done in 47ms @ webpack-internal:///(app-pages-browser)/../../node_modules/.pnpm/next@15.5.18_@babel+core@7.29.7_react-dom@19.2.6_react@19.2.6__react@19.2.6/node_modules/next/dist/client/dev/report-hmr-latency.js:13
[  329192ms] [LOG] [Fast Refresh] rebuilding @ webpack-internal:///(app-pages-browser)/../../node_modules/.pnpm/next@15.5.18_@babel+core@7.29.7_react-dom@19.2.6_react@19.2.6__react@19.2.6/node_modules/next/dist/client/dev/hot-reloader/app/hot-reloader-app.js:196
[  329239ms] [LOG] [Fast Refresh] done in 47ms @ webpack-internal:///(app-pages-browser)/../../node_modules/.pnpm/next@15.5.18_@babel+core@7.29.7_react-dom@19.2.6_react@19.2.6__react@19.2.6/node_modules/next/dist/client/dev/report-hmr-latency.js:13
[  329242ms] [LOG] [Fast Refresh] rebuilding @ webpack-internal:///(app-pages-browser)/../../node_modules/.pnpm/next@15.5.18_@babel+core@7.29.7_react-dom@19.2.6_react@19.2.6__react@19.2.6/node_modules/next/dist/client/dev/hot-reloader/app/hot-reloader-app.js:196
[  329291ms] [LOG] [Fast Refresh] done in 49ms @ webpack-internal:///(app-pages-browser)/../../node_modules/.pnpm/next@15.5.18_@babel+core@7.29.7_react-dom@19.2.6_react@19.2.6__react@19.2.6/node_modules/next/dist/client/dev/report-hmr-latency.js:13
[  329292ms] [LOG] [Fast Refresh] rebuilding @ webpack-internal:///(app-pages-browser)/../../node_modules/.pnpm/next@15.5.18_@babel+core@7.29.7_react-dom@19.2.6_react@19.2.6__react@19.2.6/node_modules/next/dist/client/dev/hot-reloader/app/hot-reloader-app.js:196
[  329341ms] [LOG] [Fast Refresh] done in 48ms @ webpack-internal:///(app-pages-browser)/../../node_modules/.pnpm/next@15.5.18_@babel+core@7.29.7_react-dom@19.2.6_react@19.2.6__react@19.2.6/node_modules/next/dist/client/dev/report-hmr-latency.js:13
[  329342ms] [LOG] [Fast Refresh] rebuilding @ webpack-internal:///(app-pages-browser)/../../node_modules/.pnpm/next@15.5.18_@babel+core@7.29.7_react-dom@19.2.6_react@19.2.6__react@19.2.6/node_modules/next/dist/client/dev/hot-reloader/app/hot-reloader-app.js:196
[  329391ms] [LOG] [Fast Refresh] done in 49ms @ webpack-internal:///(app-pages-browser)/../../node_modules/.pnpm/next@15.5.18_@babel+core@7.29.7_react-dom@19.2.6_react@19.2.6__react@19.2.6/node_modules/next/dist/client/dev/report-hmr-latency.js:13
[  329392ms] [LOG] [Fast Refresh] rebuilding @ webpack-internal:///(app-pages-browser)/../../node_modules/.pnpm/next@15.5.18_@babel+core@7.29.7_react-dom@19.2.6_react@19.2.6__react@19.2.6/node_modules/next/dist/client/dev/hot-reloader/app/hot-reloader-app.js:196
[  329441ms] [LOG] [Fast Refresh] done in 49ms @ webpack-internal:///(app-pages-browser)/../../node_modules/.pnpm/next@15.5.18_@babel+core@7.29.7_react-dom@19.2.6_react@19.2.6__react@19.2.6/node_modules/next/dist/client/dev/report-hmr-latency.js:13
[  329443ms] [LOG] [Fast Refresh] rebuilding @ webpack-internal:///(app-pages-browser)/../../node_modules/.pnpm/next@15.5.18_@babel+core@7.29.7_react-dom@19.2.6_react@19.2.6__react@19.2.6/node_modules/next/dist/client/dev/hot-reloader/app/hot-reloader-app.js:196
[  329492ms] [LOG] [Fast Refresh] done in 49ms @ webpack-internal:///(app-pages-browser)/../../node_modules/.pnpm/next@15.5.18_@babel+core@7.29.7_react-dom@19.2.6_react@19.2.6__react@19.2.6/node_modules/next/dist/client/dev/report-hmr-latency.js:13
[  329492ms] [LOG] [Fast Refresh] rebuilding @ webpack-internal:///(app-pages-browser)/../../node_modules/.pnpm/next@15.5.18_@babel+core@7.29.7_react-dom@19.2.6_react@19.2.6__react@19.2.6/node_modules/next/dist/client/dev/hot-reloader/app/hot-reloader-app.js:196
[  329545ms] [LOG] [Fast Refresh] rebuilding @ webpack-internal:///(app-pages-browser)/../../node_modules/.pnpm/next@15.5.18_@babel+core@7.29.7_react-dom@19.2.6_react@19.2.6__react@19.2.6/node_modules/next/dist/client/dev/hot-reloader/app/hot-reloader-app.js:196
[  329549ms] [LOG] [Fast Refresh] done in 4ms @ webpack-internal:///(app-pages-browser)/../../node_modules/.pnpm/next@15.5.18_@babel+core@7.29.7_react-dom@19.2.6_react@19.2.6__react@19.2.6/node_modules/next/dist/client/dev/report-hmr-latency.js:13
[  329618ms] [LOG] [Fast Refresh] rebuilding @ webpack-internal:///(app-pages-browser)/../../node_modules/.pnpm/next@15.5.18_@babel+core@7.29.7_react-dom@19.2.6_react@19.2.6__react@19.2.6/node_modules/next/dist/client/dev/hot-reloader/app/hot-reloader-app.js:196
[  329622ms] [LOG] [Fast Refresh] done in 4ms @ webpack-internal:///(app-pages-browser)/../../node_modules/.pnpm/next@15.5.18_@babel+core@7.29.7_react-dom@19.2.6_react@19.2.6__react@19.2.6/node_modules/next/dist/client/dev/report-hmr-latency.js:13
[  329663ms] [LOG] [Fast Refresh] rebuilding @ webpack-internal:///(app-pages-browser)/../../node_modules/.pnpm/next@15.5.18_@babel+core@7.29.7_react-dom@19.2.6_react@19.2.6__react@19.2.6/node_modules/next/dist/client/dev/hot-reloader/app/hot-reloader-app.js:196
[  329665ms] [LOG] [Fast Refresh] done in 2ms @ webpack-internal:///(app-pages-browser)/../../node_modules/.pnpm/next@15.5.18_@babel+core@7.29.7_react-dom@19.2.6_react@19.2.6__react@19.2.6/node_modules/next/dist/client/dev/report-hmr-latency.js:13
[  329709ms] [LOG] [Fast Refresh] rebuilding @ webpack-internal:///(app-pages-browser)/../../node_modules/.pnpm/next@15.5.18_@babel+core@7.29.7_react-dom@19.2.6_react@19.2.6__react@19.2.6/node_modules/next/dist/client/dev/hot-reloader/app/hot-reloader-app.js:196
[  329711ms] [LOG] [Fast Refresh] done in 2ms @ webpack-internal:///(app-pages-browser)/../../node_modules/.pnpm/next@15.5.18_@babel+core@7.29.7_react-dom@19.2.6_react@19.2.6__react@19.2.6/node_modules/next/dist/client/dev/report-hmr-latency.js:13
[  329755ms] [LOG] [Fast Refresh] rebuilding @ webpack-internal:///(app-pages-browser)/../../node_modules/.pnpm/next@15.5.18_@babel+core@7.29.7_react-dom@19.2.6_react@19.2.6__react@19.2.6/node_modules/next/dist/client/dev/hot-reloader/app/hot-reloader-app.js:196
[  329757ms] [LOG] [Fast Refresh] done in 2ms @ webpack-internal:///(app-pages-browser)/../../node_modules/.pnpm/next@15.5.18_@babel+core@7.29.7_react-dom@19.2.6_react@19.2.6__react@19.2.6/node_modules/next/dist/client/dev/report-hmr-latency.js:13
[  329800ms] [LOG] [Fast Refresh] rebuilding @ webpack-internal:///(app-pages-browser)/../../node_modules/.pnpm/next@15.5.18_@babel+core@7.29.7_react-dom@19.2.6_react@19.2.6__react@19.2.6/node_modules/next/dist/client/dev/hot-reloader/app/hot-reloader-app.js:196
[  329803ms] [LOG] [Fast Refresh] done in 2ms @ webpack-internal:///(app-pages-browser)/../../node_modules/.pnpm/next@15.5.18_@babel+core@7.29.7_react-dom@19.2.6_react@19.2.6__react@19.2.6/node_modules/next/dist/client/dev/report-hmr-latency.js:13
[  329847ms] [LOG] [Fast Refresh] rebuilding @ webpack-internal:///(app-pages-browser)/../../node_modules/.pnpm/next@15.5.18_@babel+core@7.29.7_react-dom@19.2.6_react@19.2.6__react@19.2.6/node_modules/next/dist/client/dev/hot-reloader/app/hot-reloader-app.js:196
[  329848ms] [LOG] [Fast Refresh] done in 1ms @ webpack-internal:///(app-pages-browser)/../../node_modules/.pnpm/next@15.5.18_@babel+core@7.29.7_react-dom@19.2.6_react@19.2.6__react@19.2.6/node_modules/next/dist/client/dev/report-hmr-latency.js:13
[  329895ms] [LOG] [Fast Refresh] done in 47ms @ webpack-internal:///(app-pages-browser)/../../node_modules/.pnpm/next@15.5.18_@babel+core@7.29.7_react-dom@19.2.6_react@19.2.6__react@19.2.6/node_modules/next/dist/client/dev/report-hmr-latency.js:13
[  329898ms] [LOG] [Fast Refresh] rebuilding @ webpack-internal:///(app-pages-browser)/../../node_modules/.pnpm/next@15.5.18_@babel+core@7.29.7_react-dom@19.2.6_react@19.2.6__react@19.2.6/node_modules/next/dist/client/dev/hot-reloader/app/hot-reloader-app.js:196
[  329945ms] [LOG] [Fast Refresh] done in 47ms @ webpack-internal:///(app-pages-browser)/../../node_modules/.pnpm/next@15.5.18_@babel+core@7.29.7_react-dom@19.2.6_react@19.2.6__react@19.2.6/node_modules/next/dist/client/dev/report-hmr-latency.js:13
[  329948ms] [LOG] [Fast Refresh] rebuilding @ webpack-internal:///(app-pages-browser)/../../node_modules/.pnpm/next@15.5.18_@babel+core@7.29.7_react-dom@19.2.6_react@19.2.6__react@19.2.6/node_modules/next/dist/client/dev/hot-reloader/app/hot-reloader-app.js:196
[  329996ms] [LOG] [Fast Refresh] done in 47ms @ webpack-internal:///(app-pages-browser)/../../node_modules/.pnpm/next@15.5.18_@babel+core@7.29.7_react-dom@19.2.6_react@19.2.6__react@19.2.6/node_modules/next/dist/client/dev/report-hmr-latency.js:13
[  329998ms] [LOG] [Fast Refresh] rebuilding @ webpack-internal:///(app-pages-browser)/../../node_modules/.pnpm/next@15.5.18_@babel+core@7.29.7_react-dom@19.2.6_react@19.2.6__react@19.2.6/node_modules/next/dist/client/dev/hot-reloader/app/hot-reloader-app.js:196
[  330048ms] [LOG] [Fast Refresh] done in 50ms @ webpack-internal:///(app-pages-browser)/../../node_modules/.pnpm/next@15.5.18_@babel+core@7.29.7_react-dom@19.2.6_react@19.2.6__react@19.2.6/node_modules/next/dist/client/dev/report-hmr-latency.js:13
[  330048ms] [LOG] [Fast Refresh] rebuilding @ webpack-internal:///(app-pages-browser)/../../node_modules/.pnpm/next@15.5.18_@babel+core@7.29.7_react-dom@19.2.6_react@19.2.6__react@19.2.6/node_modules/next/dist/client/dev/hot-reloader/app/hot-reloader-app.js:196
[  330096ms] [LOG] [Fast Refresh] done in 48ms @ webpack-internal:///(app-pages-browser)/../../node_modules/.pnpm/next@15.5.18_@babel+core@7.29.7_react-dom@19.2.6_react@19.2.6__react@19.2.6/node_modules/next/dist/client/dev/report-hmr-latency.js:13
[  330099ms] [LOG] [Fast Refresh] rebuilding @ webpack-internal:///(app-pages-browser)/../../node_modules/.pnpm/next@15.5.18_@babel+core@7.29.7_react-dom@19.2.6_react@19.2.6__react@19.2.6/node_modules/next/dist/client/dev/hot-reloader/app/hot-reloader-app.js:196
[  330149ms] [LOG] [Fast Refresh] done in 50ms @ webpack-internal:///(app-pages-browser)/../../node_modules/.pnpm/next@15.5.18_@babel+core@7.29.7_react-dom@19.2.6_react@19.2.6__react@19.2.6/node_modules/next/dist/client/dev/report-hmr-latency.js:13
[  330150ms] [LOG] [Fast Refresh] rebuilding @ webpack-internal:///(app-pages-browser)/../../node_modules/.pnpm/next@15.5.18_@babel+core@7.29.7_react-dom@19.2.6_react@19.2.6__react@19.2.6/node_modules/next/dist/client/dev/hot-reloader/app/hot-reloader-app.js:196
[  330194ms] [LOG] [Fast Refresh] done in 44ms @ webpack-internal:///(app-pages-browser)/../../node_modules/.pnpm/next@15.5.18_@babel+core@7.29.7_react-dom@19.2.6_react@19.2.6__react@19.2.6/node_modules/next/dist/client/dev/report-hmr-latency.js:13
[  330200ms] [LOG] [Fast Refresh] rebuilding @ webpack-internal:///(app-pages-browser)/../../node_modules/.pnpm/next@15.5.18_@babel+core@7.29.7_react-dom@19.2.6_react@19.2.6__react@19.2.6/node_modules/next/dist/client/dev/hot-reloader/app/hot-reloader-app.js:196
[  330249ms] [LOG] [Fast Refresh] done in 49ms @ webpack-internal:///(app-pages-browser)/../../node_modules/.pnpm/next@15.5.18_@babel+core@7.29.7_react-dom@19.2.6_react@19.2.6__react@19.2.6/node_modules/next/dist/client/dev/report-hmr-latency.js:13
[  330250ms] [LOG] [Fast Refresh] rebuilding @ webpack-internal:///(app-pages-browser)/../../node_modules/.pnpm/next@15.5.18_@babel+core@7.29.7_react-dom@19.2.6_react@19.2.6__react@19.2.6/node_modules/next/dist/client/dev/hot-reloader/app/hot-reloader-app.js:196
[  330299ms] [LOG] [Fast Refresh] done in 50ms @ webpack-internal:///(app-pages-browser)/../../node_modules/.pnpm/next@15.5.18_@babel+core@7.29.7_react-dom@19.2.6_react@19.2.6__react@19.2.6/node_modules/next/dist/client/dev/report-hmr-latency.js:13
[  330300ms] [LOG] [Fast Refresh] rebuilding @ webpack-internal:///(app-pages-browser)/../../node_modules/.pnpm/next@15.5.18_@babel+core@7.29.7_react-dom@19.2.6_react@19.2.6__react@19.2.6/node_modules/next/dist/client/dev/hot-reloader/app/hot-reloader-app.js:196
[  330349ms] [LOG] [Fast Refresh] done in 49ms @ webpack-internal:///(app-pages-browser)/../../node_modules/.pnpm/next@15.5.18_@babel+core@7.29.7_react-dom@19.2.6_react@19.2.6__react@19.2.6/node_modules/next/dist/client/dev/report-hmr-latency.js:13
[  330350ms] [LOG] [Fast Refresh] rebuilding @ webpack-internal:///(app-pages-browser)/../../node_modules/.pnpm/next@15.5.18_@babel+core@7.29.7_react-dom@19.2.6_react@19.2.6__react@19.2.6/node_modules/next/dist/client/dev/hot-reloader/app/hot-reloader-app.js:196
[  330399ms] [LOG] [Fast Refresh] done in 50ms @ webpack-internal:///(app-pages-browser)/../../node_modules/.pnpm/next@15.5.18_@babel+core@7.29.7_react-dom@19.2.6_react@19.2.6__react@19.2.6/node_modules/next/dist/client/dev/report-hmr-latency.js:13
[  330400ms] [LOG] [Fast Refresh] rebuilding @ webpack-internal:///(app-pages-browser)/../../node_modules/.pnpm/next@15.5.18_@babel+core@7.29.7_react-dom@19.2.6_react@19.2.6__react@19.2.6/node_modules/next/dist/client/dev/hot-reloader/app/hot-reloader-app.js:196
[  330448ms] [LOG] [Fast Refresh] done in 48ms @ webpack-internal:///(app-pages-browser)/../../node_modules/.pnpm/next@15.5.18_@babel+core@7.29.7_react-dom@19.2.6_react@19.2.6__react@19.2.6/node_modules/next/dist/client/dev/report-hmr-latency.js:13
[  330450ms] [LOG] [Fast Refresh] rebuilding @ webpack-internal:///(app-pages-browser)/../../node_modules/.pnpm/next@15.5.18_@babel+core@7.29.7_react-dom@19.2.6_react@19.2.6__react@19.2.6/node_modules/next/dist/client/dev/hot-reloader/app/hot-reloader-app.js:196
[  330496ms] [LOG] [Fast Refresh] done in 47ms @ webpack-internal:///(app-pages-browser)/../../node_modules/.pnpm/next@15.5.18_@babel+core@7.29.7_react-dom@19.2.6_react@19.2.6__react@19.2.6/node_modules/next/dist/client/dev/report-hmr-latency.js:13
[  330501ms] [LOG] [Fast Refresh] rebuilding @ webpack-internal:///(app-pages-browser)/../../node_modules/.pnpm/next@15.5.18_@babel+core@7.29.7_react-dom@19.2.6_react@19.2.6__react@19.2.6/node_modules/next/dist/client/dev/hot-reloader/app/hot-reloader-app.js:196
[  330548ms] [LOG] [Fast Refresh] done in 47ms @ webpack-internal:///(app-pages-browser)/../../node_modules/.pnpm/next@15.5.18_@babel+core@7.29.7_react-dom@19.2.6_react@19.2.6__react@19.2.6/node_modules/next/dist/client/dev/report-hmr-latency.js:13
[  330551ms] [LOG] [Fast Refresh] rebuilding @ webpack-internal:///(app-pages-browser)/../../node_modules/.pnpm/next@15.5.18_@babel+core@7.29.7_react-dom@19.2.6_react@19.2.6__react@19.2.6/node_modules/next/dist/client/dev/hot-reloader/app/hot-reloader-app.js:196
[  330600ms] [LOG] [Fast Refresh] done in 49ms @ webpack-internal:///(app-pages-browser)/../../node_modules/.pnpm/next@15.5.18_@babel+core@7.29.7_react-dom@19.2.6_react@19.2.6__react@19.2.6/node_modules/next/dist/client/dev/report-hmr-latency.js:13
[  330600ms] [LOG] [Fast Refresh] rebuilding @ webpack-internal:///(app-pages-browser)/../../node_modules/.pnpm/next@15.5.18_@babel+core@7.29.7_react-dom@19.2.6_react@19.2.6__react@19.2.6/node_modules/next/dist/client/dev/hot-reloader/app/hot-reloader-app.js:196
[  330651ms] [LOG] [Fast Refresh] rebuilding @ webpack-internal:///(app-pages-browser)/../../node_modules/.pnpm/next@15.5.18_@babel+core@7.29.7_react-dom@19.2.6_react@19.2.6__react@19.2.6/node_modules/next/dist/client/dev/hot-reloader/app/hot-reloader-app.js:196
[  330652ms] [LOG] [Fast Refresh] done in 2ms @ webpack-internal:///(app-pages-browser)/../../node_modules/.pnpm/next@15.5.18_@babel+core@7.29.7_react-dom@19.2.6_react@19.2.6__react@19.2.6/node_modules/next/dist/client/dev/report-hmr-latency.js:13
[  330703ms] [LOG] [Fast Refresh] rebuilding @ webpack-internal:///(app-pages-browser)/../../node_modules/.pnpm/next@15.5.18_@babel+core@7.29.7_react-dom@19.2.6_react@19.2.6__react@19.2.6/node_modules/next/dist/client/dev/hot-reloader/app/hot-reloader-app.js:196
[  330708ms] [LOG] [Fast Refresh] done in 4ms @ webpack-internal:///(app-pages-browser)/../../node_modules/.pnpm/next@15.5.18_@babel+core@7.29.7_react-dom@19.2.6_react@19.2.6__react@19.2.6/node_modules/next/dist/client/dev/report-hmr-latency.js:13
[  330780ms] [LOG] [Fast Refresh] rebuilding @ webpack-internal:///(app-pages-browser)/../../node_modules/.pnpm/next@15.5.18_@babel+core@7.29.7_react-dom@19.2.6_react@19.2.6__react@19.2.6/node_modules/next/dist/client/dev/hot-reloader/app/hot-reloader-app.js:196
[  330783ms] [LOG] [Fast Refresh] done in 4ms @ webpack-internal:///(app-pages-browser)/../../node_modules/.pnpm/next@15.5.18_@babel+core@7.29.7_react-dom@19.2.6_react@19.2.6__react@19.2.6/node_modules/next/dist/client/dev/report-hmr-latency.js:13
[  330829ms] [LOG] [Fast Refresh] rebuilding @ webpack-internal:///(app-pages-browser)/../../node_modules/.pnpm/next@15.5.18_@babel+core@7.29.7_react-dom@19.2.6_react@19.2.6__react@19.2.6/node_modules/next/dist/client/dev/hot-reloader/app/hot-reloader-app.js:196
[  330832ms] [LOG] [Fast Refresh] done in 3ms @ webpack-internal:///(app-pages-browser)/../../node_modules/.pnpm/next@15.5.18_@babel+core@7.29.7_react-dom@19.2.6_react@19.2.6__react@19.2.6/node_modules/next/dist/client/dev/report-hmr-latency.js:13
[  330875ms] [LOG] [Fast Refresh] rebuilding @ webpack-internal:///(app-pages-browser)/../../node_modules/.pnpm/next@15.5.18_@babel+core@7.29.7_react-dom@19.2.6_react@19.2.6__react@19.2.6/node_modules/next/dist/client/dev/hot-reloader/app/hot-reloader-app.js:196
[  330877ms] [LOG] [Fast Refresh] done in 3ms @ webpack-internal:///(app-pages-browser)/../../node_modules/.pnpm/next@15.5.18_@babel+core@7.29.7_react-dom@19.2.6_react@19.2.6__react@19.2.6/node_modules/next/dist/client/dev/report-hmr-latency.js:13
[  330925ms] [LOG] [Fast Refresh] rebuilding @ webpack-internal:///(app-pages-browser)/../../node_modules/.pnpm/next@15.5.18_@babel+core@7.29.7_react-dom@19.2.6_react@19.2.6__react@19.2.6/node_modules/next/dist/client/dev/hot-reloader/app/hot-reloader-app.js:196
[  330928ms] [LOG] [Fast Refresh] done in 2ms @ webpack-internal:///(app-pages-browser)/../../node_modules/.pnpm/next@15.5.18_@babel+core@7.29.7_react-dom@19.2.6_react@19.2.6__react@19.2.6/node_modules/next/dist/client/dev/report-hmr-latency.js:13
[  330971ms] [LOG] [Fast Refresh] rebuilding @ webpack-internal:///(app-pages-browser)/../../node_modules/.pnpm/next@15.5.18_@babel+core@7.29.7_react-dom@19.2.6_react@19.2.6__react@19.2.6/node_modules/next/dist/client/dev/hot-reloader/app/hot-reloader-app.js:196
[  330974ms] [LOG] [Fast Refresh] done in 2ms @ webpack-internal:///(app-pages-browser)/../../node_modules/.pnpm/next@15.5.18_@babel+core@7.29.7_react-dom@19.2.6_react@19.2.6__react@19.2.6/node_modules/next/dist/client/dev/report-hmr-latency.js:13
[  331016ms] [LOG] [Fast Refresh] rebuilding @ webpack-internal:///(app-pages-browser)/../../node_modules/.pnpm/next@15.5.18_@babel+core@7.29.7_react-dom@19.2.6_react@19.2.6__react@19.2.6/node_modules/next/dist/client/dev/hot-reloader/app/hot-reloader-app.js:196
[  331018ms] [LOG] [Fast Refresh] done in 3ms @ webpack-internal:///(app-pages-browser)/../../node_modules/.pnpm/next@15.5.18_@babel+core@7.29.7_react-dom@19.2.6_react@19.2.6__react@19.2.6/node_modules/next/dist/client/dev/report-hmr-latency.js:13
[  331062ms] [LOG] [Fast Refresh] rebuilding @ webpack-internal:///(app-pages-browser)/../../node_modules/.pnpm/next@15.5.18_@babel+core@7.29.7_react-dom@19.2.6_react@19.2.6__react@19.2.6/node_modules/next/dist/client/dev/hot-reloader/app/hot-reloader-app.js:196
[  331064ms] [LOG] [Fast Refresh] done in 2ms @ webpack-internal:///(app-pages-browser)/../../node_modules/.pnpm/next@15.5.18_@babel+core@7.29.7_react-dom@19.2.6_react@19.2.6__react@19.2.6/node_modules/next/dist/client/dev/report-hmr-latency.js:13
[  331107ms] [LOG] [Fast Refresh] rebuilding @ webpack-internal:///(app-pages-browser)/../../node_modules/.pnpm/next@15.5.18_@babel+core@7.29.7_react-dom@19.2.6_react@19.2.6__react@19.2.6/node_modules/next/dist/client/dev/hot-reloader/app/hot-reloader-app.js:196
[  331108ms] [LOG] [Fast Refresh] done in 0ms @ webpack-internal:///(app-pages-browser)/../../node_modules/.pnpm/next@15.5.18_@babel+core@7.29.7_react-dom@19.2.6_react@19.2.6__react@19.2.6/node_modules/next/dist/client/dev/report-hmr-latency.js:13
[  331156ms] [LOG] [Fast Refresh] done in 49ms @ webpack-internal:///(app-pages-browser)/../../node_modules/.pnpm/next@15.5.18_@babel+core@7.29.7_react-dom@19.2.6_react@19.2.6__react@19.2.6/node_modules/next/dist/client/dev/report-hmr-latency.js:13
[  331158ms] [LOG] [Fast Refresh] rebuilding @ webpack-internal:///(app-pages-browser)/../../node_modules/.pnpm/next@15.5.18_@babel+core@7.29.7_react-dom@19.2.6_react@19.2.6__react@19.2.6/node_modules/next/dist/client/dev/hot-reloader/app/hot-reloader-app.js:196
[  331206ms] [LOG] [Fast Refresh] done in 49ms @ webpack-internal:///(app-pages-browser)/../../node_modules/.pnpm/next@15.5.18_@babel+core@7.29.7_react-dom@19.2.6_react@19.2.6__react@19.2.6/node_modules/next/dist/client/dev/report-hmr-latency.js:13
[  331208ms] [LOG] [Fast Refresh] rebuilding @ webpack-internal:///(app-pages-browser)/../../node_modules/.pnpm/next@15.5.18_@babel+core@7.29.7_react-dom@19.2.6_react@19.2.6__react@19.2.6/node_modules/next/dist/client/dev/hot-reloader/app/hot-reloader-app.js:196
