[     875ms] [INFO] %cDownload the React DevTools for a better development experience: https://react.dev/link/react-devtools font-weight:bold @ webpack-internal:///(app-pages-browser)/../../node_modules/.pnpm/next@15.5.18_@babel+core@7.29.7_react-dom@19.2.6_react@19.2.6__react@19.2.6/node_modules/next/dist/compiled/react-dom/cjs/react-dom-client.development.js:25630
[     938ms] [ERROR] Failed to load resource: the server responded with a status of 404 (Not Found) @ http://localhost:3000/favicon.ico:0
[    1031ms] [WARNING] ./features/agents/Screen.tsx
Attempted import error: 'AGENT_CATEGORIES' is not exported from '../../state/config' (imported as 'AGENT_CATEGORIES'). @ webpack-internal:///(app-pages-browser)/../../node_modules/.pnpm/next@15.5.18_@babel+core@7.29.7_react-dom@19.2.6_react@19.2.6__react@19.2.6/node_modules/next/dist/client/dev/hot-reloader/app/hot-reloader-app.js:241
[    1031ms] [WARNING] ./features/agents/Screen.tsx
Attempted import error: 'AGENT_CATEGORY_GLYPH' is not exported from '../../state/config' (imported as 'AGENT_CATEGORY_GLYPH'). @ webpack-internal:///(app-pages-browser)/../../node_modules/.pnpm/next@15.5.18_@babel+core@7.29.7_react-dom@19.2.6_react@19.2.6__react@19.2.6/node_modules/next/dist/client/dev/hot-reloader/app/hot-reloader-app.js:241
[    1031ms] [LOG] [Fast Refresh] rebuilding @ webpack-internal:///(app-pages-browser)/../../node_modules/.pnpm/next@15.5.18_@babel+core@7.29.7_react-dom@19.2.6_react@19.2.6__react@19.2.6/node_modules/next/dist/client/dev/hot-reloader/app/hot-reloader-app.js:196
[    1173ms] [WARNING] ./features/agents/Screen.tsx
Attempted import error: 'AGENT_CATEGORIES' is not exported from '../../state/config' (imported as 'AGENT_CATEGORIES').

Import trace for requested module:
./features/agents/Screen.tsx @ webpack-internal:///(app-pages-browser)/../../node_modules/.pnpm/next@15.5.18_@babel+core@7.29.7_react-dom@19.2.6_react@19.2.6__react@19.2.6/node_modules/next/dist/client/dev/hot-reloader/app/hot-reloader-app.js:241
[    1173ms] [WARNING] ./features/agents/Screen.tsx
Attempted import error: 'AGENT_CATEGORY_GLYPH' is not exported from '../../state/config' (imported as 'AGENT_CATEGORY_GLYPH').

Import trace for requested module:
./features/agents/Screen.tsx @ webpack-internal:///(app-pages-browser)/../../node_modules/.pnpm/next@15.5.18_@babel+core@7.29.7_react-dom@19.2.6_react@19.2.6__react@19.2.6/node_modules/next/dist/client/dev/hot-reloader/app/hot-reloader-app.js:241
[    1177ms] [LOG] [Fast Refresh] rebuilding @ webpack-internal:///(app-pages-browser)/../../node_modules/.pnpm/next@15.5.18_@babel+core@7.29.7_react-dom@19.2.6_react@19.2.6__react@19.2.6/node_modules/next/dist/client/dev/hot-reloader/app/hot-reloader-app.js:196
[    1245ms] [LOG] [Fast Refresh] done in 68ms @ webpack-internal:///(app-pages-browser)/../../node_modules/.pnpm/next@15.5.18_@babel+core@7.29.7_react-dom@19.2.6_react@19.2.6__react@19.2.6/node_modules/next/dist/client/dev/report-hmr-latency.js:13
[    1399ms] [WARNING] ./features/agents/Screen.tsx
Attempted import error: 'AGENT_CATEGORIES' is not exported from '../../state/config' (imported as 'AGENT_CATEGORIES').

Import trace for requested module:
./features/agents/Screen.tsx @ webpack-internal:///(app-pages-browser)/../../node_modules/.pnpm/next@15.5.18_@babel+core@7.29.7_react-dom@19.2.6_react@19.2.6__react@19.2.6/node_modules/next/dist/client/dev/hot-reloader/app/hot-reloader-app.js:241
[    1399ms] [WARNING] ./features/agents/Screen.tsx
Attempted import error: 'AGENT_CATEGORY_GLYPH' is not exported from '../../state/config' (imported as 'AGENT_CATEGORY_GLYPH').

Import trace for requested module:
./features/agents/Screen.tsx @ webpack-internal:///(app-pages-browser)/../../node_modules/.pnpm/next@15.5.18_@babel+core@7.29.7_react-dom@19.2.6_react@19.2.6__react@19.2.6/node_modules/next/dist/client/dev/hot-reloader/app/hot-reloader-app.js:241
[    1407ms] [LOG] [Fast Refresh] rebuilding @ webpack-internal:///(app-pages-browser)/../../node_modules/.pnpm/next@15.5.18_@babel+core@7.29.7_react-dom@19.2.6_react@19.2.6__react@19.2.6/node_modules/next/dist/client/dev/hot-reloader/app/hot-reloader-app.js:196
[    1680ms] [LOG] [Fast Refresh] done in 273ms @ webpack-internal:///(app-pages-browser)/../../node_modules/.pnpm/next@15.5.18_@babel+core@7.29.7_react-dom@19.2.6_react@19.2.6__react@19.2.6/node_modules/next/dist/client/dev/report-hmr-latency.js:13
[    1804ms] [WARNING] ./features/agents/Screen.tsx
Attempted import error: 'AGENT_CATEGORIES' is not exported from '../../state/config' (imported as 'AGENT_CATEGORIES').

Import trace for requested module:
./features/agents/Screen.tsx @ webpack-internal:///(app-pages-browser)/../../node_modules/.pnpm/next@15.5.18_@babel+core@7.29.7_react-dom@19.2.6_react@19.2.6__react@19.2.6/node_modules/next/dist/client/dev/hot-reloader/app/hot-reloader-app.js:241
[    1804ms] [WARNING] ./features/agents/Screen.tsx
Attempted import error: 'AGENT_CATEGORY_GLYPH' is not exported from '../../state/config' (imported as 'AGENT_CATEGORY_GLYPH').

Import trace for requested module:
./features/agents/Screen.tsx @ webpack-internal:///(app-pages-browser)/../../node_modules/.pnpm/next@15.5.18_@babel+core@7.29.7_react-dom@19.2.6_react@19.2.6__react@19.2.6/node_modules/next/dist/client/dev/hot-reloader/app/hot-reloader-app.js:241
[    1808ms] [LOG] [Fast Refresh] rebuilding @ webpack-internal:///(app-pages-browser)/../../node_modules/.pnpm/next@15.5.18_@babel+core@7.29.7_react-dom@19.2.6_react@19.2.6__react@19.2.6/node_modules/next/dist/client/dev/hot-reloader/app/hot-reloader-app.js:196
[    1823ms] [LOG] [Fast Refresh] done in 15ms @ webpack-internal:///(app-pages-browser)/../../node_modules/.pnpm/next@15.5.18_@babel+core@7.29.7_react-dom@19.2.6_react@19.2.6__react@19.2.6/node_modules/next/dist/client/dev/report-hmr-latency.js:13
[    1893ms] [WARNING] ./features/agents/Screen.tsx
Attempted import error: 'AGENT_CATEGORIES' is not exported from '../../state/config' (imported as 'AGENT_CATEGORIES').

Import trace for requested module:
./features/agents/Screen.tsx @ webpack-internal:///(app-pages-browser)/../../node_modules/.pnpm/next@15.5.18_@babel+core@7.29.7_react-dom@19.2.6_react@19.2.6__react@19.2.6/node_modules/next/dist/client/dev/hot-reloader/app/hot-reloader-app.js:241
[    1894ms] [WARNING] ./features/agents/Screen.tsx
Attempted import error: 'AGENT_CATEGORY_GLYPH' is not exported from '../../state/config' (imported as 'AGENT_CATEGORY_GLYPH').

Import trace for requested module:
./features/agents/Screen.tsx @ webpack-internal:///(app-pages-browser)/../../node_modules/.pnpm/next@15.5.18_@babel+core@7.29.7_react-dom@19.2.6_react@19.2.6__react@19.2.6/node_modules/next/dist/client/dev/hot-reloader/app/hot-reloader-app.js:241
[    1896ms] [LOG] [Fast Refresh] rebuilding @ webpack-internal:///(app-pages-browser)/../../node_modules/.pnpm/next@15.5.18_@babel+core@7.29.7_react-dom@19.2.6_react@19.2.6__react@19.2.6/node_modules/next/dist/client/dev/hot-reloader/app/hot-reloader-app.js:196
[    1918ms] [LOG] [Fast Refresh] done in 22ms @ webpack-internal:///(app-pages-browser)/../../node_modules/.pnpm/next@15.5.18_@babel+core@7.29.7_react-dom@19.2.6_react@19.2.6__react@19.2.6/node_modules/next/dist/client/dev/report-hmr-latency.js:13
[    2002ms] [WARNING] ./features/agents/Screen.tsx
Attempted import error: 'AGENT_CATEGORIES' is not exported from '../../state/config' (imported as 'AGENT_CATEGORIES').

Import trace for requested module:
./features/agents/Screen.tsx @ webpack-internal:///(app-pages-browser)/../../node_modules/.pnpm/next@15.5.18_@babel+core@7.29.7_react-dom@19.2.6_react@19.2.6__react@19.2.6/node_modules/next/dist/client/dev/hot-reloader/app/hot-reloader-app.js:241
[    2002ms] [WARNING] ./features/agents/Screen.tsx
Attempted import error: 'AGENT_CATEGORY_GLYPH' is not exported from '../../state/config' (imported as 'AGENT_CATEGORY_GLYPH').

Import trace for requested module:
./features/agents/Screen.tsx @ webpack-internal:///(app-pages-browser)/../../node_modules/.pnpm/next@15.5.18_@babel+core@7.29.7_react-dom@19.2.6_react@19.2.6__react@19.2.6/node_modules/next/dist/client/dev/hot-reloader/app/hot-reloader-app.js:241
[    2005ms] [LOG] [Fast Refresh] rebuilding @ webpack-internal:///(app-pages-browser)/../../node_modules/.pnpm/next@15.5.18_@babel+core@7.29.7_react-dom@19.2.6_react@19.2.6__react@19.2.6/node_modules/next/dist/client/dev/hot-reloader/app/hot-reloader-app.js:196
[    2022ms] [LOG] [Fast Refresh] done in 16ms @ webpack-internal:///(app-pages-browser)/../../node_modules/.pnpm/next@15.5.18_@babel+core@7.29.7_react-dom@19.2.6_react@19.2.6__react@19.2.6/node_modules/next/dist/client/dev/report-hmr-latency.js:13
[    2091ms] [WARNING] ./features/agents/Screen.tsx
Attempted import error: 'AGENT_CATEGORIES' is not exported from '../../state/config' (imported as 'AGENT_CATEGORIES').

Import trace for requested module:
./features/agents/Screen.tsx @ webpack-internal:///(app-pages-browser)/../../node_modules/.pnpm/next@15.5.18_@babel+core@7.29.7_react-dom@19.2.6_react@19.2.6__react@19.2.6/node_modules/next/dist/client/dev/hot-reloader/app/hot-reloader-app.js:241
[    2091ms] [WARNING] ./features/agents/Screen.tsx
Attempted import error: 'AGENT_CATEGORY_GLYPH' is not exported from '../../state/config' (imported as 'AGENT_CATEGORY_GLYPH').

Import trace for requested module:
./features/agents/Screen.tsx @ webpack-internal:///(app-pages-browser)/../../node_modules/.pnpm/next@15.5.18_@babel+core@7.29.7_react-dom@19.2.6_react@19.2.6__react@19.2.6/node_modules/next/dist/client/dev/hot-reloader/app/hot-reloader-app.js:241
[    2106ms] [LOG] [Fast Refresh] done in 101ms @ webpack-internal:///(app-pages-browser)/../../node_modules/.pnpm/next@15.5.18_@babel+core@7.29.7_react-dom@19.2.6_react@19.2.6__react@19.2.6/node_modules/next/dist/client/dev/report-hmr-latency.js:13
[    2206ms] [LOG] [Fast Refresh] rebuilding @ webpack-internal:///(app-pages-browser)/../../node_modules/.pnpm/next@15.5.18_@babel+core@7.29.7_react-dom@19.2.6_react@19.2.6__react@19.2.6/node_modules/next/dist/client/dev/hot-reloader/app/hot-reloader-app.js:196
[    2283ms] [WARNING] ./features/agents/Screen.tsx
Attempted import error: 'AGENT_CATEGORIES' is not exported from '../../state/config' (imported as 'AGENT_CATEGORIES').

Import trace for requested module:
./features/agents/Screen.tsx @ webpack-internal:///(app-pages-browser)/../../node_modules/.pnpm/next@15.5.18_@babel+core@7.29.7_react-dom@19.2.6_react@19.2.6__react@19.2.6/node_modules/next/dist/client/dev/hot-reloader/app/hot-reloader-app.js:241
[    2283ms] [WARNING] ./features/agents/Screen.tsx
Attempted import error: 'AGENT_CATEGORY_GLYPH' is not exported from '../../state/config' (imported as 'AGENT_CATEGORY_GLYPH').

Import trace for requested module:
./features/agents/Screen.tsx @ webpack-internal:///(app-pages-browser)/../../node_modules/.pnpm/next@15.5.18_@babel+core@7.29.7_react-dom@19.2.6_react@19.2.6__react@19.2.6/node_modules/next/dist/client/dev/hot-reloader/app/hot-reloader-app.js:241
[    2294ms] [LOG] [Fast Refresh] done in 88ms @ webpack-internal:///(app-pages-browser)/../../node_modules/.pnpm/next@15.5.18_@babel+core@7.29.7_react-dom@19.2.6_react@19.2.6__react@19.2.6/node_modules/next/dist/client/dev/report-hmr-latency.js:13
[    2498ms] [LOG] [Fast Refresh] rebuilding @ webpack-internal:///(app-pages-browser)/../../node_modules/.pnpm/next@15.5.18_@babel+core@7.29.7_react-dom@19.2.6_react@19.2.6__react@19.2.6/node_modules/next/dist/client/dev/hot-reloader/app/hot-reloader-app.js:196
[    2567ms] [WARNING] ./features/agents/Screen.tsx
Attempted import error: 'AGENT_CATEGORIES' is not exported from '../../state/config' (imported as 'AGENT_CATEGORIES').

Import trace for requested module:
./features/agents/Screen.tsx @ webpack-internal:///(app-pages-browser)/../../node_modules/.pnpm/next@15.5.18_@babel+core@7.29.7_react-dom@19.2.6_react@19.2.6__react@19.2.6/node_modules/next/dist/client/dev/hot-reloader/app/hot-reloader-app.js:241
[    2567ms] [WARNING] ./features/agents/Screen.tsx
Attempted import error: 'AGENT_CATEGORY_GLYPH' is not exported from '../../state/config' (imported as 'AGENT_CATEGORY_GLYPH').

Import trace for requested module:
./features/agents/Screen.tsx @ webpack-internal:///(app-pages-browser)/../../node_modules/.pnpm/next@15.5.18_@babel+core@7.29.7_react-dom@19.2.6_react@19.2.6__react@19.2.6/node_modules/next/dist/client/dev/hot-reloader/app/hot-reloader-app.js:241
[    2572ms] [LOG] [Fast Refresh] rebuilding @ webpack-internal:///(app-pages-browser)/../../node_modules/.pnpm/next@15.5.18_@babel+core@7.29.7_react-dom@19.2.6_react@19.2.6__react@19.2.6/node_modules/next/dist/client/dev/hot-reloader/app/hot-reloader-app.js:196
[    2587ms] [LOG] [Fast Refresh] done in 16ms @ webpack-internal:///(app-pages-browser)/../../node_modules/.pnpm/next@15.5.18_@babel+core@7.29.7_react-dom@19.2.6_react@19.2.6__react@19.2.6/node_modules/next/dist/client/dev/report-hmr-latency.js:13
[    2636ms] [WARNING] ./features/agents/Screen.tsx
Attempted import error: 'AGENT_CATEGORIES' is not exported from '../../state/config' (imported as 'AGENT_CATEGORIES').

Import trace for requested module:
./features/agents/Screen.tsx @ webpack-internal:///(app-pages-browser)/../../node_modules/.pnpm/next@15.5.18_@babel+core@7.29.7_react-dom@19.2.6_react@19.2.6__react@19.2.6/node_modules/next/dist/client/dev/hot-reloader/app/hot-reloader-app.js:241
[    2636ms] [WARNING] ./features/agents/Screen.tsx
Attempted import error: 'AGENT_CATEGORY_GLYPH' is not exported from '../../state/config' (imported as 'AGENT_CATEGORY_GLYPH').

Import trace for requested module:
./features/agents/Screen.tsx @ webpack-internal:///(app-pages-browser)/../../node_modules/.pnpm/next@15.5.18_@babel+core@7.29.7_react-dom@19.2.6_react@19.2.6__react@19.2.6/node_modules/next/dist/client/dev/hot-reloader/app/hot-reloader-app.js:241
[    2640ms] [LOG] [Fast Refresh] rebuilding @ webpack-internal:///(app-pages-browser)/../../node_modules/.pnpm/next@15.5.18_@babel+core@7.29.7_react-dom@19.2.6_react@19.2.6__react@19.2.6/node_modules/next/dist/client/dev/hot-reloader/app/hot-reloader-app.js:196
[    2656ms] [LOG] [Fast Refresh] done in 16ms @ webpack-internal:///(app-pages-browser)/../../node_modules/.pnpm/next@15.5.18_@babel+core@7.29.7_react-dom@19.2.6_react@19.2.6__react@19.2.6/node_modules/next/dist/client/dev/report-hmr-latency.js:13
[    2698ms] [WARNING] ./features/agents/Screen.tsx
Attempted import error: 'AGENT_CATEGORIES' is not exported from '../../state/config' (imported as 'AGENT_CATEGORIES').

Import trace for requested module:
./features/agents/Screen.tsx @ webpack-internal:///(app-pages-browser)/../../node_modules/.pnpm/next@15.5.18_@babel+core@7.29.7_react-dom@19.2.6_react@19.2.6__react@19.2.6/node_modules/next/dist/client/dev/hot-reloader/app/hot-reloader-app.js:241
[    2698ms] [WARNING] ./features/agents/Screen.tsx
Attempted import error: 'AGENT_CATEGORY_GLYPH' is not exported from '../../state/config' (imported as 'AGENT_CATEGORY_GLYPH').

Import trace for requested module:
./features/agents/Screen.tsx @ webpack-internal:///(app-pages-browser)/../../node_modules/.pnpm/next@15.5.18_@babel+core@7.29.7_react-dom@19.2.6_react@19.2.6__react@19.2.6/node_modules/next/dist/client/dev/hot-reloader/app/hot-reloader-app.js:241
[    2701ms] [LOG] [Fast Refresh] rebuilding @ webpack-internal:///(app-pages-browser)/../../node_modules/.pnpm/next@15.5.18_@babel+core@7.29.7_react-dom@19.2.6_react@19.2.6__react@19.2.6/node_modules/next/dist/client/dev/hot-reloader/app/hot-reloader-app.js:196
[    2714ms] [LOG] [Fast Refresh] done in 12ms @ webpack-internal:///(app-pages-browser)/../../node_modules/.pnpm/next@15.5.18_@babel+core@7.29.7_react-dom@19.2.6_react@19.2.6__react@19.2.6/node_modules/next/dist/client/dev/report-hmr-latency.js:13
[    2789ms] [WARNING] ./features/agents/Screen.tsx
Attempted import error: 'AGENT_CATEGORIES' is not exported from '../../state/config' (imported as 'AGENT_CATEGORIES').

Import trace for requested module:
./features/agents/Screen.tsx @ webpack-internal:///(app-pages-browser)/../../node_modules/.pnpm/next@15.5.18_@babel+core@7.29.7_react-dom@19.2.6_react@19.2.6__react@19.2.6/node_modules/next/dist/client/dev/hot-reloader/app/hot-reloader-app.js:241
[    2789ms] [WARNING] ./features/agents/Screen.tsx
Attempted import error: 'AGENT_CATEGORY_GLYPH' is not exported from '../../state/config' (imported as 'AGENT_CATEGORY_GLYPH').

Import trace for requested module:
./features/agents/Screen.tsx @ webpack-internal:///(app-pages-browser)/../../node_modules/.pnpm/next@15.5.18_@babel+core@7.29.7_react-dom@19.2.6_react@19.2.6__react@19.2.6/node_modules/next/dist/client/dev/hot-reloader/app/hot-reloader-app.js:241
[    2792ms] [LOG] [Fast Refresh] rebuilding @ webpack-internal:///(app-pages-browser)/../../node_modules/.pnpm/next@15.5.18_@babel+core@7.29.7_react-dom@19.2.6_react@19.2.6__react@19.2.6/node_modules/next/dist/client/dev/hot-reloader/app/hot-reloader-app.js:196
[    2805ms] [LOG] [Fast Refresh] done in 12ms @ webpack-internal:///(app-pages-browser)/../../node_modules/.pnpm/next@15.5.18_@babel+core@7.29.7_react-dom@19.2.6_react@19.2.6__react@19.2.6/node_modules/next/dist/client/dev/report-hmr-latency.js:13
[    2874ms] [WARNING] ./features/agents/Screen.tsx
Attempted import error: 'AGENT_CATEGORIES' is not exported from '../../state/config' (imported as 'AGENT_CATEGORIES').

Import trace for requested module:
./features/agents/Screen.tsx @ webpack-internal:///(app-pages-browser)/../../node_modules/.pnpm/next@15.5.18_@babel+core@7.29.7_react-dom@19.2.6_react@19.2.6__react@19.2.6/node_modules/next/dist/client/dev/hot-reloader/app/hot-reloader-app.js:241
[    2874ms] [WARNING] ./features/agents/Screen.tsx
Attempted import error: 'AGENT_CATEGORY_GLYPH' is not exported from '../../state/config' (imported as 'AGENT_CATEGORY_GLYPH').

Import trace for requested module:
./features/agents/Screen.tsx @ webpack-internal:///(app-pages-browser)/../../node_modules/.pnpm/next@15.5.18_@babel+core@7.29.7_react-dom@19.2.6_react@19.2.6__react@19.2.6/node_modules/next/dist/client/dev/hot-reloader/app/hot-reloader-app.js:241
[    2877ms] [LOG] [Fast Refresh] rebuilding @ webpack-internal:///(app-pages-browser)/../../node_modules/.pnpm/next@15.5.18_@babel+core@7.29.7_react-dom@19.2.6_react@19.2.6__react@19.2.6/node_modules/next/dist/client/dev/hot-reloader/app/hot-reloader-app.js:196
[    2890ms] [LOG] [Fast Refresh] done in 13ms @ webpack-internal:///(app-pages-browser)/../../node_modules/.pnpm/next@15.5.18_@babel+core@7.29.7_react-dom@19.2.6_react@19.2.6__react@19.2.6/node_modules/next/dist/client/dev/report-hmr-latency.js:13
[    2959ms] [WARNING] ./features/agents/Screen.tsx
Attempted import error: 'AGENT_CATEGORIES' is not exported from '../../state/config' (imported as 'AGENT_CATEGORIES').

Import trace for requested module:
./features/agents/Screen.tsx @ webpack-internal:///(app-pages-browser)/../../node_modules/.pnpm/next@15.5.18_@babel+core@7.29.7_react-dom@19.2.6_react@19.2.6__react@19.2.6/node_modules/next/dist/client/dev/hot-reloader/app/hot-reloader-app.js:241
[    2959ms] [WARNING] ./features/agents/Screen.tsx
Attempted import error: 'AGENT_CATEGORY_GLYPH' is not exported from '../../state/config' (imported as 'AGENT_CATEGORY_GLYPH').

Import trace for requested module:
./features/agents/Screen.tsx @ webpack-internal:///(app-pages-browser)/../../node_modules/.pnpm/next@15.5.18_@babel+core@7.29.7_react-dom@19.2.6_react@19.2.6__react@19.2.6/node_modules/next/dist/client/dev/hot-reloader/app/hot-reloader-app.js:241
[    2963ms] [LOG] [Fast Refresh] rebuilding @ webpack-internal:///(app-pages-browser)/../../node_modules/.pnpm/next@15.5.18_@babel+core@7.29.7_react-dom@19.2.6_react@19.2.6__react@19.2.6/node_modules/next/dist/client/dev/hot-reloader/app/hot-reloader-app.js:196
[    2977ms] [LOG] [Fast Refresh] done in 15ms @ webpack-internal:///(app-pages-browser)/../../node_modules/.pnpm/next@15.5.18_@babel+core@7.29.7_react-dom@19.2.6_react@19.2.6__react@19.2.6/node_modules/next/dist/client/dev/report-hmr-latency.js:13
[    3035ms] [WARNING] ./features/agents/Screen.tsx
Attempted import error: 'AGENT_CATEGORIES' is not exported from '../../state/config' (imported as 'AGENT_CATEGORIES').

Import trace for requested module:
./features/agents/Screen.tsx @ webpack-internal:///(app-pages-browser)/../../node_modules/.pnpm/next@15.5.18_@babel+core@7.29.7_react-dom@19.2.6_react@19.2.6__react@19.2.6/node_modules/next/dist/client/dev/hot-reloader/app/hot-reloader-app.js:241
[    3036ms] [WARNING] ./features/agents/Screen.tsx
Attempted import error: 'AGENT_CATEGORY_GLYPH' is not exported from '../../state/config' (imported as 'AGENT_CATEGORY_GLYPH').

Import trace for requested module:
./features/agents/Screen.tsx @ webpack-internal:///(app-pages-browser)/../../node_modules/.pnpm/next@15.5.18_@babel+core@7.29.7_react-dom@19.2.6_react@19.2.6__react@19.2.6/node_modules/next/dist/client/dev/hot-reloader/app/hot-reloader-app.js:241
[    3039ms] [LOG] [Fast Refresh] rebuilding @ webpack-internal:///(app-pages-browser)/../../node_modules/.pnpm/next@15.5.18_@babel+core@7.29.7_react-dom@19.2.6_react@19.2.6__react@19.2.6/node_modules/next/dist/client/dev/hot-reloader/app/hot-reloader-app.js:196
[    3071ms] [LOG] [Fast Refresh] done in 31ms @ webpack-internal:///(app-pages-browser)/../../node_modules/.pnpm/next@15.5.18_@babel+core@7.29.7_react-dom@19.2.6_react@19.2.6__react@19.2.6/node_modules/next/dist/client/dev/report-hmr-latency.js:13
[    3130ms] [WARNING] ./features/agents/Screen.tsx
Attempted import error: 'AGENT_CATEGORIES' is not exported from '../../state/config' (imported as 'AGENT_CATEGORIES').

Import trace for requested module:
./features/agents/Screen.tsx @ webpack-internal:///(app-pages-browser)/../../node_modules/.pnpm/next@15.5.18_@babel+core@7.29.7_react-dom@19.2.6_react@19.2.6__react@19.2.6/node_modules/next/dist/client/dev/hot-reloader/app/hot-reloader-app.js:241
[    3130ms] [WARNING] ./features/agents/Screen.tsx
Attempted import error: 'AGENT_CATEGORY_GLYPH' is not exported from '../../state/config' (imported as 'AGENT_CATEGORY_GLYPH').

Import trace for requested module:
./features/agents/Screen.tsx @ webpack-internal:///(app-pages-browser)/../../node_modules/.pnpm/next@15.5.18_@babel+core@7.29.7_react-dom@19.2.6_react@19.2.6__react@19.2.6/node_modules/next/dist/client/dev/hot-reloader/app/hot-reloader-app.js:241
[    3134ms] [LOG] [Fast Refresh] rebuilding @ webpack-internal:///(app-pages-browser)/../../node_modules/.pnpm/next@15.5.18_@babel+core@7.29.7_react-dom@19.2.6_react@19.2.6__react@19.2.6/node_modules/next/dist/client/dev/hot-reloader/app/hot-reloader-app.js:196
[    3159ms] [LOG] [Fast Refresh] done in 24ms @ webpack-internal:///(app-pages-browser)/../../node_modules/.pnpm/next@15.5.18_@babel+core@7.29.7_react-dom@19.2.6_react@19.2.6__react@19.2.6/node_modules/next/dist/client/dev/report-hmr-latency.js:13
[    3224ms] [WARNING] ./features/agents/Screen.tsx
Attempted import error: 'AGENT_CATEGORIES' is not exported from '../../state/config' (imported as 'AGENT_CATEGORIES').

Import trace for requested module:
./features/agents/Screen.tsx @ webpack-internal:///(app-pages-browser)/../../node_modules/.pnpm/next@15.5.18_@babel+core@7.29.7_react-dom@19.2.6_react@19.2.6__react@19.2.6/node_modules/next/dist/client/dev/hot-reloader/app/hot-reloader-app.js:241
[    3224ms] [WARNING] ./features/agents/Screen.tsx
Attempted import error: 'AGENT_CATEGORY_GLYPH' is not exported from '../../state/config' (imported as 'AGENT_CATEGORY_GLYPH').

Import trace for requested module:
./features/agents/Screen.tsx @ webpack-internal:///(app-pages-browser)/../../node_modules/.pnpm/next@15.5.18_@babel+core@7.29.7_react-dom@19.2.6_react@19.2.6__react@19.2.6/node_modules/next/dist/client/dev/hot-reloader/app/hot-reloader-app.js:241
[    3227ms] [LOG] [Fast Refresh] rebuilding @ webpack-internal:///(app-pages-browser)/../../node_modules/.pnpm/next@15.5.18_@babel+core@7.29.7_react-dom@19.2.6_react@19.2.6__react@19.2.6/node_modules/next/dist/client/dev/hot-reloader/app/hot-reloader-app.js:196
[    3242ms] [LOG] [Fast Refresh] done in 15ms @ webpack-internal:///(app-pages-browser)/../../node_modules/.pnpm/next@15.5.18_@babel+core@7.29.7_react-dom@19.2.6_react@19.2.6__react@19.2.6/node_modules/next/dist/client/dev/report-hmr-latency.js:13
[    3293ms] [WARNING] ./features/agents/Screen.tsx
Attempted import error: 'AGENT_CATEGORIES' is not exported from '../../state/config' (imported as 'AGENT_CATEGORIES').

Import trace for requested module:
./features/agents/Screen.tsx @ webpack-internal:///(app-pages-browser)/../../node_modules/.pnpm/next@15.5.18_@babel+core@7.29.7_react-dom@19.2.6_react@19.2.6__react@19.2.6/node_modules/next/dist/client/dev/hot-reloader/app/hot-reloader-app.js:241
[    3293ms] [WARNING] ./features/agents/Screen.tsx
Attempted import error: 'AGENT_CATEGORY_GLYPH' is not exported from '../../state/config' (imported as 'AGENT_CATEGORY_GLYPH').

Import trace for requested module:
./features/agents/Screen.tsx @ webpack-internal:///(app-pages-browser)/../../node_modules/.pnpm/next@15.5.18_@babel+core@7.29.7_react-dom@19.2.6_react@19.2.6__react@19.2.6/node_modules/next/dist/client/dev/hot-reloader/app/hot-reloader-app.js:241
[    3297ms] [LOG] [Fast Refresh] rebuilding @ webpack-internal:///(app-pages-browser)/../../node_modules/.pnpm/next@15.5.18_@babel+core@7.29.7_react-dom@19.2.6_react@19.2.6__react@19.2.6/node_modules/next/dist/client/dev/hot-reloader/app/hot-reloader-app.js:196
[    3305ms] [LOG] [Fast Refresh] done in 8ms @ webpack-internal:///(app-pages-browser)/../../node_modules/.pnpm/next@15.5.18_@babel+core@7.29.7_react-dom@19.2.6_react@19.2.6__react@19.2.6/node_modules/next/dist/client/dev/report-hmr-latency.js:13
[    3355ms] [WARNING] ./features/agents/Screen.tsx
Attempted import error: 'AGENT_CATEGORIES' is not exported from '../../state/config' (imported as 'AGENT_CATEGORIES').

Import trace for requested module:
./features/agents/Screen.tsx @ webpack-internal:///(app-pages-browser)/../../node_modules/.pnpm/next@15.5.18_@babel+core@7.29.7_react-dom@19.2.6_react@19.2.6__react@19.2.6/node_modules/next/dist/client/dev/hot-reloader/app/hot-reloader-app.js:241
[    3355ms] [WARNING] ./features/agents/Screen.tsx
Attempted import error: 'AGENT_CATEGORY_GLYPH' is not exported from '../../state/config' (imported as 'AGENT_CATEGORY_GLYPH').

Import trace for requested module:
./features/agents/Screen.tsx @ webpack-internal:///(app-pages-browser)/../../node_modules/.pnpm/next@15.5.18_@babel+core@7.29.7_react-dom@19.2.6_react@19.2.6__react@19.2.6/node_modules/next/dist/client/dev/hot-reloader/app/hot-reloader-app.js:241
[    3359ms] [LOG] [Fast Refresh] rebuilding @ webpack-internal:///(app-pages-browser)/../../node_modules/.pnpm/next@15.5.18_@babel+core@7.29.7_react-dom@19.2.6_react@19.2.6__react@19.2.6/node_modules/next/dist/client/dev/hot-reloader/app/hot-reloader-app.js:196
[    3365ms] [LOG] [Fast Refresh] done in 6ms @ webpack-internal:///(app-pages-browser)/../../node_modules/.pnpm/next@15.5.18_@babel+core@7.29.7_react-dom@19.2.6_react@19.2.6__react@19.2.6/node_modules/next/dist/client/dev/report-hmr-latency.js:13
[    3438ms] [WARNING] ./features/agents/Screen.tsx
Attempted import error: 'AGENT_CATEGORIES' is not exported from '../../state/config' (imported as 'AGENT_CATEGORIES').

Import trace for requested module:
./features/agents/Screen.tsx @ webpack-internal:///(app-pages-browser)/../../node_modules/.pnpm/next@15.5.18_@babel+core@7.29.7_react-dom@19.2.6_react@19.2.6__react@19.2.6/node_modules/next/dist/client/dev/hot-reloader/app/hot-reloader-app.js:241
[    3438ms] [WARNING] ./features/agents/Screen.tsx
Attempted import error: 'AGENT_CATEGORY_GLYPH' is not exported from '../../state/config' (imported as 'AGENT_CATEGORY_GLYPH').

Import trace for requested module:
./features/agents/Screen.tsx @ webpack-internal:///(app-pages-browser)/../../node_modules/.pnpm/next@15.5.18_@babel+core@7.29.7_react-dom@19.2.6_react@19.2.6__react@19.2.6/node_modules/next/dist/client/dev/hot-reloader/app/hot-reloader-app.js:241
[    3441ms] [LOG] [Fast Refresh] rebuilding @ webpack-internal:///(app-pages-browser)/../../node_modules/.pnpm/next@15.5.18_@babel+core@7.29.7_react-dom@19.2.6_react@19.2.6__react@19.2.6/node_modules/next/dist/client/dev/hot-reloader/app/hot-reloader-app.js:196
[    3454ms] [LOG] [Fast Refresh] done in 13ms @ webpack-internal:///(app-pages-browser)/../../node_modules/.pnpm/next@15.5.18_@babel+core@7.29.7_react-dom@19.2.6_react@19.2.6__react@19.2.6/node_modules/next/dist/client/dev/report-hmr-latency.js:13
[    3509ms] [WARNING] ./features/agents/Screen.tsx
Attempted import error: 'AGENT_CATEGORIES' is not exported from '../../state/config' (imported as 'AGENT_CATEGORIES').

Import trace for requested module:
./features/agents/Screen.tsx @ webpack-internal:///(app-pages-browser)/../../node_modules/.pnpm/next@15.5.18_@babel+core@7.29.7_react-dom@19.2.6_react@19.2.6__react@19.2.6/node_modules/next/dist/client/dev/hot-reloader/app/hot-reloader-app.js:241
[    3509ms] [WARNING] ./features/agents/Screen.tsx
Attempted import error: 'AGENT_CATEGORY_GLYPH' is not exported from '../../state/config' (imported as 'AGENT_CATEGORY_GLYPH').

Import trace for requested module:
./features/agents/Screen.tsx @ webpack-internal:///(app-pages-browser)/../../node_modules/.pnpm/next@15.5.18_@babel+core@7.29.7_react-dom@19.2.6_react@19.2.6__react@19.2.6/node_modules/next/dist/client/dev/hot-reloader/app/hot-reloader-app.js:241
[    3513ms] [LOG] [Fast Refresh] rebuilding @ webpack-internal:///(app-pages-browser)/../../node_modules/.pnpm/next@15.5.18_@babel+core@7.29.7_react-dom@19.2.6_react@19.2.6__react@19.2.6/node_modules/next/dist/client/dev/hot-reloader/app/hot-reloader-app.js:196
[    3521ms] [LOG] [Fast Refresh] done in 8ms @ webpack-internal:///(app-pages-browser)/../../node_modules/.pnpm/next@15.5.18_@babel+core@7.29.7_react-dom@19.2.6_react@19.2.6__react@19.2.6/node_modules/next/dist/client/dev/report-hmr-latency.js:13
[    3564ms] [WARNING] ./features/agents/Screen.tsx
Attempted import error: 'AGENT_CATEGORIES' is not exported from '../../state/config' (imported as 'AGENT_CATEGORIES').

Import trace for requested module:
./features/agents/Screen.tsx @ webpack-internal:///(app-pages-browser)/../../node_modules/.pnpm/next@15.5.18_@babel+core@7.29.7_react-dom@19.2.6_react@19.2.6__react@19.2.6/node_modules/next/dist/client/dev/hot-reloader/app/hot-reloader-app.js:241
[    3564ms] [WARNING] ./features/agents/Screen.tsx
Attempted import error: 'AGENT_CATEGORY_GLYPH' is not exported from '../../state/config' (imported as 'AGENT_CATEGORY_GLYPH').

Import trace for requested module:
./features/agents/Screen.tsx @ webpack-internal:///(app-pages-browser)/../../node_modules/.pnpm/next@15.5.18_@babel+core@7.29.7_react-dom@19.2.6_react@19.2.6__react@19.2.6/node_modules/next/dist/client/dev/hot-reloader/app/hot-reloader-app.js:241
[    3567ms] [LOG] [Fast Refresh] rebuilding @ webpack-internal:///(app-pages-browser)/../../node_modules/.pnpm/next@15.5.18_@babel+core@7.29.7_react-dom@19.2.6_react@19.2.6__react@19.2.6/node_modules/next/dist/client/dev/hot-reloader/app/hot-reloader-app.js:196
[    3572ms] [LOG] [Fast Refresh] done in 4ms @ webpack-internal:///(app-pages-browser)/../../node_modules/.pnpm/next@15.5.18_@babel+core@7.29.7_react-dom@19.2.6_react@19.2.6__react@19.2.6/node_modules/next/dist/client/dev/report-hmr-latency.js:13
[    3634ms] [WARNING] ./features/agents/Screen.tsx
Attempted import error: 'AGENT_CATEGORIES' is not exported from '../../state/config' (imported as 'AGENT_CATEGORIES').

Import trace for requested module:
./features/agents/Screen.tsx @ webpack-internal:///(app-pages-browser)/../../node_modules/.pnpm/next@15.5.18_@babel+core@7.29.7_react-dom@19.2.6_react@19.2.6__react@19.2.6/node_modules/next/dist/client/dev/hot-reloader/app/hot-reloader-app.js:241
[    3634ms] [WARNING] ./features/agents/Screen.tsx
Attempted import error: 'AGENT_CATEGORY_GLYPH' is not exported from '../../state/config' (imported as 'AGENT_CATEGORY_GLYPH').

Import trace for requested module:
./features/agents/Screen.tsx @ webpack-internal:///(app-pages-browser)/../../node_modules/.pnpm/next@15.5.18_@babel+core@7.29.7_react-dom@19.2.6_react@19.2.6__react@19.2.6/node_modules/next/dist/client/dev/hot-reloader/app/hot-reloader-app.js:241
[    3637ms] [LOG] [Fast Refresh] rebuilding @ webpack-internal:///(app-pages-browser)/../../node_modules/.pnpm/next@15.5.18_@babel+core@7.29.7_react-dom@19.2.6_react@19.2.6__react@19.2.6/node_modules/next/dist/client/dev/hot-reloader/app/hot-reloader-app.js:196
[    3647ms] [LOG] [Fast Refresh] done in 9ms @ webpack-internal:///(app-pages-browser)/../../node_modules/.pnpm/next@15.5.18_@babel+core@7.29.7_react-dom@19.2.6_react@19.2.6__react@19.2.6/node_modules/next/dist/client/dev/report-hmr-latency.js:13
[    3708ms] [WARNING] ./features/agents/Screen.tsx
Attempted import error: 'AGENT_CATEGORIES' is not exported from '../../state/config' (imported as 'AGENT_CATEGORIES').

Import trace for requested module:
./features/agents/Screen.tsx @ webpack-internal:///(app-pages-browser)/../../node_modules/.pnpm/next@15.5.18_@babel+core@7.29.7_react-dom@19.2.6_react@19.2.6__react@19.2.6/node_modules/next/dist/client/dev/hot-reloader/app/hot-reloader-app.js:241
[    3708ms] [WARNING] ./features/agents/Screen.tsx
Attempted import error: 'AGENT_CATEGORY_GLYPH' is not exported from '../../state/config' (imported as 'AGENT_CATEGORY_GLYPH').

Import trace for requested module:
./features/agents/Screen.tsx @ webpack-internal:///(app-pages-browser)/../../node_modules/.pnpm/next@15.5.18_@babel+core@7.29.7_react-dom@19.2.6_react@19.2.6__react@19.2.6/node_modules/next/dist/client/dev/hot-reloader/app/hot-reloader-app.js:241
[    3710ms] [LOG] [Fast Refresh] rebuilding @ webpack-internal:///(app-pages-browser)/../../node_modules/.pnpm/next@15.5.18_@babel+core@7.29.7_react-dom@19.2.6_react@19.2.6__react@19.2.6/node_modules/next/dist/client/dev/hot-reloader/app/hot-reloader-app.js:196
[    3723ms] [LOG] [Fast Refresh] done in 12ms @ webpack-internal:///(app-pages-browser)/../../node_modules/.pnpm/next@15.5.18_@babel+core@7.29.7_react-dom@19.2.6_react@19.2.6__react@19.2.6/node_modules/next/dist/client/dev/report-hmr-latency.js:13
[    3784ms] [WARNING] ./features/agents/Screen.tsx
Attempted import error: 'AGENT_CATEGORIES' is not exported from '../../state/config' (imported as 'AGENT_CATEGORIES').

Import trace for requested module:
./features/agents/Screen.tsx @ webpack-internal:///(app-pages-browser)/../../node_modules/.pnpm/next@15.5.18_@babel+core@7.29.7_react-dom@19.2.6_react@19.2.6__react@19.2.6/node_modules/next/dist/client/dev/hot-reloader/app/hot-reloader-app.js:241
[    3784ms] [WARNING] ./features/agents/Screen.tsx
Attempted import error: 'AGENT_CATEGORY_GLYPH' is not exported from '../../state/config' (imported as 'AGENT_CATEGORY_GLYPH').

Import trace for requested module:
./features/agents/Screen.tsx @ webpack-internal:///(app-pages-browser)/../../node_modules/.pnpm/next@15.5.18_@babel+core@7.29.7_react-dom@19.2.6_react@19.2.6__react@19.2.6/node_modules/next/dist/client/dev/hot-reloader/app/hot-reloader-app.js:241
[    3787ms] [LOG] [Fast Refresh] rebuilding @ webpack-internal:///(app-pages-browser)/../../node_modules/.pnpm/next@15.5.18_@babel+core@7.29.7_react-dom@19.2.6_react@19.2.6__react@19.2.6/node_modules/next/dist/client/dev/hot-reloader/app/hot-reloader-app.js:196
[    3805ms] [LOG] [Fast Refresh] done in 18ms @ webpack-internal:///(app-pages-browser)/../../node_modules/.pnpm/next@15.5.18_@babel+core@7.29.7_react-dom@19.2.6_react@19.2.6__react@19.2.6/node_modules/next/dist/client/dev/report-hmr-latency.js:13
[    3872ms] [WARNING] ./features/agents/Screen.tsx
Attempted import error: 'AGENT_CATEGORIES' is not exported from '../../state/config' (imported as 'AGENT_CATEGORIES').

Import trace for requested module:
./features/agents/Screen.tsx @ webpack-internal:///(app-pages-browser)/../../node_modules/.pnpm/next@15.5.18_@babel+core@7.29.7_react-dom@19.2.6_react@19.2.6__react@19.2.6/node_modules/next/dist/client/dev/hot-reloader/app/hot-reloader-app.js:241
[    3872ms] [WARNING] ./features/agents/Screen.tsx
Attempted import error: 'AGENT_CATEGORY_GLYPH' is not exported from '../../state/config' (imported as 'AGENT_CATEGORY_GLYPH').

Import trace for requested module:
./features/agents/Screen.tsx @ webpack-internal:///(app-pages-browser)/../../node_modules/.pnpm/next@15.5.18_@babel+core@7.29.7_react-dom@19.2.6_react@19.2.6__react@19.2.6/node_modules/next/dist/client/dev/hot-reloader/app/hot-reloader-app.js:241
[    3877ms] [LOG] [Fast Refresh] rebuilding @ webpack-internal:///(app-pages-browser)/../../node_modules/.pnpm/next@15.5.18_@babel+core@7.29.7_react-dom@19.2.6_react@19.2.6__react@19.2.6/node_modules/next/dist/client/dev/hot-reloader/app/hot-reloader-app.js:196
[    3943ms] [LOG] [Fast Refresh] done in 66ms @ webpack-internal:///(app-pages-browser)/../../node_modules/.pnpm/next@15.5.18_@babel+core@7.29.7_react-dom@19.2.6_react@19.2.6__react@19.2.6/node_modules/next/dist/client/dev/report-hmr-latency.js:13
[    3991ms] [WARNING] ./features/agents/Screen.tsx
Attempted import error: 'AGENT_CATEGORIES' is not exported from '../../state/config' (imported as 'AGENT_CATEGORIES').

Import trace for requested module:
./features/agents/Screen.tsx @ webpack-internal:///(app-pages-browser)/../../node_modules/.pnpm/next@15.5.18_@babel+core@7.29.7_react-dom@19.2.6_react@19.2.6__react@19.2.6/node_modules/next/dist/client/dev/hot-reloader/app/hot-reloader-app.js:241
[    3992ms] [WARNING] ./features/agents/Screen.tsx
Attempted import error: 'AGENT_CATEGORY_GLYPH' is not exported from '../../state/config' (imported as 'AGENT_CATEGORY_GLYPH').

Import trace for requested module:
./features/agents/Screen.tsx @ webpack-internal:///(app-pages-browser)/../../node_modules/.pnpm/next@15.5.18_@babel+core@7.29.7_react-dom@19.2.6_react@19.2.6__react@19.2.6/node_modules/next/dist/client/dev/hot-reloader/app/hot-reloader-app.js:241
[    3995ms] [LOG] [Fast Refresh] rebuilding @ webpack-internal:///(app-pages-browser)/../../node_modules/.pnpm/next@15.5.18_@babel+core@7.29.7_react-dom@19.2.6_react@19.2.6__react@19.2.6/node_modules/next/dist/client/dev/hot-reloader/app/hot-reloader-app.js:196
[    4005ms] [LOG] [Fast Refresh] done in 11ms @ webpack-internal:///(app-pages-browser)/../../node_modules/.pnpm/next@15.5.18_@babel+core@7.29.7_react-dom@19.2.6_react@19.2.6__react@19.2.6/node_modules/next/dist/client/dev/report-hmr-latency.js:13
[    4067ms] [WARNING] ./features/agents/Screen.tsx
Attempted import error: 'AGENT_CATEGORIES' is not exported from '../../state/config' (imported as 'AGENT_CATEGORIES').

Import trace for requested module:
./features/agents/Screen.tsx @ webpack-internal:///(app-pages-browser)/../../node_modules/.pnpm/next@15.5.18_@babel+core@7.29.7_react-dom@19.2.6_react@19.2.6__react@19.2.6/node_modules/next/dist/client/dev/hot-reloader/app/hot-reloader-app.js:241
[    4067ms] [WARNING] ./features/agents/Screen.tsx
Attempted import error: 'AGENT_CATEGORY_GLYPH' is not exported from '../../state/config' (imported as 'AGENT_CATEGORY_GLYPH').

Import trace for requested module:
./features/agents/Screen.tsx @ webpack-internal:///(app-pages-browser)/../../node_modules/.pnpm/next@15.5.18_@babel+core@7.29.7_react-dom@19.2.6_react@19.2.6__react@19.2.6/node_modules/next/dist/client/dev/hot-reloader/app/hot-reloader-app.js:241
[    4070ms] [LOG] [Fast Refresh] rebuilding @ webpack-internal:///(app-pages-browser)/../../node_modules/.pnpm/next@15.5.18_@babel+core@7.29.7_react-dom@19.2.6_react@19.2.6__react@19.2.6/node_modules/next/dist/client/dev/hot-reloader/app/hot-reloader-app.js:196
[    4088ms] [LOG] [Fast Refresh] done in 18ms @ webpack-internal:///(app-pages-browser)/../../node_modules/.pnpm/next@15.5.18_@babel+core@7.29.7_react-dom@19.2.6_react@19.2.6__react@19.2.6/node_modules/next/dist/client/dev/report-hmr-latency.js:13
[    4147ms] [WARNING] ./features/agents/Screen.tsx
Attempted import error: 'AGENT_CATEGORIES' is not exported from '../../state/config' (imported as 'AGENT_CATEGORIES').

Import trace for requested module:
./features/agents/Screen.tsx @ webpack-internal:///(app-pages-browser)/../../node_modules/.pnpm/next@15.5.18_@babel+core@7.29.7_react-dom@19.2.6_react@19.2.6__react@19.2.6/node_modules/next/dist/client/dev/hot-reloader/app/hot-reloader-app.js:241
[    4147ms] [WARNING] ./features/agents/Screen.tsx
Attempted import error: 'AGENT_CATEGORY_GLYPH' is not exported from '../../state/config' (imported as 'AGENT_CATEGORY_GLYPH').

Import trace for requested module:
./features/agents/Screen.tsx @ webpack-internal:///(app-pages-browser)/../../node_modules/.pnpm/next@15.5.18_@babel+core@7.29.7_react-dom@19.2.6_react@19.2.6__react@19.2.6/node_modules/next/dist/client/dev/hot-reloader/app/hot-reloader-app.js:241
[    4150ms] [LOG] [Fast Refresh] rebuilding @ webpack-internal:///(app-pages-browser)/../../node_modules/.pnpm/next@15.5.18_@babel+core@7.29.7_react-dom@19.2.6_react@19.2.6__react@19.2.6/node_modules/next/dist/client/dev/hot-reloader/app/hot-reloader-app.js:196
[    4162ms] [LOG] [Fast Refresh] done in 12ms @ webpack-internal:///(app-pages-browser)/../../node_modules/.pnpm/next@15.5.18_@babel+core@7.29.7_react-dom@19.2.6_react@19.2.6__react@19.2.6/node_modules/next/dist/client/dev/report-hmr-latency.js:13
[    4210ms] [WARNING] ./features/agents/Screen.tsx
Attempted import error: 'AGENT_CATEGORIES' is not exported from '../../state/config' (imported as 'AGENT_CATEGORIES').

Import trace for requested module:
./features/agents/Screen.tsx @ webpack-internal:///(app-pages-browser)/../../node_modules/.pnpm/next@15.5.18_@babel+core@7.29.7_react-dom@19.2.6_react@19.2.6__react@19.2.6/node_modules/next/dist/client/dev/hot-reloader/app/hot-reloader-app.js:241
[    4210ms] [WARNING] ./features/agents/Screen.tsx
Attempted import error: 'AGENT_CATEGORY_GLYPH' is not exported from '../../state/config' (imported as 'AGENT_CATEGORY_GLYPH').

Import trace for requested module:
./features/agents/Screen.tsx @ webpack-internal:///(app-pages-browser)/../../node_modules/.pnpm/next@15.5.18_@babel+core@7.29.7_react-dom@19.2.6_react@19.2.6__react@19.2.6/node_modules/next/dist/client/dev/hot-reloader/app/hot-reloader-app.js:241
[    4213ms] [LOG] [Fast Refresh] rebuilding @ webpack-internal:///(app-pages-browser)/../../node_modules/.pnpm/next@15.5.18_@babel+core@7.29.7_react-dom@19.2.6_react@19.2.6__react@19.2.6/node_modules/next/dist/client/dev/hot-reloader/app/hot-reloader-app.js:196
[    4237ms] [LOG] [Fast Refresh] done in 25ms @ webpack-internal:///(app-pages-browser)/../../node_modules/.pnpm/next@15.5.18_@babel+core@7.29.7_react-dom@19.2.6_react@19.2.6__react@19.2.6/node_modules/next/dist/client/dev/report-hmr-latency.js:13
[    4283ms] [WARNING] ./features/agents/Screen.tsx
Attempted import error: 'AGENT_CATEGORIES' is not exported from '../../state/config' (imported as 'AGENT_CATEGORIES').

Import trace for requested module:
./features/agents/Screen.tsx @ webpack-internal:///(app-pages-browser)/../../node_modules/.pnpm/next@15.5.18_@babel+core@7.29.7_react-dom@19.2.6_react@19.2.6__react@19.2.6/node_modules/next/dist/client/dev/hot-reloader/app/hot-reloader-app.js:241
[    4283ms] [WARNING] ./features/agents/Screen.tsx
Attempted import error: 'AGENT_CATEGORY_GLYPH' is not exported from '../../state/config' (imported as 'AGENT_CATEGORY_GLYPH').

Import trace for requested module:
./features/agents/Screen.tsx @ webpack-internal:///(app-pages-browser)/../../node_modules/.pnpm/next@15.5.18_@babel+core@7.29.7_react-dom@19.2.6_react@19.2.6__react@19.2.6/node_modules/next/dist/client/dev/hot-reloader/app/hot-reloader-app.js:241
[    4286ms] [LOG] [Fast Refresh] rebuilding @ webpack-internal:///(app-pages-browser)/../../node_modules/.pnpm/next@15.5.18_@babel+core@7.29.7_react-dom@19.2.6_react@19.2.6__react@19.2.6/node_modules/next/dist/client/dev/hot-reloader/app/hot-reloader-app.js:196
[    4296ms] [LOG] [Fast Refresh] done in 10ms @ webpack-internal:///(app-pages-browser)/../../node_modules/.pnpm/next@15.5.18_@babel+core@7.29.7_react-dom@19.2.6_react@19.2.6__react@19.2.6/node_modules/next/dist/client/dev/report-hmr-latency.js:13
[    4360ms] [WARNING] ./features/agents/Screen.tsx
Attempted import error: 'AGENT_CATEGORIES' is not exported from '../../state/config' (imported as 'AGENT_CATEGORIES').

Import trace for requested module:
./features/agents/Screen.tsx @ webpack-internal:///(app-pages-browser)/../../node_modules/.pnpm/next@15.5.18_@babel+core@7.29.7_react-dom@19.2.6_react@19.2.6__react@19.2.6/node_modules/next/dist/client/dev/hot-reloader/app/hot-reloader-app.js:241
[    4360ms] [WARNING] ./features/agents/Screen.tsx
Attempted import error: 'AGENT_CATEGORY_GLYPH' is not exported from '../../state/config' (imported as 'AGENT_CATEGORY_GLYPH').

Import trace for requested module:
./features/agents/Screen.tsx @ webpack-internal:///(app-pages-browser)/../../node_modules/.pnpm/next@15.5.18_@babel+core@7.29.7_react-dom@19.2.6_react@19.2.6__react@19.2.6/node_modules/next/dist/client/dev/hot-reloader/app/hot-reloader-app.js:241
[    4364ms] [LOG] [Fast Refresh] rebuilding @ webpack-internal:///(app-pages-browser)/../../node_modules/.pnpm/next@15.5.18_@babel+core@7.29.7_react-dom@19.2.6_react@19.2.6__react@19.2.6/node_modules/next/dist/client/dev/hot-reloader/app/hot-reloader-app.js:196
[    4375ms] [LOG] [Fast Refresh] done in 11ms @ webpack-internal:///(app-pages-browser)/../../node_modules/.pnpm/next@15.5.18_@babel+core@7.29.7_react-dom@19.2.6_react@19.2.6__react@19.2.6/node_modules/next/dist/client/dev/report-hmr-latency.js:13
[    4428ms] [WARNING] ./features/agents/Screen.tsx
Attempted import error: 'AGENT_CATEGORIES' is not exported from '../../state/config' (imported as 'AGENT_CATEGORIES').

Import trace for requested module:
./features/agents/Screen.tsx @ webpack-internal:///(app-pages-browser)/../../node_modules/.pnpm/next@15.5.18_@babel+core@7.29.7_react-dom@19.2.6_react@19.2.6__react@19.2.6/node_modules/next/dist/client/dev/hot-reloader/app/hot-reloader-app.js:241
[    4428ms] [WARNING] ./features/agents/Screen.tsx
Attempted import error: 'AGENT_CATEGORY_GLYPH' is not exported from '../../state/config' (imported as 'AGENT_CATEGORY_GLYPH').

Import trace for requested module:
./features/agents/Screen.tsx @ webpack-internal:///(app-pages-browser)/../../node_modules/.pnpm/next@15.5.18_@babel+core@7.29.7_react-dom@19.2.6_react@19.2.6__react@19.2.6/node_modules/next/dist/client/dev/hot-reloader/app/hot-reloader-app.js:241
[    4432ms] [LOG] [Fast Refresh] rebuilding @ webpack-internal:///(app-pages-browser)/../../node_modules/.pnpm/next@15.5.18_@babel+core@7.29.7_react-dom@19.2.6_react@19.2.6__react@19.2.6/node_modules/next/dist/client/dev/hot-reloader/app/hot-reloader-app.js:196
[    4437ms] [LOG] [Fast Refresh] done in 5ms @ webpack-internal:///(app-pages-browser)/../../node_modules/.pnpm/next@15.5.18_@babel+core@7.29.7_react-dom@19.2.6_react@19.2.6__react@19.2.6/node_modules/next/dist/client/dev/report-hmr-latency.js:13
[    4495ms] [WARNING] ./features/agents/Screen.tsx
Attempted import error: 'AGENT_CATEGORIES' is not exported from '../../state/config' (imported as 'AGENT_CATEGORIES').

Import trace for requested module:
./features/agents/Screen.tsx @ webpack-internal:///(app-pages-browser)/../../node_modules/.pnpm/next@15.5.18_@babel+core@7.29.7_react-dom@19.2.6_react@19.2.6__react@19.2.6/node_modules/next/dist/client/dev/hot-reloader/app/hot-reloader-app.js:241
[    4496ms] [WARNING] ./features/agents/Screen.tsx
Attempted import error: 'AGENT_CATEGORY_GLYPH' is not exported from '../../state/config' (imported as 'AGENT_CATEGORY_GLYPH').

Import trace for requested module:
./features/agents/Screen.tsx @ webpack-internal:///(app-pages-browser)/../../node_modules/.pnpm/next@15.5.18_@babel+core@7.29.7_react-dom@19.2.6_react@19.2.6__react@19.2.6/node_modules/next/dist/client/dev/hot-reloader/app/hot-reloader-app.js:241
[    4499ms] [LOG] [Fast Refresh] rebuilding @ webpack-internal:///(app-pages-browser)/../../node_modules/.pnpm/next@15.5.18_@babel+core@7.29.7_react-dom@19.2.6_react@19.2.6__react@19.2.6/node_modules/next/dist/client/dev/hot-reloader/app/hot-reloader-app.js:196
[    4506ms] [LOG] [Fast Refresh] done in 7ms @ webpack-internal:///(app-pages-browser)/../../node_modules/.pnpm/next@15.5.18_@babel+core@7.29.7_react-dom@19.2.6_react@19.2.6__react@19.2.6/node_modules/next/dist/client/dev/report-hmr-latency.js:13
[    4573ms] [WARNING] ./features/agents/Screen.tsx
Attempted import error: 'AGENT_CATEGORIES' is not exported from '../../state/config' (imported as 'AGENT_CATEGORIES').

Import trace for requested module:
./features/agents/Screen.tsx @ webpack-internal:///(app-pages-browser)/../../node_modules/.pnpm/next@15.5.18_@babel+core@7.29.7_react-dom@19.2.6_react@19.2.6__react@19.2.6/node_modules/next/dist/client/dev/hot-reloader/app/hot-reloader-app.js:241
[    4573ms] [WARNING] ./features/agents/Screen.tsx
Attempted import error: 'AGENT_CATEGORY_GLYPH' is not exported from '../../state/config' (imported as 'AGENT_CATEGORY_GLYPH').

Import trace for requested module:
./features/agents/Screen.tsx @ webpack-internal:///(app-pages-browser)/../../node_modules/.pnpm/next@15.5.18_@babel+core@7.29.7_react-dom@19.2.6_react@19.2.6__react@19.2.6/node_modules/next/dist/client/dev/hot-reloader/app/hot-reloader-app.js:241
[    4576ms] [LOG] [Fast Refresh] rebuilding @ webpack-internal:///(app-pages-browser)/../../node_modules/.pnpm/next@15.5.18_@babel+core@7.29.7_react-dom@19.2.6_react@19.2.6__react@19.2.6/node_modules/next/dist/client/dev/hot-reloader/app/hot-reloader-app.js:196
[    4590ms] [LOG] [Fast Refresh] done in 14ms @ webpack-internal:///(app-pages-browser)/../../node_modules/.pnpm/next@15.5.18_@babel+core@7.29.7_react-dom@19.2.6_react@19.2.6__react@19.2.6/node_modules/next/dist/client/dev/report-hmr-latency.js:13
[    4635ms] [WARNING] ./features/agents/Screen.tsx
Attempted import error: 'AGENT_CATEGORIES' is not exported from '../../state/config' (imported as 'AGENT_CATEGORIES').

Import trace for requested module:
./features/agents/Screen.tsx @ webpack-internal:///(app-pages-browser)/../../node_modules/.pnpm/next@15.5.18_@babel+core@7.29.7_react-dom@19.2.6_react@19.2.6__react@19.2.6/node_modules/next/dist/client/dev/hot-reloader/app/hot-reloader-app.js:241
[    4636ms] [WARNING] ./features/agents/Screen.tsx
Attempted import error: 'AGENT_CATEGORY_GLYPH' is not exported from '../../state/config' (imported as 'AGENT_CATEGORY_GLYPH').

Import trace for requested module:
./features/agents/Screen.tsx @ webpack-internal:///(app-pages-browser)/../../node_modules/.pnpm/next@15.5.18_@babel+core@7.29.7_react-dom@19.2.6_react@19.2.6__react@19.2.6/node_modules/next/dist/client/dev/hot-reloader/app/hot-reloader-app.js:241
[    4639ms] [LOG] [Fast Refresh] rebuilding @ webpack-internal:///(app-pages-browser)/../../node_modules/.pnpm/next@15.5.18_@babel+core@7.29.7_react-dom@19.2.6_react@19.2.6__react@19.2.6/node_modules/next/dist/client/dev/hot-reloader/app/hot-reloader-app.js:196
[    4644ms] [LOG] [Fast Refresh] done in 5ms @ webpack-internal:///(app-pages-browser)/../../node_modules/.pnpm/next@15.5.18_@babel+core@7.29.7_react-dom@19.2.6_react@19.2.6__react@19.2.6/node_modules/next/dist/client/dev/report-hmr-latency.js:13
[    4694ms] [WARNING] ./features/agents/Screen.tsx
Attempted import error: 'AGENT_CATEGORIES' is not exported from '../../state/config' (imported as 'AGENT_CATEGORIES').

Import trace for requested module:
./features/agents/Screen.tsx @ webpack-internal:///(app-pages-browser)/../../node_modules/.pnpm/next@15.5.18_@babel+core@7.29.7_react-dom@19.2.6_react@19.2.6__react@19.2.6/node_modules/next/dist/client/dev/hot-reloader/app/hot-reloader-app.js:241
[    4694ms] [WARNING] ./features/agents/Screen.tsx
Attempted import error: 'AGENT_CATEGORY_GLYPH' is not exported from '../../state/config' (imported as 'AGENT_CATEGORY_GLYPH').

Import trace for requested module:
./features/agents/Screen.tsx @ webpack-internal:///(app-pages-browser)/../../node_modules/.pnpm/next@15.5.18_@babel+core@7.29.7_react-dom@19.2.6_react@19.2.6__react@19.2.6/node_modules/next/dist/client/dev/hot-reloader/app/hot-reloader-app.js:241
[    4698ms] [LOG] [Fast Refresh] rebuilding @ webpack-internal:///(app-pages-browser)/../../node_modules/.pnpm/next@15.5.18_@babel+core@7.29.7_react-dom@19.2.6_react@19.2.6__react@19.2.6/node_modules/next/dist/client/dev/hot-reloader/app/hot-reloader-app.js:196
[    4703ms] [LOG] [Fast Refresh] done in 4ms @ webpack-internal:///(app-pages-browser)/../../node_modules/.pnpm/next@15.5.18_@babel+core@7.29.7_react-dom@19.2.6_react@19.2.6__react@19.2.6/node_modules/next/dist/client/dev/report-hmr-latency.js:13
[    4769ms] [WARNING] ./features/agents/Screen.tsx
Attempted import error: 'AGENT_CATEGORIES' is not exported from '../../state/config' (imported as 'AGENT_CATEGORIES').

Import trace for requested module:
./features/agents/Screen.tsx @ webpack-internal:///(app-pages-browser)/../../node_modules/.pnpm/next@15.5.18_@babel+core@7.29.7_react-dom@19.2.6_react@19.2.6__react@19.2.6/node_modules/next/dist/client/dev/hot-reloader/app/hot-reloader-app.js:241
[    4769ms] [WARNING] ./features/agents/Screen.tsx
Attempted import error: 'AGENT_CATEGORY_GLYPH' is not exported from '../../state/config' (imported as 'AGENT_CATEGORY_GLYPH').

Import trace for requested module:
./features/agents/Screen.tsx @ webpack-internal:///(app-pages-browser)/../../node_modules/.pnpm/next@15.5.18_@babel+core@7.29.7_react-dom@19.2.6_react@19.2.6__react@19.2.6/node_modules/next/dist/client/dev/hot-reloader/app/hot-reloader-app.js:241
[    4772ms] [LOG] [Fast Refresh] rebuilding @ webpack-internal:///(app-pages-browser)/../../node_modules/.pnpm/next@15.5.18_@babel+core@7.29.7_react-dom@19.2.6_react@19.2.6__react@19.2.6/node_modules/next/dist/client/dev/hot-reloader/app/hot-reloader-app.js:196
[    4784ms] [LOG] [Fast Refresh] done in 13ms @ webpack-internal:///(app-pages-browser)/../../node_modules/.pnpm/next@15.5.18_@babel+core@7.29.7_react-dom@19.2.6_react@19.2.6__react@19.2.6/node_modules/next/dist/client/dev/report-hmr-latency.js:13
[    4830ms] [WARNING] ./features/agents/Screen.tsx
Attempted import error: 'AGENT_CATEGORIES' is not exported from '../../state/config' (imported as 'AGENT_CATEGORIES').

Import trace for requested module:
./features/agents/Screen.tsx @ webpack-internal:///(app-pages-browser)/../../node_modules/.pnpm/next@15.5.18_@babel+core@7.29.7_react-dom@19.2.6_react@19.2.6__react@19.2.6/node_modules/next/dist/client/dev/hot-reloader/app/hot-reloader-app.js:241
[    4830ms] [WARNING] ./features/agents/Screen.tsx
Attempted import error: 'AGENT_CATEGORY_GLYPH' is not exported from '../../state/config' (imported as 'AGENT_CATEGORY_GLYPH').

Import trace for requested module:
./features/agents/Screen.tsx @ webpack-internal:///(app-pages-browser)/../../node_modules/.pnpm/next@15.5.18_@babel+core@7.29.7_react-dom@19.2.6_react@19.2.6__react@19.2.6/node_modules/next/dist/client/dev/hot-reloader/app/hot-reloader-app.js:241
[    4833ms] [LOG] [Fast Refresh] rebuilding @ webpack-internal:///(app-pages-browser)/../../node_modules/.pnpm/next@15.5.18_@babel+core@7.29.7_react-dom@19.2.6_react@19.2.6__react@19.2.6/node_modules/next/dist/client/dev/hot-reloader/app/hot-reloader-app.js:196
[    4838ms] [LOG] [Fast Refresh] done in 4ms @ webpack-internal:///(app-pages-browser)/../../node_modules/.pnpm/next@15.5.18_@babel+core@7.29.7_react-dom@19.2.6_react@19.2.6__react@19.2.6/node_modules/next/dist/client/dev/report-hmr-latency.js:13
[    4880ms] [WARNING] ./features/agents/Screen.tsx
Attempted import error: 'AGENT_CATEGORIES' is not exported from '../../state/config' (imported as 'AGENT_CATEGORIES').

Import trace for requested module:
./features/agents/Screen.tsx @ webpack-internal:///(app-pages-browser)/../../node_modules/.pnpm/next@15.5.18_@babel+core@7.29.7_react-dom@19.2.6_react@19.2.6__react@19.2.6/node_modules/next/dist/client/dev/hot-reloader/app/hot-reloader-app.js:241
[    4880ms] [WARNING] ./features/agents/Screen.tsx
Attempted import error: 'AGENT_CATEGORY_GLYPH' is not exported from '../../state/config' (imported as 'AGENT_CATEGORY_GLYPH').

Import trace for requested module:
./features/agents/Screen.tsx @ webpack-internal:///(app-pages-browser)/../../node_modules/.pnpm/next@15.5.18_@babel+core@7.29.7_react-dom@19.2.6_react@19.2.6__react@19.2.6/node_modules/next/dist/client/dev/hot-reloader/app/hot-reloader-app.js:241
[    4883ms] [LOG] [Fast Refresh] rebuilding @ webpack-internal:///(app-pages-browser)/../../node_modules/.pnpm/next@15.5.18_@babel+core@7.29.7_react-dom@19.2.6_react@19.2.6__react@19.2.6/node_modules/next/dist/client/dev/hot-reloader/app/hot-reloader-app.js:196
[    4888ms] [LOG] [Fast Refresh] done in 4ms @ webpack-internal:///(app-pages-browser)/../../node_modules/.pnpm/next@15.5.18_@babel+core@7.29.7_react-dom@19.2.6_react@19.2.6__react@19.2.6/node_modules/next/dist/client/dev/report-hmr-latency.js:13
[    4948ms] [WARNING] ./features/agents/Screen.tsx
Attempted import error: 'AGENT_CATEGORIES' is not exported from '../../state/config' (imported as 'AGENT_CATEGORIES').

Import trace for requested module:
./features/agents/Screen.tsx @ webpack-internal:///(app-pages-browser)/../../node_modules/.pnpm/next@15.5.18_@babel+core@7.29.7_react-dom@19.2.6_react@19.2.6__react@19.2.6/node_modules/next/dist/client/dev/hot-reloader/app/hot-reloader-app.js:241
[    4948ms] [WARNING] ./features/agents/Screen.tsx
Attempted import error: 'AGENT_CATEGORY_GLYPH' is not exported from '../../state/config' (imported as 'AGENT_CATEGORY_GLYPH').

Import trace for requested module:
./features/agents/Screen.tsx @ webpack-internal:///(app-pages-browser)/../../node_modules/.pnpm/next@15.5.18_@babel+core@7.29.7_react-dom@19.2.6_react@19.2.6__react@19.2.6/node_modules/next/dist/client/dev/hot-reloader/app/hot-reloader-app.js:241
[    4951ms] [LOG] [Fast Refresh] rebuilding @ webpack-internal:///(app-pages-browser)/../../node_modules/.pnpm/next@15.5.18_@babel+core@7.29.7_react-dom@19.2.6_react@19.2.6__react@19.2.6/node_modules/next/dist/client/dev/hot-reloader/app/hot-reloader-app.js:196
[    4962ms] [LOG] [Fast Refresh] done in 10ms @ webpack-internal:///(app-pages-browser)/../../node_modules/.pnpm/next@15.5.18_@babel+core@7.29.7_react-dom@19.2.6_react@19.2.6__react@19.2.6/node_modules/next/dist/client/dev/report-hmr-latency.js:13
[    5024ms] [WARNING] ./features/agents/Screen.tsx
Attempted import error: 'AGENT_CATEGORIES' is not exported from '../../state/config' (imported as 'AGENT_CATEGORIES').

Import trace for requested module:
./features/agents/Screen.tsx @ webpack-internal:///(app-pages-browser)/../../node_modules/.pnpm/next@15.5.18_@babel+core@7.29.7_react-dom@19.2.6_react@19.2.6__react@19.2.6/node_modules/next/dist/client/dev/hot-reloader/app/hot-reloader-app.js:241
[    5024ms] [WARNING] ./features/agents/Screen.tsx
Attempted import error: 'AGENT_CATEGORY_GLYPH' is not exported from '../../state/config' (imported as 'AGENT_CATEGORY_GLYPH').

Import trace for requested module:
./features/agents/Screen.tsx @ webpack-internal:///(app-pages-browser)/../../node_modules/.pnpm/next@15.5.18_@babel+core@7.29.7_react-dom@19.2.6_react@19.2.6__react@19.2.6/node_modules/next/dist/client/dev/hot-reloader/app/hot-reloader-app.js:241
[    5027ms] [LOG] [Fast Refresh] rebuilding @ webpack-internal:///(app-pages-browser)/../../node_modules/.pnpm/next@15.5.18_@babel+core@7.29.7_react-dom@19.2.6_react@19.2.6__react@19.2.6/node_modules/next/dist/client/dev/hot-reloader/app/hot-reloader-app.js:196
[    5040ms] [LOG] [Fast Refresh] done in 14ms @ webpack-internal:///(app-pages-browser)/../../node_modules/.pnpm/next@15.5.18_@babel+core@7.29.7_react-dom@19.2.6_react@19.2.6__react@19.2.6/node_modules/next/dist/client/dev/report-hmr-latency.js:13
[    5085ms] [WARNING] ./features/agents/Screen.tsx
Attempted import error: 'AGENT_CATEGORIES' is not exported from '../../state/config' (imported as 'AGENT_CATEGORIES').

Import trace for requested module:
./features/agents/Screen.tsx @ webpack-internal:///(app-pages-browser)/../../node_modules/.pnpm/next@15.5.18_@babel+core@7.29.7_react-dom@19.2.6_react@19.2.6__react@19.2.6/node_modules/next/dist/client/dev/hot-reloader/app/hot-reloader-app.js:241
[    5085ms] [WARNING] ./features/agents/Screen.tsx
Attempted import error: 'AGENT_CATEGORY_GLYPH' is not exported from '../../state/config' (imported as 'AGENT_CATEGORY_GLYPH').

Import trace for requested module:
./features/agents/Screen.tsx @ webpack-internal:///(app-pages-browser)/../../node_modules/.pnpm/next@15.5.18_@babel+core@7.29.7_react-dom@19.2.6_react@19.2.6__react@19.2.6/node_modules/next/dist/client/dev/hot-reloader/app/hot-reloader-app.js:241
[    5088ms] [LOG] [Fast Refresh] rebuilding @ webpack-internal:///(app-pages-browser)/../../node_modules/.pnpm/next@15.5.18_@babel+core@7.29.7_react-dom@19.2.6_react@19.2.6__react@19.2.6/node_modules/next/dist/client/dev/hot-reloader/app/hot-reloader-app.js:196
[    5116ms] [LOG] [Fast Refresh] done in 29ms @ webpack-internal:///(app-pages-browser)/../../node_modules/.pnpm/next@15.5.18_@babel+core@7.29.7_react-dom@19.2.6_react@19.2.6__react@19.2.6/node_modules/next/dist/client/dev/report-hmr-latency.js:13
[    5165ms] [WARNING] ./features/agents/Screen.tsx
Attempted import error: 'AGENT_CATEGORIES' is not exported from '../../state/config' (imported as 'AGENT_CATEGORIES').

Import trace for requested module:
./features/agents/Screen.tsx @ webpack-internal:///(app-pages-browser)/../../node_modules/.pnpm/next@15.5.18_@babel+core@7.29.7_react-dom@19.2.6_react@19.2.6__react@19.2.6/node_modules/next/dist/client/dev/hot-reloader/app/hot-reloader-app.js:241
[    5165ms] [WARNING] ./features/agents/Screen.tsx
Attempted import error: 'AGENT_CATEGORY_GLYPH' is not exported from '../../state/config' (imported as 'AGENT_CATEGORY_GLYPH').

Import trace for requested module:
./features/agents/Screen.tsx @ webpack-internal:///(app-pages-browser)/../../node_modules/.pnpm/next@15.5.18_@babel+core@7.29.7_react-dom@19.2.6_react@19.2.6__react@19.2.6/node_modules/next/dist/client/dev/hot-reloader/app/hot-reloader-app.js:241
[    5168ms] [LOG] [Fast Refresh] rebuilding @ webpack-internal:///(app-pages-browser)/../../node_modules/.pnpm/next@15.5.18_@babel+core@7.29.7_react-dom@19.2.6_react@19.2.6__react@19.2.6/node_modules/next/dist/client/dev/hot-reloader/app/hot-reloader-app.js:196
[    5178ms] [LOG] [Fast Refresh] done in 11ms @ webpack-internal:///(app-pages-browser)/../../node_modules/.pnpm/next@15.5.18_@babel+core@7.29.7_react-dom@19.2.6_react@19.2.6__react@19.2.6/node_modules/next/dist/client/dev/report-hmr-latency.js:13
[    5253ms] [WARNING] ./features/agents/Screen.tsx
Attempted import error: 'AGENT_CATEGORIES' is not exported from '../../state/config' (imported as 'AGENT_CATEGORIES').

Import trace for requested module:
./features/agents/Screen.tsx @ webpack-internal:///(app-pages-browser)/../../node_modules/.pnpm/next@15.5.18_@babel+core@7.29.7_react-dom@19.2.6_react@19.2.6__react@19.2.6/node_modules/next/dist/client/dev/hot-reloader/app/hot-reloader-app.js:241
[    5253ms] [WARNING] ./features/agents/Screen.tsx
Attempted import error: 'AGENT_CATEGORY_GLYPH' is not exported from '../../state/config' (imported as 'AGENT_CATEGORY_GLYPH').

Import trace for requested module:
./features/agents/Screen.tsx @ webpack-internal:///(app-pages-browser)/../../node_modules/.pnpm/next@15.5.18_@babel+core@7.29.7_react-dom@19.2.6_react@19.2.6__react@19.2.6/node_modules/next/dist/client/dev/hot-reloader/app/hot-reloader-app.js:241
[    5256ms] [LOG] [Fast Refresh] rebuilding @ webpack-internal:///(app-pages-browser)/../../node_modules/.pnpm/next@15.5.18_@babel+core@7.29.7_react-dom@19.2.6_react@19.2.6__react@19.2.6/node_modules/next/dist/client/dev/hot-reloader/app/hot-reloader-app.js:196
[    5269ms] [LOG] [Fast Refresh] done in 12ms @ webpack-internal:///(app-pages-browser)/../../node_modules/.pnpm/next@15.5.18_@babel+core@7.29.7_react-dom@19.2.6_react@19.2.6__react@19.2.6/node_modules/next/dist/client/dev/report-hmr-latency.js:13
[    5334ms] [WARNING] ./features/agents/Screen.tsx
Attempted import error: 'AGENT_CATEGORIES' is not exported from '../../state/config' (imported as 'AGENT_CATEGORIES').

Import trace for requested module:
./features/agents/Screen.tsx @ webpack-internal:///(app-pages-browser)/../../node_modules/.pnpm/next@15.5.18_@babel+core@7.29.7_react-dom@19.2.6_react@19.2.6__react@19.2.6/node_modules/next/dist/client/dev/hot-reloader/app/hot-reloader-app.js:241
[    5334ms] [WARNING] ./features/agents/Screen.tsx
Attempted import error: 'AGENT_CATEGORY_GLYPH' is not exported from '../../state/config' (imported as 'AGENT_CATEGORY_GLYPH').

Import trace for requested module:
./features/agents/Screen.tsx @ webpack-internal:///(app-pages-browser)/../../node_modules/.pnpm/next@15.5.18_@babel+core@7.29.7_react-dom@19.2.6_react@19.2.6__react@19.2.6/node_modules/next/dist/client/dev/hot-reloader/app/hot-reloader-app.js:241
[    5337ms] [LOG] [Fast Refresh] rebuilding @ webpack-internal:///(app-pages-browser)/../../node_modules/.pnpm/next@15.5.18_@babel+core@7.29.7_react-dom@19.2.6_react@19.2.6__react@19.2.6/node_modules/next/dist/client/dev/hot-reloader/app/hot-reloader-app.js:196
[    5351ms] [LOG] [Fast Refresh] done in 14ms @ webpack-internal:///(app-pages-browser)/../../node_modules/.pnpm/next@15.5.18_@babel+core@7.29.7_react-dom@19.2.6_react@19.2.6__react@19.2.6/node_modules/next/dist/client/dev/report-hmr-latency.js:13
[    5438ms] [WARNING] ./features/agents/Screen.tsx
Attempted import error: 'AGENT_CATEGORIES' is not exported from '../../state/config' (imported as 'AGENT_CATEGORIES').

Import trace for requested module:
./features/agents/Screen.tsx @ webpack-internal:///(app-pages-browser)/../../node_modules/.pnpm/next@15.5.18_@babel+core@7.29.7_react-dom@19.2.6_react@19.2.6__react@19.2.6/node_modules/next/dist/client/dev/hot-reloader/app/hot-reloader-app.js:241
[    5438ms] [WARNING] ./features/agents/Screen.tsx
Attempted import error: 'AGENT_CATEGORY_GLYPH' is not exported from '../../state/config' (imported as 'AGENT_CATEGORY_GLYPH').

Import trace for requested module:
./features/agents/Screen.tsx @ webpack-internal:///(app-pages-browser)/../../node_modules/.pnpm/next@15.5.18_@babel+core@7.29.7_react-dom@19.2.6_react@19.2.6__react@19.2.6/node_modules/next/dist/client/dev/hot-reloader/app/hot-reloader-app.js:241
[    5441ms] [LOG] [Fast Refresh] rebuilding @ webpack-internal:///(app-pages-browser)/../../node_modules/.pnpm/next@15.5.18_@babel+core@7.29.7_react-dom@19.2.6_react@19.2.6__react@19.2.6/node_modules/next/dist/client/dev/hot-reloader/app/hot-reloader-app.js:196
[    5454ms] [LOG] [Fast Refresh] done in 13ms @ webpack-internal:///(app-pages-browser)/../../node_modules/.pnpm/next@15.5.18_@babel+core@7.29.7_react-dom@19.2.6_react@19.2.6__react@19.2.6/node_modules/next/dist/client/dev/report-hmr-latency.js:13
[    5519ms] [WARNING] ./features/agents/Screen.tsx
Attempted import error: 'AGENT_CATEGORIES' is not exported from '../../state/config' (imported as 'AGENT_CATEGORIES').

Import trace for requested module:
./features/agents/Screen.tsx @ webpack-internal:///(app-pages-browser)/../../node_modules/.pnpm/next@15.5.18_@babel+core@7.29.7_react-dom@19.2.6_react@19.2.6__react@19.2.6/node_modules/next/dist/client/dev/hot-reloader/app/hot-reloader-app.js:241
[    5519ms] [WARNING] ./features/agents/Screen.tsx
Attempted import error: 'AGENT_CATEGORY_GLYPH' is not exported from '../../state/config' (imported as 'AGENT_CATEGORY_GLYPH').

Import trace for requested module:
./features/agents/Screen.tsx @ webpack-internal:///(app-pages-browser)/../../node_modules/.pnpm/next@15.5.18_@babel+core@7.29.7_react-dom@19.2.6_react@19.2.6__react@19.2.6/node_modules/next/dist/client/dev/hot-reloader/app/hot-reloader-app.js:241
[    5525ms] [LOG] [Fast Refresh] rebuilding @ webpack-internal:///(app-pages-browser)/../../node_modules/.pnpm/next@15.5.18_@babel+core@7.29.7_react-dom@19.2.6_react@19.2.6__react@19.2.6/node_modules/next/dist/client/dev/hot-reloader/app/hot-reloader-app.js:196
[    5573ms] [LOG] [Fast Refresh] done in 47ms @ webpack-internal:///(app-pages-browser)/../../node_modules/.pnpm/next@15.5.18_@babel+core@7.29.7_react-dom@19.2.6_react@19.2.6__react@19.2.6/node_modules/next/dist/client/dev/report-hmr-latency.js:13
[    5660ms] [WARNING] ./features/agents/Screen.tsx
Attempted import error: 'AGENT_CATEGORIES' is not exported from '../../state/config' (imported as 'AGENT_CATEGORIES').

Import trace for requested module:
./features/agents/Screen.tsx @ webpack-internal:///(app-pages-browser)/../../node_modules/.pnpm/next@15.5.18_@babel+core@7.29.7_react-dom@19.2.6_react@19.2.6__react@19.2.6/node_modules/next/dist/client/dev/hot-reloader/app/hot-reloader-app.js:241
[    5660ms] [WARNING] ./features/agents/Screen.tsx
Attempted import error: 'AGENT_CATEGORY_GLYPH' is not exported from '../../state/config' (imported as 'AGENT_CATEGORY_GLYPH').

Import trace for requested module:
./features/agents/Screen.tsx @ webpack-internal:///(app-pages-browser)/../../node_modules/.pnpm/next@15.5.18_@babel+core@7.29.7_react-dom@19.2.6_react@19.2.6__react@19.2.6/node_modules/next/dist/client/dev/hot-reloader/app/hot-reloader-app.js:241
[    5664ms] [LOG] [Fast Refresh] rebuilding @ webpack-internal:///(app-pages-browser)/../../node_modules/.pnpm/next@15.5.18_@babel+core@7.29.7_react-dom@19.2.6_react@19.2.6__react@19.2.6/node_modules/next/dist/client/dev/hot-reloader/app/hot-reloader-app.js:196
[    5677ms] [LOG] [Fast Refresh] done in 14ms @ webpack-internal:///(app-pages-browser)/../../node_modules/.pnpm/next@15.5.18_@babel+core@7.29.7_react-dom@19.2.6_react@19.2.6__react@19.2.6/node_modules/next/dist/client/dev/report-hmr-latency.js:13
[    5744ms] [WARNING] ./features/agents/Screen.tsx
Attempted import error: 'AGENT_CATEGORIES' is not exported from '../../state/config' (imported as 'AGENT_CATEGORIES').

Import trace for requested module:
./features/agents/Screen.tsx @ webpack-internal:///(app-pages-browser)/../../node_modules/.pnpm/next@15.5.18_@babel+core@7.29.7_react-dom@19.2.6_react@19.2.6__react@19.2.6/node_modules/next/dist/client/dev/hot-reloader/app/hot-reloader-app.js:241
[    5744ms] [WARNING] ./features/agents/Screen.tsx
Attempted import error: 'AGENT_CATEGORY_GLYPH' is not exported from '../../state/config' (imported as 'AGENT_CATEGORY_GLYPH').

Import trace for requested module:
./features/agents/Screen.tsx @ webpack-internal:///(app-pages-browser)/../../node_modules/.pnpm/next@15.5.18_@babel+core@7.29.7_react-dom@19.2.6_react@19.2.6__react@19.2.6/node_modules/next/dist/client/dev/hot-reloader/app/hot-reloader-app.js:241
[    5748ms] [LOG] [Fast Refresh] rebuilding @ webpack-internal:///(app-pages-browser)/../../node_modules/.pnpm/next@15.5.18_@babel+core@7.29.7_react-dom@19.2.6_react@19.2.6__react@19.2.6/node_modules/next/dist/client/dev/hot-reloader/app/hot-reloader-app.js:196
[    5763ms] [LOG] [Fast Refresh] done in 15ms @ webpack-internal:///(app-pages-browser)/../../node_modules/.pnpm/next@15.5.18_@babel+core@7.29.7_react-dom@19.2.6_react@19.2.6__react@19.2.6/node_modules/next/dist/client/dev/report-hmr-latency.js:13
[    5830ms] [WARNING] ./features/agents/Screen.tsx
Attempted import error: 'AGENT_CATEGORIES' is not exported from '../../state/config' (imported as 'AGENT_CATEGORIES').

Import trace for requested module:
./features/agents/Screen.tsx @ webpack-internal:///(app-pages-browser)/../../node_modules/.pnpm/next@15.5.18_@babel+core@7.29.7_react-dom@19.2.6_react@19.2.6__react@19.2.6/node_modules/next/dist/client/dev/hot-reloader/app/hot-reloader-app.js:241
[    5830ms] [WARNING] ./features/agents/Screen.tsx
Attempted import error: 'AGENT_CATEGORY_GLYPH' is not exported from '../../state/config' (imported as 'AGENT_CATEGORY_GLYPH').

Import trace for requested module:
./features/agents/Screen.tsx @ webpack-internal:///(app-pages-browser)/../../node_modules/.pnpm/next@15.5.18_@babel+core@7.29.7_react-dom@19.2.6_react@19.2.6__react@19.2.6/node_modules/next/dist/client/dev/hot-reloader/app/hot-reloader-app.js:241
[    5834ms] [LOG] [Fast Refresh] rebuilding @ webpack-internal:///(app-pages-browser)/../../node_modules/.pnpm/next@15.5.18_@babel+core@7.29.7_react-dom@19.2.6_react@19.2.6__react@19.2.6/node_modules/next/dist/client/dev/hot-reloader/app/hot-reloader-app.js:196
[    5845ms] [LOG] [Fast Refresh] done in 12ms @ webpack-internal:///(app-pages-browser)/../../node_modules/.pnpm/next@15.5.18_@babel+core@7.29.7_react-dom@19.2.6_react@19.2.6__react@19.2.6/node_modules/next/dist/client/dev/report-hmr-latency.js:13
[    5912ms] [WARNING] ./features/agents/Screen.tsx
Attempted import error: 'AGENT_CATEGORIES' is not exported from '../../state/config' (imported as 'AGENT_CATEGORIES').

Import trace for requested module:
./features/agents/Screen.tsx @ webpack-internal:///(app-pages-browser)/../../node_modules/.pnpm/next@15.5.18_@babel+core@7.29.7_react-dom@19.2.6_react@19.2.6__react@19.2.6/node_modules/next/dist/client/dev/hot-reloader/app/hot-reloader-app.js:241
[    5912ms] [WARNING] ./features/agents/Screen.tsx
Attempted import error: 'AGENT_CATEGORY_GLYPH' is not exported from '../../state/config' (imported as 'AGENT_CATEGORY_GLYPH').

Import trace for requested module:
./features/agents/Screen.tsx @ webpack-internal:///(app-pages-browser)/../../node_modules/.pnpm/next@15.5.18_@babel+core@7.29.7_react-dom@19.2.6_react@19.2.6__react@19.2.6/node_modules/next/dist/client/dev/hot-reloader/app/hot-reloader-app.js:241
[    5916ms] [LOG] [Fast Refresh] rebuilding @ webpack-internal:///(app-pages-browser)/../../node_modules/.pnpm/next@15.5.18_@babel+core@7.29.7_react-dom@19.2.6_react@19.2.6__react@19.2.6/node_modules/next/dist/client/dev/hot-reloader/app/hot-reloader-app.js:196
[    5928ms] [LOG] [Fast Refresh] done in 12ms @ webpack-internal:///(app-pages-browser)/../../node_modules/.pnpm/next@15.5.18_@babel+core@7.29.7_react-dom@19.2.6_react@19.2.6__react@19.2.6/node_modules/next/dist/client/dev/report-hmr-latency.js:13
[    5986ms] [WARNING] ./features/agents/Screen.tsx
Attempted import error: 'AGENT_CATEGORIES' is not exported from '../../state/config' (imported as 'AGENT_CATEGORIES').

Import trace for requested module:
./features/agents/Screen.tsx @ webpack-internal:///(app-pages-browser)/../../node_modules/.pnpm/next@15.5.18_@babel+core@7.29.7_react-dom@19.2.6_react@19.2.6__react@19.2.6/node_modules/next/dist/client/dev/hot-reloader/app/hot-reloader-app.js:241
[    5986ms] [WARNING] ./features/agents/Screen.tsx
Attempted import error: 'AGENT_CATEGORY_GLYPH' is not exported from '../../state/config' (imported as 'AGENT_CATEGORY_GLYPH').

Import trace for requested module:
./features/agents/Screen.tsx @ webpack-internal:///(app-pages-browser)/../../node_modules/.pnpm/next@15.5.18_@babel+core@7.29.7_react-dom@19.2.6_react@19.2.6__react@19.2.6/node_modules/next/dist/client/dev/hot-reloader/app/hot-reloader-app.js:241
[    5989ms] [LOG] [Fast Refresh] rebuilding @ webpack-internal:///(app-pages-browser)/../../node_modules/.pnpm/next@15.5.18_@babel+core@7.29.7_react-dom@19.2.6_react@19.2.6__react@19.2.6/node_modules/next/dist/client/dev/hot-reloader/app/hot-reloader-app.js:196
[    6022ms] [LOG] [Fast Refresh] done in 32ms @ webpack-internal:///(app-pages-browser)/../../node_modules/.pnpm/next@15.5.18_@babel+core@7.29.7_react-dom@19.2.6_react@19.2.6__react@19.2.6/node_modules/next/dist/client/dev/report-hmr-latency.js:13
[    6080ms] [WARNING] ./features/agents/Screen.tsx
Attempted import error: 'AGENT_CATEGORIES' is not exported from '../../state/config' (imported as 'AGENT_CATEGORIES').

Import trace for requested module:
./features/agents/Screen.tsx @ webpack-internal:///(app-pages-browser)/../../node_modules/.pnpm/next@15.5.18_@babel+core@7.29.7_react-dom@19.2.6_react@19.2.6__react@19.2.6/node_modules/next/dist/client/dev/hot-reloader/app/hot-reloader-app.js:241
[    6080ms] [WARNING] ./features/agents/Screen.tsx
Attempted import error: 'AGENT_CATEGORY_GLYPH' is not exported from '../../state/config' (imported as 'AGENT_CATEGORY_GLYPH').

Import trace for requested module:
./features/agents/Screen.tsx @ webpack-internal:///(app-pages-browser)/../../node_modules/.pnpm/next@15.5.18_@babel+core@7.29.7_react-dom@19.2.6_react@19.2.6__react@19.2.6/node_modules/next/dist/client/dev/hot-reloader/app/hot-reloader-app.js:241
[    6084ms] [LOG] [Fast Refresh] rebuilding @ webpack-internal:///(app-pages-browser)/../../node_modules/.pnpm/next@15.5.18_@babel+core@7.29.7_react-dom@19.2.6_react@19.2.6__react@19.2.6/node_modules/next/dist/client/dev/hot-reloader/app/hot-reloader-app.js:196
[    6108ms] [LOG] [Fast Refresh] done in 23ms @ webpack-internal:///(app-pages-browser)/../../node_modules/.pnpm/next@15.5.18_@babel+core@7.29.7_react-dom@19.2.6_react@19.2.6__react@19.2.6/node_modules/next/dist/client/dev/report-hmr-latency.js:13
[    6169ms] [WARNING] ./features/agents/Screen.tsx
Attempted import error: 'AGENT_CATEGORIES' is not exported from '../../state/config' (imported as 'AGENT_CATEGORIES').

Import trace for requested module:
./features/agents/Screen.tsx @ webpack-internal:///(app-pages-browser)/../../node_modules/.pnpm/next@15.5.18_@babel+core@7.29.7_react-dom@19.2.6_react@19.2.6__react@19.2.6/node_modules/next/dist/client/dev/hot-reloader/app/hot-reloader-app.js:241
[    6169ms] [WARNING] ./features/agents/Screen.tsx
Attempted import error: 'AGENT_CATEGORY_GLYPH' is not exported from '../../state/config' (imported as 'AGENT_CATEGORY_GLYPH').

Import trace for requested module:
./features/agents/Screen.tsx @ webpack-internal:///(app-pages-browser)/../../node_modules/.pnpm/next@15.5.18_@babel+core@7.29.7_react-dom@19.2.6_react@19.2.6__react@19.2.6/node_modules/next/dist/client/dev/hot-reloader/app/hot-reloader-app.js:241
[    6172ms] [LOG] [Fast Refresh] rebuilding @ webpack-internal:///(app-pages-browser)/../../node_modules/.pnpm/next@15.5.18_@babel+core@7.29.7_react-dom@19.2.6_react@19.2.6__react@19.2.6/node_modules/next/dist/client/dev/hot-reloader/app/hot-reloader-app.js:196
[    6184ms] [LOG] [Fast Refresh] done in 12ms @ webpack-internal:///(app-pages-browser)/../../node_modules/.pnpm/next@15.5.18_@babel+core@7.29.7_react-dom@19.2.6_react@19.2.6__react@19.2.6/node_modules/next/dist/client/dev/report-hmr-latency.js:13
[    6235ms] [WARNING] ./features/agents/Screen.tsx
Attempted import error: 'AGENT_CATEGORIES' is not exported from '../../state/config' (imported as 'AGENT_CATEGORIES').

Import trace for requested module:
./features/agents/Screen.tsx @ webpack-internal:///(app-pages-browser)/../../node_modules/.pnpm/next@15.5.18_@babel+core@7.29.7_react-dom@19.2.6_react@19.2.6__react@19.2.6/node_modules/next/dist/client/dev/hot-reloader/app/hot-reloader-app.js:241
[    6235ms] [WARNING] ./features/agents/Screen.tsx
Attempted import error: 'AGENT_CATEGORY_GLYPH' is not exported from '../../state/config' (imported as 'AGENT_CATEGORY_GLYPH').

Import trace for requested module:
./features/agents/Screen.tsx @ webpack-internal:///(app-pages-browser)/../../node_modules/.pnpm/next@15.5.18_@babel+core@7.29.7_react-dom@19.2.6_react@19.2.6__react@19.2.6/node_modules/next/dist/client/dev/hot-reloader/app/hot-reloader-app.js:241
[    6238ms] [LOG] [Fast Refresh] rebuilding @ webpack-internal:///(app-pages-browser)/../../node_modules/.pnpm/next@15.5.18_@babel+core@7.29.7_react-dom@19.2.6_react@19.2.6__react@19.2.6/node_modules/next/dist/client/dev/hot-reloader/app/hot-reloader-app.js:196
[    6244ms] [LOG] [Fast Refresh] done in 5ms @ webpack-internal:///(app-pages-browser)/../../node_modules/.pnpm/next@15.5.18_@babel+core@7.29.7_react-dom@19.2.6_react@19.2.6__react@19.2.6/node_modules/next/dist/client/dev/report-hmr-latency.js:13
[    6299ms] [WARNING] ./features/agents/Screen.tsx
Attempted import error: 'AGENT_CATEGORIES' is not exported from '../../state/config' (imported as 'AGENT_CATEGORIES').

Import trace for requested module:
./features/agents/Screen.tsx @ webpack-internal:///(app-pages-browser)/../../node_modules/.pnpm/next@15.5.18_@babel+core@7.29.7_react-dom@19.2.6_react@19.2.6__react@19.2.6/node_modules/next/dist/client/dev/hot-reloader/app/hot-reloader-app.js:241
[    6299ms] [WARNING] ./features/agents/Screen.tsx
Attempted import error: 'AGENT_CATEGORY_GLYPH' is not exported from '../../state/config' (imported as 'AGENT_CATEGORY_GLYPH').

Import trace for requested module:
./features/agents/Screen.tsx @ webpack-internal:///(app-pages-browser)/../../node_modules/.pnpm/next@15.5.18_@babel+core@7.29.7_react-dom@19.2.6_react@19.2.6__react@19.2.6/node_modules/next/dist/client/dev/hot-reloader/app/hot-reloader-app.js:241
[    6302ms] [LOG] [Fast Refresh] rebuilding @ webpack-internal:///(app-pages-browser)/../../node_modules/.pnpm/next@15.5.18_@babel+core@7.29.7_react-dom@19.2.6_react@19.2.6__react@19.2.6/node_modules/next/dist/client/dev/hot-reloader/app/hot-reloader-app.js:196
[    6309ms] [LOG] [Fast Refresh] done in 7ms @ webpack-internal:///(app-pages-browser)/../../node_modules/.pnpm/next@15.5.18_@babel+core@7.29.7_react-dom@19.2.6_react@19.2.6__react@19.2.6/node_modules/next/dist/client/dev/report-hmr-latency.js:13
[    6405ms] [WARNING] ./features/agents/Screen.tsx
Attempted import error: 'AGENT_CATEGORIES' is not exported from '../../state/config' (imported as 'AGENT_CATEGORIES').

Import trace for requested module:
./features/agents/Screen.tsx @ webpack-internal:///(app-pages-browser)/../../node_modules/.pnpm/next@15.5.18_@babel+core@7.29.7_react-dom@19.2.6_react@19.2.6__react@19.2.6/node_modules/next/dist/client/dev/hot-reloader/app/hot-reloader-app.js:241
[    6405ms] [WARNING] ./features/agents/Screen.tsx
Attempted import error: 'AGENT_CATEGORY_GLYPH' is not exported from '../../state/config' (imported as 'AGENT_CATEGORY_GLYPH').

Import trace for requested module:
./features/agents/Screen.tsx @ webpack-internal:///(app-pages-browser)/../../node_modules/.pnpm/next@15.5.18_@babel+core@7.29.7_react-dom@19.2.6_react@19.2.6__react@19.2.6/node_modules/next/dist/client/dev/hot-reloader/app/hot-reloader-app.js:241
[    6408ms] [LOG] [Fast Refresh] rebuilding @ webpack-internal:///(app-pages-browser)/../../node_modules/.pnpm/next@15.5.18_@babel+core@7.29.7_react-dom@19.2.6_react@19.2.6__react@19.2.6/node_modules/next/dist/client/dev/hot-reloader/app/hot-reloader-app.js:196
[    6420ms] [LOG] [Fast Refresh] done in 12ms @ webpack-internal:///(app-pages-browser)/../../node_modules/.pnpm/next@15.5.18_@babel+core@7.29.7_react-dom@19.2.6_react@19.2.6__react@19.2.6/node_modules/next/dist/client/dev/report-hmr-latency.js:13
[    6505ms] [WARNING] ./features/agents/Screen.tsx
Attempted import error: 'AGENT_CATEGORIES' is not exported from '../../state/config' (imported as 'AGENT_CATEGORIES').

Import trace for requested module:
./features/agents/Screen.tsx @ webpack-internal:///(app-pages-browser)/../../node_modules/.pnpm/next@15.5.18_@babel+core@7.29.7_react-dom@19.2.6_react@19.2.6__react@19.2.6/node_modules/next/dist/client/dev/hot-reloader/app/hot-reloader-app.js:241
[    6505ms] [WARNING] ./features/agents/Screen.tsx
Attempted import error: 'AGENT_CATEGORY_GLYPH' is not exported from '../../state/config' (imported as 'AGENT_CATEGORY_GLYPH').

Import trace for requested module:
./features/agents/Screen.tsx @ webpack-internal:///(app-pages-browser)/../../node_modules/.pnpm/next@15.5.18_@babel+core@7.29.7_react-dom@19.2.6_react@19.2.6__react@19.2.6/node_modules/next/dist/client/dev/hot-reloader/app/hot-reloader-app.js:241
[    6505ms] [LOG] [Fast Refresh] rebuilding @ webpack-internal:///(app-pages-browser)/../../node_modules/.pnpm/next@15.5.18_@babel+core@7.29.7_react-dom@19.2.6_react@19.2.6__react@19.2.6/node_modules/next/dist/client/dev/hot-reloader/app/hot-reloader-app.js:196
[    6520ms] [LOG] [Fast Refresh] done in 14ms @ webpack-internal:///(app-pages-browser)/../../node_modules/.pnpm/next@15.5.18_@babel+core@7.29.7_react-dom@19.2.6_react@19.2.6__react@19.2.6/node_modules/next/dist/client/dev/report-hmr-latency.js:13
[    6855ms] [WARNING] ./features/agents/Screen.tsx
Attempted import error: 'AGENT_CATEGORIES' is not exported from '../../state/config' (imported as 'AGENT_CATEGORIES').

Import trace for requested module:
./features/agents/Screen.tsx @ webpack-internal:///(app-pages-browser)/../../node_modules/.pnpm/next@15.5.18_@babel+core@7.29.7_react-dom@19.2.6_react@19.2.6__react@19.2.6/node_modules/next/dist/client/dev/hot-reloader/app/hot-reloader-app.js:241
[    6855ms] [WARNING] ./features/agents/Screen.tsx
Attempted import error: 'AGENT_CATEGORY_GLYPH' is not exported from '../../state/config' (imported as 'AGENT_CATEGORY_GLYPH').

Import trace for requested module:
./features/agents/Screen.tsx @ webpack-internal:///(app-pages-browser)/../../node_modules/.pnpm/next@15.5.18_@babel+core@7.29.7_react-dom@19.2.6_react@19.2.6__react@19.2.6/node_modules/next/dist/client/dev/hot-reloader/app/hot-reloader-app.js:241
[    7027ms] [LOG] [Fast Refresh] rebuilding @ webpack-internal:///(app-pages-browser)/../../node_modules/.pnpm/next@15.5.18_@babel+core@7.29.7_react-dom@19.2.6_react@19.2.6__react@19.2.6/node_modules/next/dist/client/dev/hot-reloader/app/hot-reloader-app.js:196
[    7068ms] [LOG] [Fast Refresh] done in 42ms @ webpack-internal:///(app-pages-browser)/../../node_modules/.pnpm/next@15.5.18_@babel+core@7.29.7_react-dom@19.2.6_react@19.2.6__react@19.2.6/node_modules/next/dist/client/dev/report-hmr-latency.js:13
[    7234ms] [WARNING] ./features/agents/Screen.tsx
Attempted import error: 'AGENT_CATEGORIES' is not exported from '../../state/config' (imported as 'AGENT_CATEGORIES').

Import trace for requested module:
./features/agents/Screen.tsx @ webpack-internal:///(app-pages-browser)/../../node_modules/.pnpm/next@15.5.18_@babel+core@7.29.7_react-dom@19.2.6_react@19.2.6__react@19.2.6/node_modules/next/dist/client/dev/hot-reloader/app/hot-reloader-app.js:241
[    7234ms] [WARNING] ./features/agents/Screen.tsx
Attempted import error: 'AGENT_CATEGORY_GLYPH' is not exported from '../../state/config' (imported as 'AGENT_CATEGORY_GLYPH').

Import trace for requested module:
./features/agents/Screen.tsx @ webpack-internal:///(app-pages-browser)/../../node_modules/.pnpm/next@15.5.18_@babel+core@7.29.7_react-dom@19.2.6_react@19.2.6__react@19.2.6/node_modules/next/dist/client/dev/hot-reloader/app/hot-reloader-app.js:241
[    7238ms] [LOG] [Fast Refresh] rebuilding @ webpack-internal:///(app-pages-browser)/../../node_modules/.pnpm/next@15.5.18_@babel+core@7.29.7_react-dom@19.2.6_react@19.2.6__react@19.2.6/node_modules/next/dist/client/dev/hot-reloader/app/hot-reloader-app.js:196
[    7247ms] [LOG] [Fast Refresh] done in 9ms @ webpack-internal:///(app-pages-browser)/../../node_modules/.pnpm/next@15.5.18_@babel+core@7.29.7_react-dom@19.2.6_react@19.2.6__react@19.2.6/node_modules/next/dist/client/dev/report-hmr-latency.js:13
[    7387ms] [ERROR] Failed to load resource: the server responded with a status of 500 (Internal Server Error) @ http://localhost:3000/overview?_rsc=dwuERj0VtwyzmkWe:0
[    7454ms] [WARNING] ./features/agents/Screen.tsx
Attempted import error: 'AGENT_CATEGORIES' is not exported from '../../state/config' (imported as 'AGENT_CATEGORIES').

Import trace for requested module:
./features/agents/Screen.tsx @ webpack-internal:///(app-pages-browser)/../../node_modules/.pnpm/next@15.5.18_@babel+core@7.29.7_react-dom@19.2.6_react@19.2.6__react@19.2.6/node_modules/next/dist/client/dev/hot-reloader/app/hot-reloader-app.js:241
[    7454ms] [WARNING] ./features/agents/Screen.tsx
Attempted import error: 'AGENT_CATEGORY_GLYPH' is not exported from '../../state/config' (imported as 'AGENT_CATEGORY_GLYPH').

Import trace for requested module:
./features/agents/Screen.tsx @ webpack-internal:///(app-pages-browser)/../../node_modules/.pnpm/next@15.5.18_@babel+core@7.29.7_react-dom@19.2.6_react@19.2.6__react@19.2.6/node_modules/next/dist/client/dev/hot-reloader/app/hot-reloader-app.js:241
[    7458ms] [LOG] [Fast Refresh] rebuilding @ webpack-internal:///(app-pages-browser)/../../node_modules/.pnpm/next@15.5.18_@babel+core@7.29.7_react-dom@19.2.6_react@19.2.6__react@19.2.6/node_modules/next/dist/client/dev/hot-reloader/app/hot-reloader-app.js:196
[    7542ms] [LOG] [Fast Refresh] done in 84ms @ webpack-internal:///(app-pages-browser)/../../node_modules/.pnpm/next@15.5.18_@babel+core@7.29.7_react-dom@19.2.6_react@19.2.6__react@19.2.6/node_modules/next/dist/client/dev/report-hmr-latency.js:13
[    7605ms] [WARNING] ./features/agents/Screen.tsx
Attempted import error: 'AGENT_CATEGORIES' is not exported from '../../state/config' (imported as 'AGENT_CATEGORIES').

Import trace for requested module:
./features/agents/Screen.tsx @ webpack-internal:///(app-pages-browser)/../../node_modules/.pnpm/next@15.5.18_@babel+core@7.29.7_react-dom@19.2.6_react@19.2.6__react@19.2.6/node_modules/next/dist/client/dev/hot-reloader/app/hot-reloader-app.js:241
[    7605ms] [WARNING] ./features/agents/Screen.tsx
Attempted import error: 'AGENT_CATEGORY_GLYPH' is not exported from '../../state/config' (imported as 'AGENT_CATEGORY_GLYPH').

Import trace for requested module:
./features/agents/Screen.tsx @ webpack-internal:///(app-pages-browser)/../../node_modules/.pnpm/next@15.5.18_@babel+core@7.29.7_react-dom@19.2.6_react@19.2.6__react@19.2.6/node_modules/next/dist/client/dev/hot-reloader/app/hot-reloader-app.js:241
[    7608ms] [LOG] [Fast Refresh] rebuilding @ webpack-internal:///(app-pages-browser)/../../node_modules/.pnpm/next@15.5.18_@babel+core@7.29.7_react-dom@19.2.6_react@19.2.6__react@19.2.6/node_modules/next/dist/client/dev/hot-reloader/app/hot-reloader-app.js:196
[    7638ms] [LOG] [Fast Refresh] done in 30ms @ webpack-internal:///(app-pages-browser)/../../node_modules/.pnpm/next@15.5.18_@babel+core@7.29.7_react-dom@19.2.6_react@19.2.6__react@19.2.6/node_modules/next/dist/client/dev/report-hmr-latency.js:13
[    7700ms] [WARNING] ./features/agents/Screen.tsx
Attempted import error: 'AGENT_CATEGORIES' is not exported from '../../state/config' (imported as 'AGENT_CATEGORIES').

Import trace for requested module:
./features/agents/Screen.tsx @ webpack-internal:///(app-pages-browser)/../../node_modules/.pnpm/next@15.5.18_@babel+core@7.29.7_react-dom@19.2.6_react@19.2.6__react@19.2.6/node_modules/next/dist/client/dev/hot-reloader/app/hot-reloader-app.js:241
[    7700ms] [WARNING] ./features/agents/Screen.tsx
Attempted import error: 'AGENT_CATEGORY_GLYPH' is not exported from '../../state/config' (imported as 'AGENT_CATEGORY_GLYPH').

Import trace for requested module:
./features/agents/Screen.tsx @ webpack-internal:///(app-pages-browser)/../../node_modules/.pnpm/next@15.5.18_@babel+core@7.29.7_react-dom@19.2.6_react@19.2.6__react@19.2.6/node_modules/next/dist/client/dev/hot-reloader/app/hot-reloader-app.js:241
[    7704ms] [LOG] [Fast Refresh] rebuilding @ webpack-internal:///(app-pages-browser)/../../node_modules/.pnpm/next@15.5.18_@babel+core@7.29.7_react-dom@19.2.6_react@19.2.6__react@19.2.6/node_modules/next/dist/client/dev/hot-reloader/app/hot-reloader-app.js:196
[    7733ms] [LOG] [Fast Refresh] done in 28ms @ webpack-internal:///(app-pages-browser)/../../node_modules/.pnpm/next@15.5.18_@babel+core@7.29.7_react-dom@19.2.6_react@19.2.6__react@19.2.6/node_modules/next/dist/client/dev/report-hmr-latency.js:13
[    7807ms] [WARNING] ./features/agents/Screen.tsx
Attempted import error: 'AGENT_CATEGORIES' is not exported from '../../state/config' (imported as 'AGENT_CATEGORIES').

Import trace for requested module:
./features/agents/Screen.tsx @ webpack-internal:///(app-pages-browser)/../../node_modules/.pnpm/next@15.5.18_@babel+core@7.29.7_react-dom@19.2.6_react@19.2.6__react@19.2.6/node_modules/next/dist/client/dev/hot-reloader/app/hot-reloader-app.js:241
[    7808ms] [WARNING] ./features/agents/Screen.tsx
Attempted import error: 'AGENT_CATEGORY_GLYPH' is not exported from '../../state/config' (imported as 'AGENT_CATEGORY_GLYPH').

Import trace for requested module:
./features/agents/Screen.tsx @ webpack-internal:///(app-pages-browser)/../../node_modules/.pnpm/next@15.5.18_@babel+core@7.29.7_react-dom@19.2.6_react@19.2.6__react@19.2.6/node_modules/next/dist/client/dev/hot-reloader/app/hot-reloader-app.js:241
[    7811ms] [LOG] [Fast Refresh] rebuilding @ webpack-internal:///(app-pages-browser)/../../node_modules/.pnpm/next@15.5.18_@babel+core@7.29.7_react-dom@19.2.6_react@19.2.6__react@19.2.6/node_modules/next/dist/client/dev/hot-reloader/app/hot-reloader-app.js:196
[    7845ms] [LOG] [Fast Refresh] done in 34ms @ webpack-internal:///(app-pages-browser)/../../node_modules/.pnpm/next@15.5.18_@babel+core@7.29.7_react-dom@19.2.6_react@19.2.6__react@19.2.6/node_modules/next/dist/client/dev/report-hmr-latency.js:13
[    7937ms] [WARNING] ./features/agents/Screen.tsx
Attempted import error: 'AGENT_CATEGORIES' is not exported from '../../state/config' (imported as 'AGENT_CATEGORIES').

Import trace for requested module:
./features/agents/Screen.tsx @ webpack-internal:///(app-pages-browser)/../../node_modules/.pnpm/next@15.5.18_@babel+core@7.29.7_react-dom@19.2.6_react@19.2.6__react@19.2.6/node_modules/next/dist/client/dev/hot-reloader/app/hot-reloader-app.js:241
[    7937ms] [WARNING] ./features/agents/Screen.tsx
Attempted import error: 'AGENT_CATEGORY_GLYPH' is not exported from '../../state/config' (imported as 'AGENT_CATEGORY_GLYPH').

Import trace for requested module:
./features/agents/Screen.tsx @ webpack-internal:///(app-pages-browser)/../../node_modules/.pnpm/next@15.5.18_@babel+core@7.29.7_react-dom@19.2.6_react@19.2.6__react@19.2.6/node_modules/next/dist/client/dev/hot-reloader/app/hot-reloader-app.js:241
[    7941ms] [LOG] [Fast Refresh] rebuilding @ webpack-internal:///(app-pages-browser)/../../node_modules/.pnpm/next@15.5.18_@babel+core@7.29.7_react-dom@19.2.6_react@19.2.6__react@19.2.6/node_modules/next/dist/client/dev/hot-reloader/app/hot-reloader-app.js:196
[    7973ms] [LOG] [Fast Refresh] done in 31ms @ webpack-internal:///(app-pages-browser)/../../node_modules/.pnpm/next@15.5.18_@babel+core@7.29.7_react-dom@19.2.6_react@19.2.6__react@19.2.6/node_modules/next/dist/client/dev/report-hmr-latency.js:13
[    8036ms] [WARNING] ./features/agents/Screen.tsx
Attempted import error: 'AGENT_CATEGORIES' is not exported from '../../state/config' (imported as 'AGENT_CATEGORIES').

Import trace for requested module:
./features/agents/Screen.tsx @ webpack-internal:///(app-pages-browser)/../../node_modules/.pnpm/next@15.5.18_@babel+core@7.29.7_react-dom@19.2.6_react@19.2.6__react@19.2.6/node_modules/next/dist/client/dev/hot-reloader/app/hot-reloader-app.js:241
[    8036ms] [WARNING] ./features/agents/Screen.tsx
Attempted import error: 'AGENT_CATEGORY_GLYPH' is not exported from '../../state/config' (imported as 'AGENT_CATEGORY_GLYPH').

Import trace for requested module:
./features/agents/Screen.tsx @ webpack-internal:///(app-pages-browser)/../../node_modules/.pnpm/next@15.5.18_@babel+core@7.29.7_react-dom@19.2.6_react@19.2.6__react@19.2.6/node_modules/next/dist/client/dev/hot-reloader/app/hot-reloader-app.js:241
[    8040ms] [LOG] [Fast Refresh] rebuilding @ webpack-internal:///(app-pages-browser)/../../node_modules/.pnpm/next@15.5.18_@babel+core@7.29.7_react-dom@19.2.6_react@19.2.6__react@19.2.6/node_modules/next/dist/client/dev/hot-reloader/app/hot-reloader-app.js:196
[    8066ms] [LOG] [Fast Refresh] done in 26ms @ webpack-internal:///(app-pages-browser)/../../node_modules/.pnpm/next@15.5.18_@babel+core@7.29.7_react-dom@19.2.6_react@19.2.6__react@19.2.6/node_modules/next/dist/client/dev/report-hmr-latency.js:13
[    8125ms] [WARNING] ./features/agents/Screen.tsx
Attempted import error: 'AGENT_CATEGORIES' is not exported from '../../state/config' (imported as 'AGENT_CATEGORIES').

Import trace for requested module:
./features/agents/Screen.tsx @ webpack-internal:///(app-pages-browser)/../../node_modules/.pnpm/next@15.5.18_@babel+core@7.29.7_react-dom@19.2.6_react@19.2.6__react@19.2.6/node_modules/next/dist/client/dev/hot-reloader/app/hot-reloader-app.js:241
[    8125ms] [WARNING] ./features/agents/Screen.tsx
Attempted import error: 'AGENT_CATEGORY_GLYPH' is not exported from '../../state/config' (imported as 'AGENT_CATEGORY_GLYPH').

Import trace for requested module:
./features/agents/Screen.tsx @ webpack-internal:///(app-pages-browser)/../../node_modules/.pnpm/next@15.5.18_@babel+core@7.29.7_react-dom@19.2.6_react@19.2.6__react@19.2.6/node_modules/next/dist/client/dev/hot-reloader/app/hot-reloader-app.js:241
[    8128ms] [LOG] [Fast Refresh] rebuilding @ webpack-internal:///(app-pages-browser)/../../node_modules/.pnpm/next@15.5.18_@babel+core@7.29.7_react-dom@19.2.6_react@19.2.6__react@19.2.6/node_modules/next/dist/client/dev/hot-reloader/app/hot-reloader-app.js:196
[    8155ms] [LOG] [Fast Refresh] done in 27ms @ webpack-internal:///(app-pages-browser)/../../node_modules/.pnpm/next@15.5.18_@babel+core@7.29.7_react-dom@19.2.6_react@19.2.6__react@19.2.6/node_modules/next/dist/client/dev/report-hmr-latency.js:13
[    8210ms] [WARNING] ./features/agents/Screen.tsx
Attempted import error: 'AGENT_CATEGORIES' is not exported from '../../state/config' (imported as 'AGENT_CATEGORIES').

Import trace for requested module:
./features/agents/Screen.tsx @ webpack-internal:///(app-pages-browser)/../../node_modules/.pnpm/next@15.5.18_@babel+core@7.29.7_react-dom@19.2.6_react@19.2.6__react@19.2.6/node_modules/next/dist/client/dev/hot-reloader/app/hot-reloader-app.js:241
[    8210ms] [WARNING] ./features/agents/Screen.tsx
Attempted import error: 'AGENT_CATEGORY_GLYPH' is not exported from '../../state/config' (imported as 'AGENT_CATEGORY_GLYPH').

Import trace for requested module:
./features/agents/Screen.tsx @ webpack-internal:///(app-pages-browser)/../../node_modules/.pnpm/next@15.5.18_@babel+core@7.29.7_react-dom@19.2.6_react@19.2.6__react@19.2.6/node_modules/next/dist/client/dev/hot-reloader/app/hot-reloader-app.js:241
[    8213ms] [LOG] [Fast Refresh] rebuilding @ webpack-internal:///(app-pages-browser)/../../node_modules/.pnpm/next@15.5.18_@babel+core@7.29.7_react-dom@19.2.6_react@19.2.6__react@19.2.6/node_modules/next/dist/client/dev/hot-reloader/app/hot-reloader-app.js:196
[    8237ms] [LOG] [Fast Refresh] done in 24ms @ webpack-internal:///(app-pages-browser)/../../node_modules/.pnpm/next@15.5.18_@babel+core@7.29.7_react-dom@19.2.6_react@19.2.6__react@19.2.6/node_modules/next/dist/client/dev/report-hmr-latency.js:13
[    8293ms] [WARNING] ./features/agents/Screen.tsx
Attempted import error: 'AGENT_CATEGORIES' is not exported from '../../state/config' (imported as 'AGENT_CATEGORIES').

Import trace for requested module:
./features/agents/Screen.tsx @ webpack-internal:///(app-pages-browser)/../../node_modules/.pnpm/next@15.5.18_@babel+core@7.29.7_react-dom@19.2.6_react@19.2.6__react@19.2.6/node_modules/next/dist/client/dev/hot-reloader/app/hot-reloader-app.js:241
[    8293ms] [WARNING] ./features/agents/Screen.tsx
Attempted import error: 'AGENT_CATEGORY_GLYPH' is not exported from '../../state/config' (imported as 'AGENT_CATEGORY_GLYPH').

Import trace for requested module:
./features/agents/Screen.tsx @ webpack-internal:///(app-pages-browser)/../../node_modules/.pnpm/next@15.5.18_@babel+core@7.29.7_react-dom@19.2.6_react@19.2.6__react@19.2.6/node_modules/next/dist/client/dev/hot-reloader/app/hot-reloader-app.js:241
[    8298ms] [LOG] [Fast Refresh] rebuilding @ webpack-internal:///(app-pages-browser)/../../node_modules/.pnpm/next@15.5.18_@babel+core@7.29.7_react-dom@19.2.6_react@19.2.6__react@19.2.6/node_modules/next/dist/client/dev/hot-reloader/app/hot-reloader-app.js:196
[    8333ms] [LOG] [Fast Refresh] done in 34ms @ webpack-internal:///(app-pages-browser)/../../node_modules/.pnpm/next@15.5.18_@babel+core@7.29.7_react-dom@19.2.6_react@19.2.6__react@19.2.6/node_modules/next/dist/client/dev/report-hmr-latency.js:13
[    8414ms] [WARNING] ./features/agents/Screen.tsx
Attempted import error: 'AGENT_CATEGORIES' is not exported from '../../state/config' (imported as 'AGENT_CATEGORIES').

Import trace for requested module:
./features/agents/Screen.tsx @ webpack-internal:///(app-pages-browser)/../../node_modules/.pnpm/next@15.5.18_@babel+core@7.29.7_react-dom@19.2.6_react@19.2.6__react@19.2.6/node_modules/next/dist/client/dev/hot-reloader/app/hot-reloader-app.js:241
[    8414ms] [WARNING] ./features/agents/Screen.tsx
Attempted import error: 'AGENT_CATEGORY_GLYPH' is not exported from '../../state/config' (imported as 'AGENT_CATEGORY_GLYPH').

Import trace for requested module:
./features/agents/Screen.tsx @ webpack-internal:///(app-pages-browser)/../../node_modules/.pnpm/next@15.5.18_@babel+core@7.29.7_react-dom@19.2.6_react@19.2.6__react@19.2.6/node_modules/next/dist/client/dev/hot-reloader/app/hot-reloader-app.js:241
[    8417ms] [LOG] [Fast Refresh] rebuilding @ webpack-internal:///(app-pages-browser)/../../node_modules/.pnpm/next@15.5.18_@babel+core@7.29.7_react-dom@19.2.6_react@19.2.6__react@19.2.6/node_modules/next/dist/client/dev/hot-reloader/app/hot-reloader-app.js:196
[    8446ms] [LOG] [Fast Refresh] done in 28ms @ webpack-internal:///(app-pages-browser)/../../node_modules/.pnpm/next@15.5.18_@babel+core@7.29.7_react-dom@19.2.6_react@19.2.6__react@19.2.6/node_modules/next/dist/client/dev/report-hmr-latency.js:13
[    8497ms] [WARNING] ./features/agents/Screen.tsx
Attempted import error: 'AGENT_CATEGORIES' is not exported from '../../state/config' (imported as 'AGENT_CATEGORIES').

Import trace for requested module:
./features/agents/Screen.tsx @ webpack-internal:///(app-pages-browser)/../../node_modules/.pnpm/next@15.5.18_@babel+core@7.29.7_react-dom@19.2.6_react@19.2.6__react@19.2.6/node_modules/next/dist/client/dev/hot-reloader/app/hot-reloader-app.js:241
[    8497ms] [WARNING] ./features/agents/Screen.tsx
Attempted import error: 'AGENT_CATEGORY_GLYPH' is not exported from '../../state/config' (imported as 'AGENT_CATEGORY_GLYPH').

Import trace for requested module:
./features/agents/Screen.tsx @ webpack-internal:///(app-pages-browser)/../../node_modules/.pnpm/next@15.5.18_@babel+core@7.29.7_react-dom@19.2.6_react@19.2.6__react@19.2.6/node_modules/next/dist/client/dev/hot-reloader/app/hot-reloader-app.js:241
[    8501ms] [LOG] [Fast Refresh] rebuilding @ webpack-internal:///(app-pages-browser)/../../node_modules/.pnpm/next@15.5.18_@babel+core@7.29.7_react-dom@19.2.6_react@19.2.6__react@19.2.6/node_modules/next/dist/client/dev/hot-reloader/app/hot-reloader-app.js:196
[    8526ms] [LOG] [Fast Refresh] done in 25ms @ webpack-internal:///(app-pages-browser)/../../node_modules/.pnpm/next@15.5.18_@babel+core@7.29.7_react-dom@19.2.6_react@19.2.6__react@19.2.6/node_modules/next/dist/client/dev/report-hmr-latency.js:13
[    8582ms] [WARNING] ./features/agents/Screen.tsx
Attempted import error: 'AGENT_CATEGORIES' is not exported from '../../state/config' (imported as 'AGENT_CATEGORIES').

Import trace for requested module:
./features/agents/Screen.tsx @ webpack-internal:///(app-pages-browser)/../../node_modules/.pnpm/next@15.5.18_@babel+core@7.29.7_react-dom@19.2.6_react@19.2.6__react@19.2.6/node_modules/next/dist/client/dev/hot-reloader/app/hot-reloader-app.js:241
[    8582ms] [WARNING] ./features/agents/Screen.tsx
Attempted import error: 'AGENT_CATEGORY_GLYPH' is not exported from '../../state/config' (imported as 'AGENT_CATEGORY_GLYPH').

Import trace for requested module:
./features/agents/Screen.tsx @ webpack-internal:///(app-pages-browser)/../../node_modules/.pnpm/next@15.5.18_@babel+core@7.29.7_react-dom@19.2.6_react@19.2.6__react@19.2.6/node_modules/next/dist/client/dev/hot-reloader/app/hot-reloader-app.js:241
[    8585ms] [LOG] [Fast Refresh] rebuilding @ webpack-internal:///(app-pages-browser)/../../node_modules/.pnpm/next@15.5.18_@babel+core@7.29.7_react-dom@19.2.6_react@19.2.6__react@19.2.6/node_modules/next/dist/client/dev/hot-reloader/app/hot-reloader-app.js:196
[    8608ms] [LOG] [Fast Refresh] done in 22ms @ webpack-internal:///(app-pages-browser)/../../node_modules/.pnpm/next@15.5.18_@babel+core@7.29.7_react-dom@19.2.6_react@19.2.6__react@19.2.6/node_modules/next/dist/client/dev/report-hmr-latency.js:13
[    8674ms] [WARNING] ./features/agents/Screen.tsx
Attempted import error: 'AGENT_CATEGORIES' is not exported from '../../state/config' (imported as 'AGENT_CATEGORIES').

Import trace for requested module:
./features/agents/Screen.tsx @ webpack-internal:///(app-pages-browser)/../../node_modules/.pnpm/next@15.5.18_@babel+core@7.29.7_react-dom@19.2.6_react@19.2.6__react@19.2.6/node_modules/next/dist/client/dev/hot-reloader/app/hot-reloader-app.js:241
[    8674ms] [WARNING] ./features/agents/Screen.tsx
Attempted import error: 'AGENT_CATEGORY_GLYPH' is not exported from '../../state/config' (imported as 'AGENT_CATEGORY_GLYPH').

Import trace for requested module:
./features/agents/Screen.tsx @ webpack-internal:///(app-pages-browser)/../../node_modules/.pnpm/next@15.5.18_@babel+core@7.29.7_react-dom@19.2.6_react@19.2.6__react@19.2.6/node_modules/next/dist/client/dev/hot-reloader/app/hot-reloader-app.js:241
[    8677ms] [LOG] [Fast Refresh] rebuilding @ webpack-internal:///(app-pages-browser)/../../node_modules/.pnpm/next@15.5.18_@babel+core@7.29.7_react-dom@19.2.6_react@19.2.6__react@19.2.6/node_modules/next/dist/client/dev/hot-reloader/app/hot-reloader-app.js:196
[    8705ms] [LOG] [Fast Refresh] done in 27ms @ webpack-internal:///(app-pages-browser)/../../node_modules/.pnpm/next@15.5.18_@babel+core@7.29.7_react-dom@19.2.6_react@19.2.6__react@19.2.6/node_modules/next/dist/client/dev/report-hmr-latency.js:13
[    8758ms] [WARNING] ./features/agents/Screen.tsx
Attempted import error: 'AGENT_CATEGORIES' is not exported from '../../state/config' (imported as 'AGENT_CATEGORIES').

Import trace for requested module:
./features/agents/Screen.tsx @ webpack-internal:///(app-pages-browser)/../../node_modules/.pnpm/next@15.5.18_@babel+core@7.29.7_react-dom@19.2.6_react@19.2.6__react@19.2.6/node_modules/next/dist/client/dev/hot-reloader/app/hot-reloader-app.js:241
[    8758ms] [WARNING] ./features/agents/Screen.tsx
Attempted import error: 'AGENT_CATEGORY_GLYPH' is not exported from '../../state/config' (imported as 'AGENT_CATEGORY_GLYPH').

Import trace for requested module:
./features/agents/Screen.tsx @ webpack-internal:///(app-pages-browser)/../../node_modules/.pnpm/next@15.5.18_@babel+core@7.29.7_react-dom@19.2.6_react@19.2.6__react@19.2.6/node_modules/next/dist/client/dev/hot-reloader/app/hot-reloader-app.js:241
[    8762ms] [LOG] [Fast Refresh] rebuilding @ webpack-internal:///(app-pages-browser)/../../node_modules/.pnpm/next@15.5.18_@babel+core@7.29.7_react-dom@19.2.6_react@19.2.6__react@19.2.6/node_modules/next/dist/client/dev/hot-reloader/app/hot-reloader-app.js:196
[    8784ms] [LOG] [Fast Refresh] done in 23ms @ webpack-internal:///(app-pages-browser)/../../node_modules/.pnpm/next@15.5.18_@babel+core@7.29.7_react-dom@19.2.6_react@19.2.6__react@19.2.6/node_modules/next/dist/client/dev/report-hmr-latency.js:13
[    8841ms] [WARNING] ./features/agents/Screen.tsx
Attempted import error: 'AGENT_CATEGORIES' is not exported from '../../state/config' (imported as 'AGENT_CATEGORIES').

Import trace for requested module:
./features/agents/Screen.tsx @ webpack-internal:///(app-pages-browser)/../../node_modules/.pnpm/next@15.5.18_@babel+core@7.29.7_react-dom@19.2.6_react@19.2.6__react@19.2.6/node_modules/next/dist/client/dev/hot-reloader/app/hot-reloader-app.js:241
[    8841ms] [WARNING] ./features/agents/Screen.tsx
Attempted import error: 'AGENT_CATEGORY_GLYPH' is not exported from '../../state/config' (imported as 'AGENT_CATEGORY_GLYPH').

Import trace for requested module:
./features/agents/Screen.tsx @ webpack-internal:///(app-pages-browser)/../../node_modules/.pnpm/next@15.5.18_@babel+core@7.29.7_react-dom@19.2.6_react@19.2.6__react@19.2.6/node_modules/next/dist/client/dev/hot-reloader/app/hot-reloader-app.js:241
[    8844ms] [LOG] [Fast Refresh] rebuilding @ webpack-internal:///(app-pages-browser)/../../node_modules/.pnpm/next@15.5.18_@babel+core@7.29.7_react-dom@19.2.6_react@19.2.6__react@19.2.6/node_modules/next/dist/client/dev/hot-reloader/app/hot-reloader-app.js:196
[    8870ms] [LOG] [Fast Refresh] done in 25ms @ webpack-internal:///(app-pages-browser)/../../node_modules/.pnpm/next@15.5.18_@babel+core@7.29.7_react-dom@19.2.6_react@19.2.6__react@19.2.6/node_modules/next/dist/client/dev/report-hmr-latency.js:13
[    8931ms] [WARNING] ./features/agents/Screen.tsx
Attempted import error: 'AGENT_CATEGORIES' is not exported from '../../state/config' (imported as 'AGENT_CATEGORIES').

Import trace for requested module:
./features/agents/Screen.tsx @ webpack-internal:///(app-pages-browser)/../../node_modules/.pnpm/next@15.5.18_@babel+core@7.29.7_react-dom@19.2.6_react@19.2.6__react@19.2.6/node_modules/next/dist/client/dev/hot-reloader/app/hot-reloader-app.js:241
[    8931ms] [WARNING] ./features/agents/Screen.tsx
Attempted import error: 'AGENT_CATEGORY_GLYPH' is not exported from '../../state/config' (imported as 'AGENT_CATEGORY_GLYPH').

Import trace for requested module:
./features/agents/Screen.tsx @ webpack-internal:///(app-pages-browser)/../../node_modules/.pnpm/next@15.5.18_@babel+core@7.29.7_react-dom@19.2.6_react@19.2.6__react@19.2.6/node_modules/next/dist/client/dev/hot-reloader/app/hot-reloader-app.js:241
[    8934ms] [LOG] [Fast Refresh] rebuilding @ webpack-internal:///(app-pages-browser)/../../node_modules/.pnpm/next@15.5.18_@babel+core@7.29.7_react-dom@19.2.6_react@19.2.6__react@19.2.6/node_modules/next/dist/client/dev/hot-reloader/app/hot-reloader-app.js:196
[    8958ms] [LOG] [Fast Refresh] done in 24ms @ webpack-internal:///(app-pages-browser)/../../node_modules/.pnpm/next@15.5.18_@babel+core@7.29.7_react-dom@19.2.6_react@19.2.6__react@19.2.6/node_modules/next/dist/client/dev/report-hmr-latency.js:13
[    9024ms] [WARNING] ./features/agents/Screen.tsx
Attempted import error: 'AGENT_CATEGORIES' is not exported from '../../state/config' (imported as 'AGENT_CATEGORIES').

Import trace for requested module:
./features/agents/Screen.tsx @ webpack-internal:///(app-pages-browser)/../../node_modules/.pnpm/next@15.5.18_@babel+core@7.29.7_react-dom@19.2.6_react@19.2.6__react@19.2.6/node_modules/next/dist/client/dev/hot-reloader/app/hot-reloader-app.js:241
[    9024ms] [WARNING] ./features/agents/Screen.tsx
Attempted import error: 'AGENT_CATEGORY_GLYPH' is not exported from '../../state/config' (imported as 'AGENT_CATEGORY_GLYPH').

Import trace for requested module:
./features/agents/Screen.tsx @ webpack-internal:///(app-pages-browser)/../../node_modules/.pnpm/next@15.5.18_@babel+core@7.29.7_react-dom@19.2.6_react@19.2.6__react@19.2.6/node_modules/next/dist/client/dev/hot-reloader/app/hot-reloader-app.js:241
[    9028ms] [LOG] [Fast Refresh] rebuilding @ webpack-internal:///(app-pages-browser)/../../node_modules/.pnpm/next@15.5.18_@babel+core@7.29.7_react-dom@19.2.6_react@19.2.6__react@19.2.6/node_modules/next/dist/client/dev/hot-reloader/app/hot-reloader-app.js:196
[    9053ms] [LOG] [Fast Refresh] done in 25ms @ webpack-internal:///(app-pages-browser)/../../node_modules/.pnpm/next@15.5.18_@babel+core@7.29.7_react-dom@19.2.6_react@19.2.6__react@19.2.6/node_modules/next/dist/client/dev/report-hmr-latency.js:13
[    9118ms] [WARNING] ./features/agents/Screen.tsx
Attempted import error: 'AGENT_CATEGORIES' is not exported from '../../state/config' (imported as 'AGENT_CATEGORIES').

Import trace for requested module:
./features/agents/Screen.tsx @ webpack-internal:///(app-pages-browser)/../../node_modules/.pnpm/next@15.5.18_@babel+core@7.29.7_react-dom@19.2.6_react@19.2.6__react@19.2.6/node_modules/next/dist/client/dev/hot-reloader/app/hot-reloader-app.js:241
[    9118ms] [WARNING] ./features/agents/Screen.tsx
Attempted import error: 'AGENT_CATEGORY_GLYPH' is not exported from '../../state/config' (imported as 'AGENT_CATEGORY_GLYPH').

Import trace for requested module:
./features/agents/Screen.tsx @ webpack-internal:///(app-pages-browser)/../../node_modules/.pnpm/next@15.5.18_@babel+core@7.29.7_react-dom@19.2.6_react@19.2.6__react@19.2.6/node_modules/next/dist/client/dev/hot-reloader/app/hot-reloader-app.js:241
[    9121ms] [LOG] [Fast Refresh] rebuilding @ webpack-internal:///(app-pages-browser)/../../node_modules/.pnpm/next@15.5.18_@babel+core@7.29.7_react-dom@19.2.6_react@19.2.6__react@19.2.6/node_modules/next/dist/client/dev/hot-reloader/app/hot-reloader-app.js:196
[    9159ms] [LOG] [Fast Refresh] done in 37ms @ webpack-internal:///(app-pages-browser)/../../node_modules/.pnpm/next@15.5.18_@babel+core@7.29.7_react-dom@19.2.6_react@19.2.6__react@19.2.6/node_modules/next/dist/client/dev/report-hmr-latency.js:13
[    9237ms] [WARNING] ./features/agents/Screen.tsx
Attempted import error: 'AGENT_CATEGORIES' is not exported from '../../state/config' (imported as 'AGENT_CATEGORIES').

Import trace for requested module:
./features/agents/Screen.tsx @ webpack-internal:///(app-pages-browser)/../../node_modules/.pnpm/next@15.5.18_@babel+core@7.29.7_react-dom@19.2.6_react@19.2.6__react@19.2.6/node_modules/next/dist/client/dev/hot-reloader/app/hot-reloader-app.js:241
[    9237ms] [WARNING] ./features/agents/Screen.tsx
Attempted import error: 'AGENT_CATEGORY_GLYPH' is not exported from '../../state/config' (imported as 'AGENT_CATEGORY_GLYPH').

Import trace for requested module:
./features/agents/Screen.tsx @ webpack-internal:///(app-pages-browser)/../../node_modules/.pnpm/next@15.5.18_@babel+core@7.29.7_react-dom@19.2.6_react@19.2.6__react@19.2.6/node_modules/next/dist/client/dev/hot-reloader/app/hot-reloader-app.js:241
[    9241ms] [LOG] [Fast Refresh] rebuilding @ webpack-internal:///(app-pages-browser)/../../node_modules/.pnpm/next@15.5.18_@babel+core@7.29.7_react-dom@19.2.6_react@19.2.6__react@19.2.6/node_modules/next/dist/client/dev/hot-reloader/app/hot-reloader-app.js:196
[    9275ms] [LOG] [Fast Refresh] done in 34ms @ webpack-internal:///(app-pages-browser)/../../node_modules/.pnpm/next@15.5.18_@babel+core@7.29.7_react-dom@19.2.6_react@19.2.6__react@19.2.6/node_modules/next/dist/client/dev/report-hmr-latency.js:13
[    9336ms] [WARNING] ./features/agents/Screen.tsx
Attempted import error: 'AGENT_CATEGORIES' is not exported from '../../state/config' (imported as 'AGENT_CATEGORIES').

Import trace for requested module:
./features/agents/Screen.tsx @ webpack-internal:///(app-pages-browser)/../../node_modules/.pnpm/next@15.5.18_@babel+core@7.29.7_react-dom@19.2.6_react@19.2.6__react@19.2.6/node_modules/next/dist/client/dev/hot-reloader/app/hot-reloader-app.js:241
[    9336ms] [WARNING] ./features/agents/Screen.tsx
Attempted import error: 'AGENT_CATEGORY_GLYPH' is not exported from '../../state/config' (imported as 'AGENT_CATEGORY_GLYPH').

Import trace for requested module:
./features/agents/Screen.tsx @ webpack-internal:///(app-pages-browser)/../../node_modules/.pnpm/next@15.5.18_@babel+core@7.29.7_react-dom@19.2.6_react@19.2.6__react@19.2.6/node_modules/next/dist/client/dev/hot-reloader/app/hot-reloader-app.js:241
[    9340ms] [LOG] [Fast Refresh] rebuilding @ webpack-internal:///(app-pages-browser)/../../node_modules/.pnpm/next@15.5.18_@babel+core@7.29.7_react-dom@19.2.6_react@19.2.6__react@19.2.6/node_modules/next/dist/client/dev/hot-reloader/app/hot-reloader-app.js:196
[    9389ms] [LOG] [Fast Refresh] done in 49ms @ webpack-internal:///(app-pages-browser)/../../node_modules/.pnpm/next@15.5.18_@babel+core@7.29.7_react-dom@19.2.6_react@19.2.6__react@19.2.6/node_modules/next/dist/client/dev/report-hmr-latency.js:13
[    9489ms] [WARNING] ./features/agents/Screen.tsx
Attempted import error: 'AGENT_CATEGORIES' is not exported from '../../state/config' (imported as 'AGENT_CATEGORIES').

Import trace for requested module:
./features/agents/Screen.tsx @ webpack-internal:///(app-pages-browser)/../../node_modules/.pnpm/next@15.5.18_@babel+core@7.29.7_react-dom@19.2.6_react@19.2.6__react@19.2.6/node_modules/next/dist/client/dev/hot-reloader/app/hot-reloader-app.js:241
[    9489ms] [WARNING] ./features/agents/Screen.tsx
Attempted import error: 'AGENT_CATEGORY_GLYPH' is not exported from '../../state/config' (imported as 'AGENT_CATEGORY_GLYPH').

Import trace for requested module:
./features/agents/Screen.tsx @ webpack-internal:///(app-pages-browser)/../../node_modules/.pnpm/next@15.5.18_@babel+core@7.29.7_react-dom@19.2.6_react@19.2.6__react@19.2.6/node_modules/next/dist/client/dev/hot-reloader/app/hot-reloader-app.js:241
[    9493ms] [LOG] [Fast Refresh] rebuilding @ webpack-internal:///(app-pages-browser)/../../node_modules/.pnpm/next@15.5.18_@babel+core@7.29.7_react-dom@19.2.6_react@19.2.6__react@19.2.6/node_modules/next/dist/client/dev/hot-reloader/app/hot-reloader-app.js:196
[    9517ms] [LOG] [Fast Refresh] done in 23ms @ webpack-internal:///(app-pages-browser)/../../node_modules/.pnpm/next@15.5.18_@babel+core@7.29.7_react-dom@19.2.6_react@19.2.6__react@19.2.6/node_modules/next/dist/client/dev/report-hmr-latency.js:13
[    9570ms] [WARNING] ./features/agents/Screen.tsx
Attempted import error: 'AGENT_CATEGORIES' is not exported from '../../state/config' (imported as 'AGENT_CATEGORIES').

Import trace for requested module:
./features/agents/Screen.tsx @ webpack-internal:///(app-pages-browser)/../../node_modules/.pnpm/next@15.5.18_@babel+core@7.29.7_react-dom@19.2.6_react@19.2.6__react@19.2.6/node_modules/next/dist/client/dev/hot-reloader/app/hot-reloader-app.js:241
[    9570ms] [WARNING] ./features/agents/Screen.tsx
Attempted import error: 'AGENT_CATEGORY_GLYPH' is not exported from '../../state/config' (imported as 'AGENT_CATEGORY_GLYPH').

Import trace for requested module:
./features/agents/Screen.tsx @ webpack-internal:///(app-pages-browser)/../../node_modules/.pnpm/next@15.5.18_@babel+core@7.29.7_react-dom@19.2.6_react@19.2.6__react@19.2.6/node_modules/next/dist/client/dev/hot-reloader/app/hot-reloader-app.js:241
[    9573ms] [LOG] [Fast Refresh] rebuilding @ webpack-internal:///(app-pages-browser)/../../node_modules/.pnpm/next@15.5.18_@babel+core@7.29.7_react-dom@19.2.6_react@19.2.6__react@19.2.6/node_modules/next/dist/client/dev/hot-reloader/app/hot-reloader-app.js:196
[    9600ms] [LOG] [Fast Refresh] done in 27ms @ webpack-internal:///(app-pages-browser)/../../node_modules/.pnpm/next@15.5.18_@babel+core@7.29.7_react-dom@19.2.6_react@19.2.6__react@19.2.6/node_modules/next/dist/client/dev/report-hmr-latency.js:13
[    9655ms] [WARNING] ./features/agents/Screen.tsx
Attempted import error: 'AGENT_CATEGORIES' is not exported from '../../state/config' (imported as 'AGENT_CATEGORIES').

Import trace for requested module:
./features/agents/Screen.tsx @ webpack-internal:///(app-pages-browser)/../../node_modules/.pnpm/next@15.5.18_@babel+core@7.29.7_react-dom@19.2.6_react@19.2.6__react@19.2.6/node_modules/next/dist/client/dev/hot-reloader/app/hot-reloader-app.js:241
[    9655ms] [WARNING] ./features/agents/Screen.tsx
Attempted import error: 'AGENT_CATEGORY_GLYPH' is not exported from '../../state/config' (imported as 'AGENT_CATEGORY_GLYPH').

Import trace for requested module:
./features/agents/Screen.tsx @ webpack-internal:///(app-pages-browser)/../../node_modules/.pnpm/next@15.5.18_@babel+core@7.29.7_react-dom@19.2.6_react@19.2.6__react@19.2.6/node_modules/next/dist/client/dev/hot-reloader/app/hot-reloader-app.js:241
[    9659ms] [LOG] [Fast Refresh] rebuilding @ webpack-internal:///(app-pages-browser)/../../node_modules/.pnpm/next@15.5.18_@babel+core@7.29.7_react-dom@19.2.6_react@19.2.6__react@19.2.6/node_modules/next/dist/client/dev/hot-reloader/app/hot-reloader-app.js:196
[    9681ms] [LOG] [Fast Refresh] done in 22ms @ webpack-internal:///(app-pages-browser)/../../node_modules/.pnpm/next@15.5.18_@babel+core@7.29.7_react-dom@19.2.6_react@19.2.6__react@19.2.6/node_modules/next/dist/client/dev/report-hmr-latency.js:13
[    9737ms] [WARNING] ./features/agents/Screen.tsx
Attempted import error: 'AGENT_CATEGORIES' is not exported from '../../state/config' (imported as 'AGENT_CATEGORIES').

Import trace for requested module:
./features/agents/Screen.tsx @ webpack-internal:///(app-pages-browser)/../../node_modules/.pnpm/next@15.5.18_@babel+core@7.29.7_react-dom@19.2.6_react@19.2.6__react@19.2.6/node_modules/next/dist/client/dev/hot-reloader/app/hot-reloader-app.js:241
[    9737ms] [WARNING] ./features/agents/Screen.tsx
Attempted import error: 'AGENT_CATEGORY_GLYPH' is not exported from '../../state/config' (imported as 'AGENT_CATEGORY_GLYPH').

Import trace for requested module:
./features/agents/Screen.tsx @ webpack-internal:///(app-pages-browser)/../../node_modules/.pnpm/next@15.5.18_@babel+core@7.29.7_react-dom@19.2.6_react@19.2.6__react@19.2.6/node_modules/next/dist/client/dev/hot-reloader/app/hot-reloader-app.js:241
[    9740ms] [LOG] [Fast Refresh] rebuilding @ webpack-internal:///(app-pages-browser)/../../node_modules/.pnpm/next@15.5.18_@babel+core@7.29.7_react-dom@19.2.6_react@19.2.6__react@19.2.6/node_modules/next/dist/client/dev/hot-reloader/app/hot-reloader-app.js:196
[    9760ms] [LOG] [Fast Refresh] done in 20ms @ webpack-internal:///(app-pages-browser)/../../node_modules/.pnpm/next@15.5.18_@babel+core@7.29.7_react-dom@19.2.6_react@19.2.6__react@19.2.6/node_modules/next/dist/client/dev/report-hmr-latency.js:13
[    9822ms] [WARNING] ./features/agents/Screen.tsx
Attempted import error: 'AGENT_CATEGORIES' is not exported from '../../state/config' (imported as 'AGENT_CATEGORIES').

Import trace for requested module:
./features/agents/Screen.tsx @ webpack-internal:///(app-pages-browser)/../../node_modules/.pnpm/next@15.5.18_@babel+core@7.29.7_react-dom@19.2.6_react@19.2.6__react@19.2.6/node_modules/next/dist/client/dev/hot-reloader/app/hot-reloader-app.js:241
[    9822ms] [WARNING] ./features/agents/Screen.tsx
Attempted import error: 'AGENT_CATEGORY_GLYPH' is not exported from '../../state/config' (imported as 'AGENT_CATEGORY_GLYPH').

Import trace for requested module:
./features/agents/Screen.tsx @ webpack-internal:///(app-pages-browser)/../../node_modules/.pnpm/next@15.5.18_@babel+core@7.29.7_react-dom@19.2.6_react@19.2.6__react@19.2.6/node_modules/next/dist/client/dev/hot-reloader/app/hot-reloader-app.js:241
[    9825ms] [LOG] [Fast Refresh] rebuilding @ webpack-internal:///(app-pages-browser)/../../node_modules/.pnpm/next@15.5.18_@babel+core@7.29.7_react-dom@19.2.6_react@19.2.6__react@19.2.6/node_modules/next/dist/client/dev/hot-reloader/app/hot-reloader-app.js:196
[    9847ms] [LOG] [Fast Refresh] done in 22ms @ webpack-internal:///(app-pages-browser)/../../node_modules/.pnpm/next@15.5.18_@babel+core@7.29.7_react-dom@19.2.6_react@19.2.6__react@19.2.6/node_modules/next/dist/client/dev/report-hmr-latency.js:13
[    9898ms] [WARNING] ./features/agents/Screen.tsx
Attempted import error: 'AGENT_CATEGORIES' is not exported from '../../state/config' (imported as 'AGENT_CATEGORIES').

Import trace for requested module:
./features/agents/Screen.tsx @ webpack-internal:///(app-pages-browser)/../../node_modules/.pnpm/next@15.5.18_@babel+core@7.29.7_react-dom@19.2.6_react@19.2.6__react@19.2.6/node_modules/next/dist/client/dev/hot-reloader/app/hot-reloader-app.js:241
[    9898ms] [WARNING] ./features/agents/Screen.tsx
Attempted import error: 'AGENT_CATEGORY_GLYPH' is not exported from '../../state/config' (imported as 'AGENT_CATEGORY_GLYPH').

Import trace for requested module:
./features/agents/Screen.tsx @ webpack-internal:///(app-pages-browser)/../../node_modules/.pnpm/next@15.5.18_@babel+core@7.29.7_react-dom@19.2.6_react@19.2.6__react@19.2.6/node_modules/next/dist/client/dev/hot-reloader/app/hot-reloader-app.js:241
[    9902ms] [LOG] [Fast Refresh] rebuilding @ webpack-internal:///(app-pages-browser)/../../node_modules/.pnpm/next@15.5.18_@babel+core@7.29.7_react-dom@19.2.6_react@19.2.6__react@19.2.6/node_modules/next/dist/client/dev/hot-reloader/app/hot-reloader-app.js:196
[    9923ms] [LOG] [Fast Refresh] done in 22ms @ webpack-internal:///(app-pages-browser)/../../node_modules/.pnpm/next@15.5.18_@babel+core@7.29.7_react-dom@19.2.6_react@19.2.6__react@19.2.6/node_modules/next/dist/client/dev/report-hmr-latency.js:13
[    9974ms] [WARNING] ./features/agents/Screen.tsx
Attempted import error: 'AGENT_CATEGORIES' is not exported from '../../state/config' (imported as 'AGENT_CATEGORIES').

Import trace for requested module:
./features/agents/Screen.tsx @ webpack-internal:///(app-pages-browser)/../../node_modules/.pnpm/next@15.5.18_@babel+core@7.29.7_react-dom@19.2.6_react@19.2.6__react@19.2.6/node_modules/next/dist/client/dev/hot-reloader/app/hot-reloader-app.js:241
[    9974ms] [WARNING] ./features/agents/Screen.tsx
Attempted import error: 'AGENT_CATEGORY_GLYPH' is not exported from '../../state/config' (imported as 'AGENT_CATEGORY_GLYPH').

Import trace for requested module:
./features/agents/Screen.tsx @ webpack-internal:///(app-pages-browser)/../../node_modules/.pnpm/next@15.5.18_@babel+core@7.29.7_react-dom@19.2.6_react@19.2.6__react@19.2.6/node_modules/next/dist/client/dev/hot-reloader/app/hot-reloader-app.js:241
[    9978ms] [LOG] [Fast Refresh] rebuilding @ webpack-internal:///(app-pages-browser)/../../node_modules/.pnpm/next@15.5.18_@babel+core@7.29.7_react-dom@19.2.6_react@19.2.6__react@19.2.6/node_modules/next/dist/client/dev/hot-reloader/app/hot-reloader-app.js:196
[   10009ms] [LOG] [Fast Refresh] done in 31ms @ webpack-internal:///(app-pages-browser)/../../node_modules/.pnpm/next@15.5.18_@babel+core@7.29.7_react-dom@19.2.6_react@19.2.6__react@19.2.6/node_modules/next/dist/client/dev/report-hmr-latency.js:13
[   10057ms] [WARNING] ./features/agents/Screen.tsx
Attempted import error: 'AGENT_CATEGORIES' is not exported from '../../state/config' (imported as 'AGENT_CATEGORIES').

Import trace for requested module:
./features/agents/Screen.tsx @ webpack-internal:///(app-pages-browser)/../../node_modules/.pnpm/next@15.5.18_@babel+core@7.29.7_react-dom@19.2.6_react@19.2.6__react@19.2.6/node_modules/next/dist/client/dev/hot-reloader/app/hot-reloader-app.js:241
[   10057ms] [WARNING] ./features/agents/Screen.tsx
Attempted import error: 'AGENT_CATEGORY_GLYPH' is not exported from '../../state/config' (imported as 'AGENT_CATEGORY_GLYPH').

Import trace for requested module:
./features/agents/Screen.tsx @ webpack-internal:///(app-pages-browser)/../../node_modules/.pnpm/next@15.5.18_@babel+core@7.29.7_react-dom@19.2.6_react@19.2.6__react@19.2.6/node_modules/next/dist/client/dev/hot-reloader/app/hot-reloader-app.js:241
[   10060ms] [LOG] [Fast Refresh] rebuilding @ webpack-internal:///(app-pages-browser)/../../node_modules/.pnpm/next@15.5.18_@babel+core@7.29.7_react-dom@19.2.6_react@19.2.6__react@19.2.6/node_modules/next/dist/client/dev/hot-reloader/app/hot-reloader-app.js:196
[   10068ms] [LOG] [Fast Refresh] done in 8ms @ webpack-internal:///(app-pages-browser)/../../node_modules/.pnpm/next@15.5.18_@babel+core@7.29.7_react-dom@19.2.6_react@19.2.6__react@19.2.6/node_modules/next/dist/client/dev/report-hmr-latency.js:13
[   10137ms] [WARNING] ./features/agents/Screen.tsx
Attempted import error: 'AGENT_CATEGORIES' is not exported from '../../state/config' (imported as 'AGENT_CATEGORIES').

Import trace for requested module:
./features/agents/Screen.tsx @ webpack-internal:///(app-pages-browser)/../../node_modules/.pnpm/next@15.5.18_@babel+core@7.29.7_react-dom@19.2.6_react@19.2.6__react@19.2.6/node_modules/next/dist/client/dev/hot-reloader/app/hot-reloader-app.js:241
[   10137ms] [WARNING] ./features/agents/Screen.tsx
Attempted import error: 'AGENT_CATEGORY_GLYPH' is not exported from '../../state/config' (imported as 'AGENT_CATEGORY_GLYPH').

Import trace for requested module:
./features/agents/Screen.tsx @ webpack-internal:///(app-pages-browser)/../../node_modules/.pnpm/next@15.5.18_@babel+core@7.29.7_react-dom@19.2.6_react@19.2.6__react@19.2.6/node_modules/next/dist/client/dev/hot-reloader/app/hot-reloader-app.js:241
